{"type": "FeatureCollection", "features": [{"type": "Feature", "properties": {"country": "US"}, "geometry": {"type": "MultiPolygon", "coordinates": [[[[-95.1771, 48.9927], [-95.1685, 48.995], [-95.1619, 49.0011], [-95.1593, 49.0118], [-95.1606, 49.3695], [-95.1028, 49.3539], [-94.9825, 49.3562], [-94.9261, 49.3456], [-94.8562, 49.3183], [-94.8391, 49.3089], [-94.8273, 49.2929], [-94.8199, 49.252], [-94.8104, 49.2296], [-94.8061, 49.2109], [-94.8112, 49.1666], [-94.8037, 49.1464], [-94.792, 49.1265], [-94.7112, 48.9146], [-94.7133, 48.8238], [-94.7109, 48.8075], [-94.7018, 48.7901], [-94.6889, 48.7788], [-94.5929, 48.7264], [-94.5192, 48.7045], [-94.4795, 48.7007], [-94.3116, 48.7139], [-94.2926, 48.7119], [-94.2745, 48.7041], [-94.2585, 48.6908], [-94.2558, 48.6835], [-94.251, 48.6573], [-94.2321, 48.652], [-93.8749, 48.6362], [-93.8357, 48.6171], [-93.8094, 48.5436], [-93.7787, 48.5195], [-93.7568, 48.5165], [-93.6163, 48.5313], [-93.5999, 48.5263], [-93.5666, 48.5383], [-93.4918, 48.5423], [-93.4599, 48.5574], [-93.4523, 48.5727], [-93.4538, 48.587], [-93.4515, 48.5974], [-93.4173, 48.6041], [-93.3857, 48.6149], [-93.2577, 48.6303], [-92.9797, 48.6177], [-92.9556, 48.6122], [-92.8842, 48.5799], [-92.7255, 48.5487], [-92.6486, 48.5363], [-92.6302, 48.5195], [-92.6275, 48.5028], [-92.6467, 48.4974], [-92.6914, 48.4899], [-92.7106, 48.4829], [-92.7189, 48.4598], [-92.7041, 48.4452], [-92.6571, 48.4382], [-92.5705, 48.4467], [-92.5269, 48.4456], [-92.4906, 48.4331], [-92.4745, 48.4105], [-92.4676, 48.3943], [-92.4671, 48.3532], [-92.4625, 48.3293], [-92.4514, 48.3127], [-92.4182, 48.282], [-92.3846, 48.2324], [-92.3719, 48.2226], [-92.3538, 48.2229], [-92.3279, 48.2294], [-92.3037, 48.2393], [-92.291, 48.2496], [-92.2921, 48.2703], [-92.3014, 48.2906], [-92.3031, 48.3109], [-92.2816, 48.3318], [-92.2591, 48.3396], [-92.1547, 48.3501], [-92.0705, 48.3467], [-92.0434, 48.3346], [-92.0301, 48.3132], [-92.0214, 48.2874], [-92.008, 48.2625], [-91.9922, 48.2479], [-91.9755, 48.2366], [-91.9573, 48.2283], [-91.8522, 48.196], [-91.765, 48.1873], [-91.7441, 48.1796], [-91.7276, 48.1683], [-91.6955, 48.1376], [-91.7164, 48.1121], [-91.6925, 48.0979], [-91.6186, 48.0896], [-91.5975, 48.0904], [-91.5897, 48.0883], [-91.5811, 48.0809], [-91.5798, 48.071], [-91.5851, 48.0608], [-91.587, 48.0526], [-91.5748, 48.0482], [-91.4871, 48.0535], [-91.4647, 48.049], [-91.4463, 48.0407], [-91.4279, 48.0364], [-91.3654, 48.0578], [-91.2764, 48.0648], [-91.2381, 48.0826], [-91.204, 48.1077], [-91.0711, 48.1709], [-91.0282, 48.1848], [-91.0081, 48.1944], [-90.9232, 48.2271], [-90.8738, 48.2343], [-90.8407, 48.2201], [-90.8379, 48.2105], [-90.8488, 48.1987], [-90.8497, 48.1896], [-90.843, 48.177], [-90.8343, 48.1718], [-90.8239, 48.1683], [-90.8123, 48.161], [-90.8031, 48.1472], [-90.7967, 48.1171], [-90.7865, 48.1005], [-90.7503, 48.084], [-90.7013, 48.0846], [-90.6111, 48.1035], [-90.5868, 48.1048], [-90.5739, 48.0979], [-90.5622, 48.0888], [-90.542, 48.0837], [-90.5316, 48.0846], [-90.5019, 48.0943], [-90.4905, 48.0962], [-90.4706, 48.0899], [-90.1786, 48.1164], [-90.1204, 48.1154], [-90.0733, 48.1012], [-90.061, 48.091], [-90.0082, 48.0297], [-89.9953, 48.0186], [-89.9803, 48.0101], [-89.9204, 47.9875], [-89.9024, 47.9859], [-89.8035, 48.0138], [-89.781, 48.0172], [-89.7633, 48.0173], [-89.746, 48.0138], [-89.7246, 48.0059], [-89.7128, 48.0034], [-89.6787, 48.0087], [-89.6566, 48.008], [-89.5931, 47.9965], [-89.4618, 47.9945], [-89.3871, 47.9805], [-89.3636, 47.9796], [-89.3404, 47.9842], [-88.6427, 48.2566], [-88.4079, 48.3041], [-88.3765, 48.3051], [-88.3473, 48.2987], [-86.8466, 47.7087], [-86.0086, 47.3704], [-85.0087, 46.956], [-84.8787, 46.8979], [-84.8637, 46.8819], [-84.8542, 46.8612], [-84.7875, 46.6572], [-84.7733, 46.6334], [-84.5894, 46.4751], [-84.5666, 46.4612], [-84.5413, 46.4528], [-84.5123, 46.4516], [-84.4922, 46.4569], [-84.4783, 46.4665], [-84.4654, 46.4782], [-84.4481, 46.4897], [-84.4232, 46.5116], [-84.3897, 46.5203], [-84.3525, 46.5227], [-84.3053, 46.5016], [-84.242, 46.5265], [-84.1973, 46.5464], [-84.1477, 46.5413], [-84.1104, 46.5265], [-84.1588, 46.4333], [-84.1477, 46.3999], [-84.129, 46.375], [-84.1054, 46.3477], [-84.1191, 46.3142], [-84.0992, 46.2509], [-84.0992, 46.2372], [-84.0968, 46.2248], [-84.0868, 46.2012], [-84.0558, 46.1714], [-84.021, 46.1516], [-84.0142, 46.116], [-83.9958, 46.1012], [-83.9764, 46.0731], [-83.9646, 46.0632], [-83.9473, 46.0606], [-83.9307, 46.067], [-83.8727, 46.1079], [-83.8564, 46.1157], [-83.8393, 46.1192], [-83.8181, 46.1166], [-83.7665, 46.1065], [-83.6648, 46.1192], [-83.6139, 46.1156], [-83.5654, 46.0908], [-83.5088, 46.0474], [-83.492, 46.0371], [-83.4741, 46.0231], [-83.4628, 46.0078], [-83.4659, 45.9931], [-83.5562, 45.8697], [-83.6369, 45.7739], [-83.484, 45.7719], [-83.1993, 45.6416], [-82.5888, 45.3718], [-82.5483, 45.3346], [-82.5321, 45.2935], [-82.1476, 43.6113], [-82.1454, 43.6006], [-82.1457, 43.5764], [-82.1536, 43.5496], [-82.4111, 43.0513], [-82.4164, 43.0171], [-82.4146, 42.9832], [-82.4304, 42.9513], [-82.4532, 42.919], [-82.4648, 42.8836], [-82.468, 42.864], [-82.4823, 42.8351], [-82.4853, 42.8185], [-82.4736, 42.7982], [-82.471, 42.7906], [-82.4713, 42.7798], [-82.477, 42.7615], [-82.4834, 42.7193], [-82.5113, 42.6467], [-82.5262, 42.6199], [-82.5492, 42.5909], [-82.5758, 42.5718], [-82.6085, 42.5611], [-82.6443, 42.5578], [-82.6944, 42.5191], [-82.8001, 42.418], [-82.8328, 42.398], [-82.9435, 42.3555], [-83.0404, 42.3319], [-83.08, 42.3051], [-83.1098, 42.2723], [-83.1285, 42.24], [-83.1359, 42.2003], [-83.1396, 42.1159], [-83.1595, 42.0463], [-83.157, 42.0004], [-83.1234, 41.9203], [-83.0974, 41.8758], [-83.0684, 41.8477], [-82.7111, 41.6802], [-82.6669, 41.6691], [-82.4513, 41.6719], [-82.4249, 41.6768], [-81.2767, 42.2087], [-80.2466, 42.3655], [-79.0194, 42.8027], [-78.9631, 42.8401], [-78.919, 42.8892], [-78.9091, 42.9302], [-78.9153, 42.9476], [-78.9363, 42.96], [-78.96, 42.9662], [-78.9835, 42.9761], [-79.0084, 42.991], [-79.022, 43.0022], [-79.032, 43.0134], [-79.0282, 43.0345], [-79.022, 43.0494], [-79.0233, 43.0581], [-79.0308, 43.0668], [-79.0555, 43.0879], [-79.0629, 43.0965], [-79.0653, 43.1059], [-79.0657, 43.1202], [-79.0516, 43.1469], [-79.0486, 43.1706], [-79.0538, 43.2604], [-79.0584, 43.2778], [-79.0916, 43.3425], [-79.1743, 43.4645], [-78.7508, 43.6171], [-78.6881, 43.6318], [-76.8415, 43.6255], [-76.7972, 43.6453], [-76.4546, 44.0842], [-76.43, 44.1033], [-76.3501, 44.1517], [-76.3444, 44.1582], [-76.3371, 44.1737], [-76.3278, 44.1815], [-76.2066, 44.2174], [-76.1858, 44.2257], [-76.1693, 44.2424], [-76.1697, 44.2477], [-76.1781, 44.2721], [-76.1787, 44.2786], [-76.1498, 44.3045], [-76.0673, 44.348], [-75.8703, 44.4086], [-75.8557, 44.422], [-75.8309, 44.4643], [-75.7546, 44.5276], [-75.6997, 44.5817], [-75.2702, 44.8638], [-75.1296, 44.9252], [-75.0756, 44.9355], [-75.0587, 44.941], [-75.0149, 44.966], [-74.9986, 44.9724], [-74.9402, 44.9877], [-74.9037, 45.0052], [-74.8865, 45.0094], [-74.8685, 45.0101], [-74.7416, 44.9989], [-74.6959, 44.998], [-71.5041, 45.0137], [-71.5066, 45.037], [-71.5048, 45.053], [-71.4973, 45.0666], [-71.4566, 45.111], [-71.4512, 45.1217], [-71.4416, 45.1507], [-71.413, 45.1862], [-71.4066, 45.2049], [-71.4227, 45.2172], [-71.449, 45.2269], [-71.4388, 45.2335], [-71.3949, 45.2415], [-71.3812, 45.2508], [-71.3521, 45.2783], [-71.3343, 45.2887], [-71.3115, 45.2941], [-71.2934, 45.2923], [-71.2094, 45.2548], [-71.1851, 45.2486], [-71.1603, 45.2458], [-71.1417, 45.2523], [-71.111, 45.2871], [-71.0952, 45.3009], [-71.0856, 45.3042], [-71.0642, 45.3071], [-71.0544, 45.3104], [-71.0367, 45.3234], [-71.0276, 45.3347], [-71.0165, 45.3431], [-70.9932, 45.3478], [-70.9681, 45.3445], [-70.9516, 45.332], [-70.9069, 45.2462], [-70.8924, 45.2346], [-70.8744, 45.2457], [-70.8706, 45.2553], [-70.8725, 45.2742], [-70.8702, 45.2831], [-70.8626, 45.2904], [-70.8424, 45.3012], [-70.8353, 45.3098], [-70.8321, 45.3286], [-70.8355, 45.3731], [-70.8338, 45.3931], [-70.826, 45.4105], [-70.813, 45.4234], [-70.7949, 45.4304], [-70.7719, 45.43], [-70.7525, 45.4223], [-70.718, 45.3973], [-70.6967, 45.3887], [-70.6758, 45.3887], [-70.6536, 45.3955], [-70.6413, 45.4085], [-70.6503, 45.4275], [-70.6682, 45.439], [-70.7074, 45.4564], [-70.7228, 45.4709], [-70.732, 45.4916], [-70.7303, 45.508], [-70.6868, 45.5727], [-70.5896, 45.6518], [-70.5724, 45.6623], [-70.5147, 45.6817], [-70.4848, 45.6996], [-70.4728, 45.7036], [-70.4504, 45.7037], [-70.4391, 45.7059], [-70.4193, 45.7169], [-70.4074, 45.7315], [-70.4024, 45.7497], [-70.4039, 45.7712], [-70.4083, 45.7817], [-70.4172, 45.7938], [-70.4152, 45.8044], [-70.4099, 45.8107], [-70.3898, 45.8251], [-70.3127, 45.8676], [-70.2832, 45.8905], [-70.2625, 45.923], [-70.2559, 45.9489], [-70.2631, 45.9568], [-70.2804, 45.9593], [-70.3039, 45.9686], [-70.3163, 45.983], [-70.3169, 45.999], [-70.3061, 46.0353], [-70.2943, 46.0449], [-70.292, 46.0487], [-70.293, 46.054], [-70.2961, 46.0579], [-70.3114, 46.0719], [-70.3126, 46.0796], [-70.3003, 46.0893], [-70.2644, 46.1066], [-70.2495, 46.1206], [-70.244, 46.141], [-70.2492, 46.1628], [-70.2633, 46.1832], [-70.2848, 46.1919], [-70.2809, 46.2119], [-70.2534, 46.2515], [-70.2362, 46.2883], [-70.2237, 46.3008], [-70.2019, 46.3055], [-70.197, 46.3369], [-70.1884, 46.3584], [-70.1674, 46.3682], [-70.1531, 46.3728], [-70.0743, 46.4195], [-70.0618, 46.4454], [-70.0236, 46.6613], [-70.0078, 46.7041], [-69.2676, 47.4398], [-69.2509, 47.4529], [-69.2373, 47.4588], [-69.222, 47.4597], [-69.0697, 47.4319], [-69.054, 47.4184], [-69.0543, 47.3893], [-69.0662, 47.3297], [-69.0651, 47.2963], [-69.0575, 47.2695], [-69.0402, 47.2491], [-68.9062, 47.1902], [-68.8897, 47.1906], [-68.7618, 47.237], [-68.7178, 47.2452], [-68.6688, 47.2434], [-68.6442, 47.2453], [-68.6256, 47.2552], [-68.6079, 47.2698], [-68.5852, 47.2825], [-68.5397, 47.2999], [-68.518, 47.3048], [-68.492, 47.3076], [-68.4667, 47.3057], [-68.4353, 47.2913], [-68.3856, 47.3017], [-68.3834, 47.3071], [-68.3848, 47.3159], [-68.382, 47.3278], [-68.3478, 47.3585], [-68.2997, 47.3678], [-68.2464, 47.3606], [-68.197, 47.3414], [-68.1843, 47.3331], [-68.1561, 47.3067], [-68.1451, 47.3015], [-68.1154, 47.2923], [-68.1014, 47.2862], [-68.0394, 47.2452], [-67.9932, 47.2232], [-67.9624, 47.1977], [-67.9537, 47.1866], [-67.95, 47.1729], [-67.9434, 47.1645], [-67.8991, 47.1388], [-67.8706, 47.1074], [-67.8547, 47.0979], [-67.8136, 47.0819], [-67.8087, 47.0751], [-67.8052, 47.0356], [-67.7846, 45.9601], [-67.7828, 45.9505], [-67.7766, 45.9429], [-67.7597, 45.9286], [-67.7578, 45.9195], [-67.7694, 45.904], [-67.7874, 45.89], [-67.7992, 45.8757], [-67.7926, 45.8589], [-67.7761, 45.8408], [-67.7728, 45.8281], [-67.7799, 45.8157], [-67.7941, 45.7992], [-67.8063, 45.7818], [-67.8111, 45.7665], [-67.807, 45.7129], [-67.8001, 45.6998], [-67.7861, 45.6912], [-67.7618, 45.6801], [-67.748, 45.6778], [-67.7407, 45.6836], [-67.7355, 45.6908], [-67.728, 45.6923], [-67.7174, 45.6854], [-67.7048, 45.6642], [-67.6908, 45.6538], [-67.6603, 45.6374], [-67.6075, 45.6201], [-67.5519, 45.6104], [-67.5064, 45.6098], [-67.4758, 45.613], [-67.45, 45.6108], [-67.4313, 45.5979], [-67.4221, 45.5688], [-67.4262, 45.5334], [-67.4932, 45.4931], [-67.4823, 45.4555], [-67.4288, 45.3871], [-67.4346, 45.3503], [-67.4591, 45.3184], [-67.4687, 45.3018], [-67.475, 45.2824], [-67.4713, 45.2663], [-67.4276, 45.2366], [-67.3905, 45.1931], [-67.3563, 45.1659], [-67.3192, 45.1539], [-67.2846, 45.1697], [-67.2796, 45.1791], [-67.2772, 45.1951], [-67.2673, 45.2025], [-67.255, 45.205], [-67.2424, 45.2026], [-67.2191, 45.1921], [-67.2062, 45.1894], [-67.176, 45.1787], [-67.1913, 45.1804], [-67.2044, 45.1782], [-67.2103, 45.1711], [-67.2039, 45.1575], [-67.1797, 45.1575], [-67.1724, 45.1551], [-67.1521, 45.1166], [-67.1394, 45.1116], [-67.1282, 45.1029], [-67.1135, 45.0869], [-67.1003, 45.0694], [-67.1112, 45.0537], [-67.1045, 45.038], [-67.09, 45.0259], [-67.077, 45.021], [-67.052, 44.9834], [-67.0401, 44.9732], [-67.0522, 44.9613], [-67.056, 44.9454], [-67.0627, 44.9314], [-67.0835, 44.9254], [-67.0945, 44.9331], [-67.1059, 44.9458], [-67.1173, 44.9484], [-67.1282, 44.9254], [-67.1131, 44.9156], [-67.1121, 44.9041], [-67.1217, 44.8946], [-67.1384, 44.8907], [-67.1514, 44.8959], [-67.1848, 44.9168], [-67.1965, 44.9186], [-67.2034, 44.9049], [-67.1905, 44.8906], [-67.1723, 44.8772], [-67.163, 44.8667], [-67.1487, 44.8155], [-67.146, 44.8257], [-67.1438, 44.8557], [-67.1418, 44.8633], [-67.1304, 44.8647], [-67.1144, 44.8469], [-67.1003, 44.8496], [-67.1077, 44.8571], [-67.0941, 44.8633], [-67.1023, 44.878], [-67.1077, 44.8832], [-67.0885, 44.8881], [-67.0747, 44.8708], [-67.0671, 44.8444], [-67.0662, 44.8223], [-67.0436, 44.834], [-67.042, 44.8544], [-67.0593, 44.8974], [-67.0437, 44.894], [-67.0329, 44.8844], [-67.0122, 44.8571], [-66.9947, 44.8571], [-66.9914, 44.8557], [-66.9917, 44.8435], [-66.9773, 44.8155], [-66.985, 44.8049], [-67.0194, 44.7749], [-67.0326, 44.7671], [-67.0425, 44.7662], [-67.064, 44.7686], [-67.0736, 44.7671], [-67.0823, 44.7457], [-67.0866, 44.7398], [-67.0941, 44.7473], [-67.104, 44.729], [-67.1132, 44.7163], [-67.1692, 44.6709], [-67.1953, 44.6633], [-67.2039, 44.6573], [-67.1965, 44.6442], [-67.2244, 44.6442], [-67.2327, 44.6468], [-67.2511, 44.6573], [-67.262, 44.6577], [-67.2691, 44.6548], [-67.269, 44.6463], [-67.2585, 44.6299], [-67.2805, 44.6314], [-67.2948, 44.6396], [-67.3081, 44.6498], [-67.3269, 44.6573], [-67.3269, 44.6647], [-67.311, 44.6824], [-67.3141, 44.7007], [-67.332, 44.7095], [-67.361, 44.6988], [-67.3474, 44.6927], [-67.3608, 44.6856], [-67.3733, 44.6859], [-67.3851, 44.6912], [-67.3957, 44.6988], [-67.3894, 44.6825], [-67.3776, 44.6708], [-67.3713, 44.6577], [-67.3821, 44.6374], [-67.3672, 44.6275], [-67.3704, 44.6223], [-67.3794, 44.6213], [-67.3821, 44.6238], [-67.3984, 44.6118], [-67.4045, 44.6057], [-67.4094, 44.5958], [-67.4221, 44.615], [-67.4267, 44.6394], [-67.4347, 44.6592], [-67.4571, 44.6647], [-67.4508, 44.6477], [-67.4519, 44.6323], [-67.4505, 44.6194], [-67.4367, 44.6095], [-67.4543, 44.6046], [-67.4725, 44.6031], [-67.49, 44.6049], [-67.5056, 44.6095], [-67.4995, 44.6238], [-67.5057, 44.6336], [-67.517, 44.6349], [-67.5261, 44.6238], [-67.5329, 44.6238], [-67.5391, 44.6462], [-67.5544, 44.6441], [-67.5937, 44.6163], [-67.5732, 44.6175], [-67.5659, 44.6098], [-67.5671, 44.579], [-67.575, 44.5535], [-67.5704, 44.5449], [-67.569, 44.5387], [-67.6035, 44.5281], [-67.6213, 44.5264], [-67.6387, 44.5317], [-67.6404, 44.5549], [-67.6437, 44.5639], [-67.649, 44.5685], [-67.6592, 44.5667], [-67.6686, 44.5615], [-67.6837, 44.548], [-67.7141, 44.5008], [-67.728, 44.5032], [-67.7402, 44.5104], [-67.7488, 44.522], [-67.752, 44.5381], [-67.7405, 44.5882], [-67.7446, 44.5958], [-67.7556, 44.5896], [-67.7861, 44.5418], [-67.7833, 44.5373], [-67.7861, 44.5275], [-67.8005, 44.5412], [-67.7964, 44.5545], [-67.7855, 44.5706], [-67.7793, 44.5859], [-67.7827, 44.6015], [-67.7905, 44.5999], [-67.7996, 44.5886], [-67.8066, 44.5754], [-67.8172, 44.5838], [-67.8284, 44.5843], [-67.8371, 44.5777], [-67.8459, 44.5513], [-67.8573, 44.5461], [-67.869, 44.5445], [-67.8749, 44.5418], [-67.8721, 44.5301], [-67.8523, 44.5087], [-67.8476, 44.4971], [-67.8523, 44.4825], [-67.8636, 44.4794], [-67.8891, 44.4866], [-67.885, 44.4669], [-67.8996, 44.4221], [-67.9022, 44.3972], [-67.9213, 44.4114], [-67.9235, 44.4378], [-67.915, 44.4663], [-67.9022, 44.4866], [-67.9171, 44.4816], [-67.928, 44.4683], [-67.9347, 44.4514], [-67.937, 44.435], [-67.9344, 44.4164], [-67.937, 44.4086], [-67.959, 44.4224], [-67.9628, 44.4267], [-67.9677, 44.5008], [-67.9779, 44.4991], [-67.9829, 44.4942], [-67.9847, 44.476], [-67.9888, 44.4665], [-67.9982, 44.4665], [-68.0158, 44.4729], [-68.0288, 44.4685], [-68.0159, 44.4588], [-67.9847, 44.4456], [-67.9844, 44.4407], [-67.974, 44.4135], [-67.9711, 44.4108], [-67.9747, 44.3953], [-67.9789, 44.3879], [-67.9847, 44.3835], [-67.9946, 44.3835], [-67.9995, 44.3955], [-68.0052, 44.3972], [-68.015, 44.3937], [-68.0141, 44.3855], [-68.0195, 44.3767], [-68.0605, 44.3283], [-68.073, 44.3383], [-68.0764, 44.3494], [-68.0735, 44.362], [-68.0666, 44.3767], [-68.0884, 44.3692], [-68.0975, 44.3857], [-68.1074, 44.4156], [-68.1124, 44.4414], [-68.108, 44.4636], [-68.1115, 44.4801], [-68.1394, 44.4866], [-68.1433, 44.4893], [-68.1435, 44.5], [-68.1492, 44.5008], [-68.1581, 44.4968], [-68.1599, 44.4917], [-68.1599, 44.4859], [-68.1629, 44.4791], [-68.1626, 44.4736], [-68.1589, 44.4668], [-68.1582, 44.461], [-68.1666, 44.4587], [-68.1816, 44.4591], [-68.1873, 44.4622], [-68.1896, 44.4695], [-68.1902, 44.4975], [-68.1936, 44.52], [-68.202, 44.5251], [-68.2175, 44.5008], [-68.2198, 44.4859], [-68.2192, 44.472], [-68.2221, 44.4663], [-68.2543, 44.4935], [-68.2593, 44.5042], [-68.2585, 44.5207], [-68.2764, 44.5205], [-68.2943, 44.5278], [-68.3081, 44.529], [-68.3137, 44.5105], [-68.2815, 44.4994], [-68.2698, 44.4861], [-68.2864, 44.4661], [-68.2814, 44.4627], [-68.2727, 44.4519], [-68.3171, 44.4512], [-68.3376, 44.4551], [-68.3547, 44.4661], [-68.3619, 44.4458], [-68.3865, 44.4243], [-68.3826, 44.4108], [-68.4093, 44.4046], [-68.423, 44.4051], [-68.4267, 44.4172], [-68.4233, 44.471], [-68.4319, 44.4866], [-68.4499, 44.4937], [-68.4782, 44.4934], [-68.4598, 44.4621], [-68.4578, 44.4487], [-68.4645, 44.4343], [-68.4611, 44.4282], [-68.4519, 44.4223], [-68.4497, 44.4187], [-68.4503, 44.4108], [-68.4552, 44.4018], [-68.4648, 44.3898], [-68.4741, 44.3824], [-68.4782, 44.3872], [-68.4781, 44.4108], [-68.4801, 44.4216], [-68.4851, 44.4319], [-68.5044, 44.4134], [-68.526, 44.4056], [-68.5494, 44.4057], [-68.5744, 44.4108], [-68.563, 44.4006], [-68.5515, 44.3772], [-68.5431, 44.3662], [-68.5418, 44.3569], [-68.5561, 44.33], [-68.5602, 44.3183], [-68.5559, 44.3062], [-68.5459, 44.3024], [-68.5345, 44.3006], [-68.526, 44.2948], [-68.5209, 44.28], [-68.5232, 44.2696], [-68.532, 44.2666], [-68.5465, 44.2743], [-68.541, 44.2637], [-68.5336, 44.2564], [-68.5129, 44.2464], [-68.5414, 44.2373], [-68.6335, 44.2963], [-68.6669, 44.2982], [-68.6837, 44.2945], [-68.7041, 44.3051], [-68.732, 44.3283], [-68.7562, 44.3345], [-68.7918, 44.3164], [-68.8208, 44.3146], [-68.8118, 44.3516], [-68.8039, 44.3692], [-68.7898, 44.3767], [-68.7803, 44.3745], [-68.7709, 44.3652], [-68.7628, 44.3631], [-68.7533, 44.3675], [-68.7543, 44.3779], [-68.7662, 44.3972], [-68.7532, 44.405], [-68.742, 44.4143], [-68.7353, 44.4147], [-68.7148, 44.4053], [-68.7048, 44.404], [-68.6993, 44.4097], [-68.7174, 44.4316], [-68.7184, 44.4456], [-68.7562, 44.4309], [-68.7662, 44.4245], [-68.7844, 44.4028], [-68.7958, 44.3926], [-68.8071, 44.391], [-68.8162, 44.4021], [-68.8144, 44.418], [-68.8072, 44.4341], [-68.8003, 44.4456], [-68.7847, 44.4538], [-68.7792, 44.4587], [-68.7766, 44.465], [-68.773, 44.4866], [-68.7426, 44.5373], [-68.7462, 44.5549], [-68.7792, 44.5617], [-68.7958, 44.562], [-68.8016, 44.5603], [-68.8071, 44.5344], [-68.8276, 44.4791], [-68.8214, 44.4785], [-68.8071, 44.4729], [-68.8247, 44.461], [-68.8452, 44.4538], [-68.8571, 44.4561], [-68.8481, 44.4729], [-68.8627, 44.4754], [-68.8796, 44.4685], [-68.9065, 44.4487], [-68.9194, 44.4414], [-68.9654, 44.4319], [-68.9866, 44.4212], [-68.9823, 44.4136], [-68.9719, 44.4058], [-68.9751, 44.3941], [-68.9728, 44.3838], [-68.9446, 44.3488], [-68.9375, 44.332], [-68.9455, 44.3172], [-68.9641, 44.3078], [-68.999, 44.2948], [-69.0216, 44.2478], [-69.0362, 44.2326], [-69.0536, 44.1849], [-69.0679, 44.159], [-69.0777, 44.145], [-69.0883, 44.1365], [-69.0883, 44.1303], [-69.0829, 44.1153], [-69.0895, 44.0981], [-69.0869, 44.0867], [-69.0536, 44.0893], [-69.0652, 44.0676], [-69.0758, 44.0525], [-69.0915, 44.0438], [-69.1188, 44.0409], [-69.1262, 44.031], [-69.1306, 44.0117], [-69.142, 43.9987], [-69.1703, 44.0074], [-69.1718, 43.9972], [-69.1759, 43.9914], [-69.1825, 43.99], [-69.1914, 43.9931], [-69.1996, 43.9819], [-69.2036, 43.9703], [-69.2016, 43.96], [-69.1914, 43.9522], [-69.227, 43.9352], [-69.2385, 43.9317], [-69.258, 43.928], [-69.2634, 43.9299], [-69.2596, 43.9553], [-69.2292, 43.991], [-69.2195, 44.0085], [-69.2385, 44.0074], [-69.2989, 43.9504], [-69.3105, 43.9416], [-69.3138, 43.9543], [-69.3032, 43.9812], [-69.314, 43.9863], [-69.3283, 43.9834], [-69.3533, 43.9724], [-69.3695, 43.9726], [-69.3533, 43.9947], [-69.3472, 44.0078], [-69.3518, 44.0136], [-69.3694, 44.0159], [-69.3701, 44.0215], [-69.3518, 44.0375], [-69.3473, 44.0508], [-69.3542, 44.0605], [-69.3643, 44.0605], [-69.3695, 44.0447], [-69.3766, 44.0367], [-69.4022, 44.0266], [-69.3949, 44.0024], [-69.4077, 43.9943], [-69.4243, 43.9916], [-69.4304, 43.9931], [-69.4409, 43.9814], [-69.4478, 43.9676], [-69.4788, 43.8803], [-69.4941, 43.8511], [-69.5129, 43.8349], [-69.5144, 43.8557], [-69.5299, 43.883], [-69.534, 43.8976], [-69.5402, 43.8976], [-69.5454, 43.8833], [-69.5476, 43.8679], [-69.5476, 43.8349], [-69.5613, 43.8491], [-69.5538, 43.8566], [-69.5691, 43.8684], [-69.5705, 43.8779], [-69.5613, 43.8976], [-69.5538, 43.9208], [-69.556, 43.9277], [-69.5654, 43.9343], [-69.5675, 43.9416], [-69.5589, 43.9646], [-69.529, 44.0044], [-69.534, 44.021], [-69.5449, 44.0119], [-69.5541, 43.9986], [-69.5675, 43.9726], [-69.5858, 43.9485], [-69.5818, 43.9346], [-69.5842, 43.9258], [-69.5948, 43.9112], [-69.5893, 43.9048], [-69.5875, 43.8972], [-69.5893, 43.8896], [-69.5948, 43.8832], [-69.5848, 43.8707], [-69.5779, 43.8557], [-69.576, 43.839], [-69.5812, 43.8218], [-69.5924, 43.8077], [-69.5961, 43.8159], [-69.5948, 43.8491], [-69.6099, 43.8396], [-69.6245, 43.8384], [-69.6396, 43.8445], [-69.6569, 43.8566], [-69.6689, 43.8671], [-69.6701, 43.8736], [-69.6494, 43.8976], [-69.6538, 43.905], [-69.655, 43.9105], [-69.6494, 43.9243], [-69.6424, 43.9213], [-69.6228, 43.9174], [-69.6312, 43.9292], [-69.6526, 43.939], [-69.6569, 43.9553], [-69.6537, 43.9678], [-69.6364, 44.0037], [-69.6192, 44.0175], [-69.6151, 44.0259], [-69.6296, 44.0273], [-69.6432, 44.021], [-69.657, 44.0092], [-69.7497, 43.9007], [-69.7592, 43.8864], [-69.7527, 43.8791], [-69.7403, 43.8749], [-69.732, 43.8696], [-69.7297, 43.8559], [-69.7327, 43.8419], [-69.7463, 43.8144], [-69.7359, 43.8206], [-69.7224, 43.8442], [-69.7121, 43.8491], [-69.7047, 43.842], [-69.7073, 43.8269], [-69.7307, 43.7759], [-69.745, 43.7588], [-69.758, 43.7595], [-69.7668, 43.7876], [-69.7662, 43.7949], [-69.7593, 43.8044], [-69.7615, 43.8115], [-69.7735, 43.8144], [-69.7804, 43.8628], [-69.7941, 43.8976], [-69.7957, 43.9335], [-69.8009, 43.9447], [-69.8073, 43.9831], [-69.8021, 44.0144], [-69.7904, 44.0287], [-69.7708, 44.0456], [-69.7682, 44.0535], [-69.7682, 44.0587], [-69.7747, 44.06], [-69.7825, 44.0574], [-69.7891, 44.0495], [-69.8177, 44.0365], [-69.845, 44.0105], [-69.8646, 43.9975], [-69.8828, 43.9766], [-69.8828, 43.9636], [-69.8724, 43.9584], [-69.8542, 43.9584], [-69.8411, 43.9662], [-69.832, 43.974], [-69.8255, 43.9701], [-69.8216, 43.961], [-69.8151, 43.9337], [-69.8022, 43.8605], [-69.8009, 43.8252], [-69.7919, 43.791], [-69.7825, 43.7729], [-69.7804, 43.7635], [-69.7873, 43.7375], [-69.7906, 43.7331], [-69.8032, 43.7297], [-69.8142, 43.7212], [-69.8229, 43.7099], [-69.8282, 43.6983], [-69.8393, 43.7093], [-69.8418, 43.7403], [-69.8521, 43.7467], [-69.8579, 43.7543], [-69.8584, 43.7708], [-69.8555, 43.7939], [-69.8518, 43.8008], [-69.843, 43.8078], [-69.8413, 43.8181], [-69.8446, 43.8268], [-69.8596, 43.8365], [-69.863, 43.8457], [-69.8602, 43.8562], [-69.8562, 43.8621], [-69.8571, 43.8657], [-69.8691, 43.8696], [-69.8793, 43.8706], [-69.8885, 43.8684], [-69.8968, 43.8636], [-69.9039, 43.8566], [-69.8917, 43.8513], [-69.8813, 43.844], [-69.8754, 43.8323], [-69.876, 43.8144], [-69.883, 43.8006], [-69.8948, 43.7893], [-69.9056, 43.7873], [-69.9101, 43.8013], [-69.9511, 43.7604], [-69.9707, 43.7515], [-69.9744, 43.735], [-69.9785, 43.7294], [-69.9849, 43.7263], [-69.9927, 43.7256], [-69.9263, 43.8286], [-69.9307, 43.8491], [-69.9421, 43.8415], [-69.9584, 43.8218], [-69.9728, 43.7995], [-69.979, 43.784], [-69.9829, 43.7674], [-69.9934, 43.7518], [-70.0089, 43.7412], [-70.0275, 43.7399], [-70.0095, 43.7669], [-69.9626, 43.821], [-69.9511, 43.8491], [-69.9731, 43.8471], [-70.0064, 43.8271], [-70.02, 43.8286], [-70.0007, 43.8408], [-69.9917, 43.8509], [-69.9858, 43.8628], [-69.9994, 43.8615], [-70.0117, 43.8557], [-70.0396, 43.8301], [-70.05, 43.824], [-70.0747, 43.8144], [-70.1088, 43.8067], [-70.1609, 43.7665], [-70.1826, 43.7571], [-70.2087, 43.7153], [-70.2391, 43.7001], [-70.2385, 43.687], [-70.2323, 43.6642], [-70.2429, 43.6539], [-70.2567, 43.6501], [-70.2869, 43.6505], [-70.2869, 43.6431], [-70.2578, 43.6405], [-70.2316, 43.6415], [-70.2109, 43.635], [-70.1981, 43.6096], [-70.1982, 43.5987], [-70.2049, 43.5611], [-70.2202, 43.5591], [-70.2458, 43.5498], [-70.2602, 43.5475], [-70.2527, 43.5611], [-70.2715, 43.5569], [-70.2926, 43.5345], [-70.308, 43.527], [-70.3105, 43.5484], [-70.3254, 43.5495], [-70.3437, 43.5395], [-70.3564, 43.527], [-70.3674, 43.5053], [-70.3707, 43.4864], [-70.3684, 43.4672], [-70.3626, 43.4451], [-70.3432, 43.4543], [-70.3328, 43.4575], [-70.3216, 43.4587], [-70.3216, 43.4525], [-70.3352, 43.4473], [-70.3469, 43.4394], [-70.3664, 43.4208], [-70.3763, 43.3972], [-70.3824, 43.3937], [-70.395, 43.3926], [-70.4036, 43.3898], [-70.4226, 43.3769], [-70.4377, 43.363], [-70.4545, 43.3506], [-70.4787, 43.3426], [-70.5087, 43.3415], [-70.5195, 43.3395], [-70.5305, 43.3318], [-70.5619, 43.3011], [-70.5705, 43.2985], [-70.5817, 43.2749], [-70.5831, 43.2509], [-70.5689, 43.229], [-70.5836, 43.2139], [-70.5968, 43.1955], [-70.5826, 43.1886], [-70.5995, 43.1822], [-70.6117, 43.173], [-70.631, 43.1471], [-70.6601, 43.0941], [-70.6719, 43.0856], [-70.6871, 43.0921], [-70.7003, 43.1085], [-70.7147, 43.1219], [-70.7334, 43.1204], [-70.7313, 43.1147], [-70.7545, 43.059], [-70.7325, 43.0633], [-70.7095, 43.0652], [-70.7042, 43.0589], [-70.7085, 43.0452], [-70.7284, 43.0113], [-70.7818, 42.9491], [-70.8033, 42.9139], [-70.8119, 42.8931], [-70.8153, 42.8703], [-70.8072, 42.8349], [-70.8092, 42.8262], [-70.8183, 42.8239], [-70.8638, 42.8262], [-70.8536, 42.817], [-70.8441, 42.812], [-70.8227, 42.8044], [-70.8092, 42.8044], [-70.8058, 42.8013], [-70.8008, 42.7925], [-70.8044, 42.7804], [-70.7751, 42.7163], [-70.7826, 42.7089], [-70.8124, 42.7421], [-70.8236, 42.7499], [-70.8196, 42.7187], [-70.7985, 42.7019], [-70.7416, 42.6816], [-70.7571, 42.6755], [-70.7751, 42.6748], [-70.7571, 42.6572], [-70.7013, 42.6533], [-70.7001, 42.6406], [-70.6823, 42.6322], [-70.6777, 42.6413], [-70.6796, 42.668], [-70.6714, 42.6771], [-70.659, 42.6843], [-70.6317, 42.6946], [-70.6337, 42.68], [-70.6299, 42.6721], [-70.6212, 42.6687], [-70.6079, 42.668], [-70.5981, 42.665], [-70.6022, 42.6487], [-70.597, 42.6406], [-70.597, 42.6345], [-70.6115, 42.6345], [-70.6184, 42.6289], [-70.6234, 42.6205], [-70.6317, 42.6127], [-70.6473, 42.6045], [-70.6659, 42.6065], [-70.6691, 42.6117], [-70.6748, 42.6123], [-70.6864, 42.6065], [-70.6957, 42.5974], [-70.7013, 42.5886], [-70.7089, 42.5818], [-70.8103, 42.5628], [-70.8614, 42.5469], [-70.878, 42.5375], [-70.8706, 42.5307], [-70.8789, 42.5259], [-70.8851, 42.52], [-70.8893, 42.5123], [-70.8917, 42.5028], [-70.8778, 42.5079], [-70.8643, 42.5183], [-70.8541, 42.5237], [-70.8501, 42.5137], [-70.8403, 42.5049], [-70.8382, 42.4992], [-70.8553, 42.4951], [-70.8917, 42.4693], [-70.8994, 42.4682], [-70.9155, 42.4694], [-70.9221, 42.4656], [-70.9254, 42.4532], [-70.9176, 42.4428], [-70.8917, 42.4283], [-70.9164, 42.4224], [-70.9437, 42.447], [-70.963, 42.4383], [-70.9734, 42.4251], [-70.9744, 42.4164], [-70.9662, 42.4004], [-70.9603, 42.369], [-70.9525, 42.3594], [-70.9673, 42.3607], [-70.9836, 42.3766], [-70.9972, 42.3806], [-71.0072, 42.3776], [-71.0058, 42.3708], [-70.9977, 42.3637], [-70.9872, 42.3594], [-71.006, 42.3571], [-71.0227, 42.3666], [-71.0369, 42.3725], [-71.0487, 42.3594], [-71.0277, 42.3536], [-71.02, 42.348], [-71.0146, 42.3389], [-71.0299, 42.3378], [-71.0423, 42.3318], [-71.0468, 42.3215], [-71.0384, 42.3079], [-71.0272, 42.3005], [-71.0178, 42.3002], [-70.9935, 42.311], [-70.9989, 42.2838], [-70.9835, 42.2796], [-70.9629, 42.2802], [-70.9525, 42.2672], [-70.9553, 42.2618], [-70.9662, 42.2538], [-70.9662, 42.2496], [-70.9553, 42.2433], [-70.9495, 42.2428], [-70.9469, 42.2465], [-70.9405, 42.246], [-70.9258, 42.2504], [-70.9095, 42.2572], [-70.8985, 42.2639], [-70.8872, 42.2506], [-70.8754, 42.2545], [-70.8673, 42.2648], [-70.8671, 42.2707], [-70.8801, 42.2767], [-70.8919, 42.2907], [-70.8991, 42.3066], [-70.8985, 42.3184], [-70.8558, 42.2839], [-70.8314, 42.2697], [-70.7838, 42.2597], [-70.7616, 42.2492], [-70.7418, 42.2357], [-70.7163, 42.2119], [-70.7137, 42.2051], [-70.7131, 42.1724], [-70.7084, 42.1722], [-70.6959, 42.1639], [-70.6782, 42.1441], [-70.653, 42.109], [-70.631, 42.0925], [-70.6361, 42.0754], [-70.6278, 42.0591], [-70.5976, 42.0231], [-70.5922, 42.0201], [-70.5908, 42.0173], [-70.5968, 42.0106], [-70.6068, 42.0046], [-70.6173, 42.0032], [-70.6279, 42.0056], [-70.6378, 42.0106], [-70.6236, 42.0161], [-70.6173, 42.0168], [-70.6293, 42.0443], [-70.6389, 42.0589], [-70.6483, 42.0653], [-70.6558, 42.058], [-70.6651, 42.0106], [-70.6829, 42.0161], [-70.6903, 42.0147], [-70.7148, 42.0027], [-70.6549, 41.9571], [-70.605, 41.9525], [-70.5658, 41.9554], [-70.545, 41.9406], [-70.5297, 41.9065], [-70.5239, 41.8684], [-70.5316, 41.8418], [-70.5331, 41.8162], [-70.5043, 41.79], [-70.4392, 41.7561], [-70.4009, 41.745], [-70.2747, 41.7363], [-70.2899, 41.7316], [-70.3265, 41.7314], [-70.3395, 41.7257], [-70.3352, 41.7192], [-70.3153, 41.7156], [-70.2747, 41.7152], [-70.2437, 41.7241], [-70.1913, 41.7471], [-70.0702, 41.7735], [-70.0215, 41.7909], [-70.0001, 41.8163], [-70.0038, 41.8463], [-70.0018, 41.8819], [-70.0215, 41.9069], [-70.0116, 41.9069], [-69.9867, 41.9138], [-69.9867, 41.9212], [-70.006, 41.9228], [-70.0187, 41.9301], [-70.0281, 41.938], [-70.0379, 41.9416], [-70.0518, 41.9352], [-70.0574, 41.9042], [-70.0687, 41.8933], [-70.0798, 41.995], [-70.0838, 42.0125], [-70.0999, 42.0374], [-70.1381, 42.0574], [-70.1656, 42.0638], [-70.1898, 42.0494], [-70.1921, 42.0379], [-70.1716, 42.0379], [-70.1708, 42.0279], [-70.1893, 42.0179], [-70.2026, 42.0262], [-70.2314, 42.0572], [-70.2468, 42.0615], [-70.2443, 42.0687], [-70.2294, 42.0806], [-70.2158, 42.0846], [-70.1922, 42.0861], [-70.1465, 42.081], [-70.1179, 42.0738], [-70.0812, 42.0584], [-70.0511, 42.0398], [-70.014, 41.9989], [-69.9822, 41.9536], [-69.9433, 41.8576], [-69.9247, 41.8381], [-69.931, 41.833], [-69.9389, 41.8319], [-69.9534, 41.8409], [-69.964, 41.8435], [-69.972, 41.8392], [-69.9757, 41.8105], [-69.9798, 41.7971], [-69.9567, 41.8078], [-69.942, 41.8065], [-69.9342, 41.793], [-69.9325, 41.741], [-69.9389, 41.6742], [-69.9781, 41.6818], [-70.1369, 41.6605], [-70.1853, 41.6605], [-70.2174, 41.6483], [-70.2399, 41.6433], [-70.2485, 41.6357], [-70.2641, 41.6162], [-70.2728, 41.6106], [-70.2712, 41.621], [-70.2611, 41.6462], [-70.276, 41.6442], [-70.303, 41.6348], [-70.3191, 41.6326], [-70.352, 41.6352], [-70.3659, 41.6328], [-70.3808, 41.623], [-70.3916, 41.6192], [-70.4059, 41.6375], [-70.4181, 41.64], [-70.4284, 41.6319], [-70.4591, 41.5916], [-70.4798, 41.5739], [-70.5043, 41.5637], [-70.5327, 41.5591], [-70.5658, 41.5582], [-70.5961, 41.553], [-70.6587, 41.5213], [-70.6856, 41.5308], [-70.6617, 41.5505], [-70.6525, 41.578], [-70.652, 41.6542], [-70.6571, 41.6706], [-70.6583, 41.6845], [-70.652, 41.6939], [-70.64, 41.7023], [-70.6319, 41.7111], [-70.6378, 41.722], [-70.6236, 41.7294], [-70.6306, 41.7401], [-70.64, 41.741], [-70.6482, 41.7342], [-70.6514, 41.722], [-70.6583, 41.722], [-70.6898, 41.7397], [-70.7104, 41.748], [-70.7197, 41.7462], [-70.7233, 41.7138], [-70.7219, 41.7016], [-70.7129, 41.6878], [-70.7393, 41.6901], [-70.7491, 41.6798], [-70.7561, 41.663], [-70.7743, 41.6462], [-70.786, 41.6605], [-70.7978, 41.6589], [-70.8057, 41.651], [-70.805, 41.6426], [-70.8211, 41.635], [-70.8406, 41.6289], [-70.8501, 41.6295], [-70.844, 41.6039], [-70.8452, 41.5925], [-70.8569, 41.5916], [-70.8629, 41.5972], [-70.87, 41.6159], [-70.8743, 41.623], [-70.881, 41.6279], [-70.9054, 41.64], [-70.9073, 41.6149], [-70.921, 41.5983], [-70.9316, 41.5803], [-70.9252, 41.5507], [-70.9476, 41.5364], [-70.9597, 41.5312], [-70.9736, 41.5308], [-70.9709, 41.5377], [-71.0155, 41.5123], [-71.0402, 41.5071], [-71.0698, 41.5172], [-71.0495, 41.5237], [-71.0439, 41.5369], [-71.0493, 41.5519], [-71.0624, 41.5644], [-71.0621, 41.5439], [-71.0737, 41.5387], [-71.1107, 41.5439], [-71.0972, 41.5234], [-71.1219, 41.513], [-71.1859, 41.4687], [-71.1991, 41.4921], [-71.202, 41.5026], [-71.1964, 41.5134], [-71.1957, 41.5208], [-71.2069, 41.5582], [-71.2105, 41.6022], [-71.2097, 41.6262], [-71.2069, 41.6462], [-71.1903, 41.6856], [-71.1356, 41.7555], [-71.1107, 41.7971], [-71.126, 41.7924], [-71.1381, 41.7799], [-71.1695, 41.7333], [-71.1763, 41.7266], [-71.1859, 41.722], [-71.208, 41.7292], [-71.2211, 41.7314], [-71.2269, 41.7257], [-71.2384, 41.7073], [-71.2405, 41.6981], [-71.241, 41.6812], [-71.2449, 41.6803], [-71.2604, 41.6511], [-71.2857, 41.6596], [-71.3018, 41.6596], [-71.3088, 41.6708], [-71.3068, 41.6847], [-71.3015, 41.7026], [-71.2941, 41.7202], [-71.2809, 41.7414], [-71.283, 41.7488], [-71.2897, 41.7541], [-71.2988, 41.7561], [-71.302, 41.7517], [-71.3044, 41.73], [-71.3088, 41.722], [-71.3182, 41.7248], [-71.3371, 41.7338], [-71.3556, 41.7463], [-71.364, 41.7598], [-71.3656, 41.7777], [-71.3704, 41.7921], [-71.3788, 41.805], [-71.3913, 41.8188], [-71.395, 41.8057], [-71.3963, 41.7833], [-71.3951, 41.7595], [-71.3913, 41.7425], [-71.3848, 41.7357], [-71.3675, 41.7238], [-71.364, 41.7121], [-71.3669, 41.7036], [-71.3803, 41.6837], [-71.3844, 41.6742], [-71.3984, 41.6898], [-71.4069, 41.6938], [-71.4186, 41.6946], [-71.4302, 41.6911], [-71.4416, 41.6841], [-71.4468, 41.6772], [-71.4233, 41.6682], [-71.4138, 41.6529], [-71.4103, 41.633], [-71.4125, 41.6127], [-71.4237, 41.5943], [-71.4374, 41.5848], [-71.4428, 41.5747], [-71.4295, 41.5544], [-71.4246, 41.5389], [-71.4234, 41.4864], [-71.4261, 41.4687], [-71.4548, 41.4061], [-71.4696, 41.3913], [-71.484, 41.38], [-71.4883, 41.3706], [-71.4977, 41.3663], [-71.5078, 41.3681], [-71.5304, 41.3765], [-71.5558, 41.3748], [-71.5989, 41.3675], [-71.7538, 41.331], [-71.829, 41.317], [-71.8715, 41.3026], [-71.8779, 41.3115], [-71.8565, 41.3225], [-71.8624, 41.3326], [-71.8721, 41.3393], [-71.8854, 41.3446], [-71.8981, 41.3465], [-71.9632, 41.3454], [-71.9729, 41.3437], [-72.0362, 41.3179], [-72.0834, 41.352], [-72.0951, 41.3461], [-72.1011, 41.3225], [-72.1107, 41.3111], [-72.1354, 41.3121], [-72.168, 41.3225], [-72.1943, 41.3238], [-72.2001, 41.2974], [-72.2269, 41.3107], [-72.288, 41.2829], [-72.3199, 41.2937], [-72.327, 41.2987], [-72.3411, 41.3034], [-72.3472, 41.3073], [-72.3504, 41.3146], [-72.344, 41.3293], [-72.3434, 41.3384], [-72.3484, 41.3483], [-72.3582, 41.358], [-72.3727, 41.3647], [-72.3918, 41.3663], [-72.3802, 41.3501], [-72.3636, 41.3369], [-72.3544, 41.3212], [-72.3646, 41.2974], [-72.3509, 41.29], [-72.3698, 41.2766], [-72.3908, 41.2778], [-72.4335, 41.29], [-72.4526, 41.2879], [-72.4751, 41.2811], [-72.4953, 41.2703], [-72.5079, 41.2564], [-72.5195, 41.265], [-72.5222, 41.2702], [-72.5297, 41.2702], [-72.5406, 41.2637], [-72.5819, 41.2788], [-72.6048, 41.2838], [-72.6618, 41.2741], [-72.6788, 41.2605], [-72.6867, 41.2564], [-72.6993, 41.2566], [-72.7277, 41.2702], [-72.7413, 41.2722], [-72.7794, 41.2702], [-72.7898, 41.2673], [-72.806, 41.2578], [-72.8133, 41.2596], [-72.8265, 41.2565], [-72.8429, 41.2585], [-72.8561, 41.2454], [-72.8924, 41.245], [-72.8957, 41.2556], [-72.8953, 41.2659], [-72.9031, 41.2772], [-72.9058, 41.3005], [-72.91, 41.3051], [-72.9189, 41.2987], [-72.93, 41.2838], [-72.9673, 41.2564], [-72.9929, 41.229], [-73.002, 41.2217], [-73.0138, 41.2067], [-73.0384, 41.2052], [-73.0535, 41.2117], [-73.0637, 41.2048], [-73.0855, 41.197], [-73.0945, 41.1913], [-73.1074, 41.1747], [-73.1106, 41.1619], [-73.1085, 41.1487], [-73.1342, 41.1472], [-73.1551, 41.1589], [-73.1701, 41.1696], [-73.1841, 41.1741], [-73.1843, 41.1618], [-73.2089, 41.1567], [-73.2211, 41.1671], [-73.2252, 41.1633], [-73.2242, 41.1498], [-73.2279, 41.1428], [-73.2445, 41.128], [-73.2715, 41.1176], [-73.2783, 41.13], [-73.2865, 41.1345], [-73.2936, 41.1231], [-73.3019, 41.117], [-73.3324, 41.1137], [-73.35, 41.1068], [-73.3641, 41.106], [-73.3719, 41.102], [-73.3797, 41.1002], [-73.4237, 41.0777], [-73.4376, 41.0731], [-73.4746, 41.0548], [-73.4852, 41.0539], [-73.5042, 41.0426], [-73.5232, 41.0215], [-73.5371, 41.0313], [-73.5467, 41.0289], [-73.5648, 41.0189], [-73.59, 41.0148], [-73.5969, 41.0237], [-73.6039, 41.0228], [-73.6111, 41.0113], [-73.6194, 41.0087], [-73.6346, 41.0071], [-73.6503, 40.9966], [-73.648, 40.9921], [-73.6531, 40.9821], [-73.677, 40.9548], [-73.6987, 40.9548], [-73.7108, 40.953], [-73.7204, 40.947], [-73.7644, 40.9101], [-73.7774, 40.8941], [-73.7828, 40.876], [-73.7882, 40.8718], [-73.8117, 40.871], [-73.817, 40.862], [-73.8199, 40.8391], [-73.8051, 40.8261], [-73.7977, 40.8132], [-73.8297, 40.8109], [-73.866, 40.8118], [-73.8938, 40.8039], [-73.9268, 40.8048], [-73.9323, 40.8178], [-73.9323, 40.8256], [-73.9088, 40.8686], [-73.9127, 40.8816], [-73.9219, 40.8868], [-73.898, 40.9305], [-73.8895, 40.9722], [-73.8754, 41.0133], [-73.8722, 41.0336], [-73.8716, 41.1155], [-73.8753, 41.1533], [-73.8859, 41.1876], [-73.8957, 41.2032], [-73.9076, 41.2134], [-73.9405, 41.236], [-73.957, 41.2578], [-73.9535, 41.2747], [-73.9451, 41.291], [-73.9473, 41.3111], [-73.966, 41.3001], [-73.9759, 41.2922], [-73.982, 41.2838], [-73.985, 41.2696], [-73.9776, 41.2529], [-73.9702, 41.2191], [-73.9523, 41.1893], [-73.9323, 41.1783], [-73.9179, 41.1635], [-73.9167, 41.1457], [-73.9206, 41.102], [-73.9064, 41.0163], [-73.9077, 40.9719], [-73.9181, 40.9315], [-73.9547, 40.8586], [-73.9919, 40.7985], [-74.0063, 40.7806], [-74.0143, 40.7658], [-74.0209, 40.7421], [-74.028, 40.7279], [-74.0319, 40.7142], [-74.0481, 40.7006], [-74.071, 40.6872], [-74.0893, 40.6693], [-74.096, 40.6548], [-74.131, 40.6452], [-74.1421, 40.6463], [-74.139, 40.6578], [-74.1056, 40.7052], [-74.1124, 40.7179], [-74.126, 40.7032], [-74.15, 40.6642], [-74.1608, 40.6625], [-74.1903, 40.6494], [-74.2096, 40.6342], [-74.2153, 40.5917], [-74.2217, 40.5721], [-74.233, 40.5665], [-74.249, 40.563], [-74.2605, 40.5518], [-74.2599, 40.5367], [-74.2639, 40.5133], [-74.2696, 40.5049], [-74.2827, 40.4973], [-74.2695, 40.4831], [-74.2563, 40.46], [-74.2219, 40.4519], [-74.2059, 40.4429], [-74.1971, 40.4409], [-74.1459, 40.4477], [-74.1199, 40.4453], [-74.0323, 40.4216], [-73.993, 40.4024], [-73.988, 40.4078], [-73.9953, 40.4219], [-73.9982, 40.4411], [-74.0182, 40.4805], [-73.9896, 40.4682], [-73.9792, 40.4493], [-73.9709, 40.3947], [-73.9724, 40.3277], [-73.9799, 40.2802], [-73.9921, 40.2269], [-74.0108, 40.1676], [-74.0256, 40.111], [-74.0466, 39.9973], [-74.0588, 39.9545], [-74.0723, 39.8754], [-74.093, 39.7763], [-74.1004, 39.7832], [-74.0807, 39.9229], [-74.0722, 39.973], [-74.066, 39.9926], [-74.0575, 40.0121], [-74.0513, 40.0354], [-74.0503, 40.055], [-74.0607, 40.0622], [-74.0805, 40.0513], [-74.0781, 40.0438], [-74.0671, 40.0419], [-74.0635, 40.0308], [-74.0757, 40.0252], [-74.083, 40.0112], [-74.1037, 40.014], [-74.1095, 40.0028], [-74.1221, 39.9973], [-74.1261, 39.9816], [-74.1058, 39.9855], [-74.1023, 39.9709], [-74.1124, 39.9497], [-74.1329, 39.9338], [-74.1136, 39.9311], [-74.11, 39.9217], [-74.127, 39.9059], [-74.1368, 39.891], [-74.1259, 39.8556], [-74.1273, 39.8485], [-74.1459, 39.8308], [-74.1659, 39.8066], [-74.1865, 39.7721], [-74.1902, 39.7442], [-74.1633, 39.7352], [-74.1611, 39.7209], [-74.1676, 39.6994], [-74.1818, 39.692], [-74.1988, 39.6761], [-74.2109, 39.651], [-74.2436, 39.6435], [-74.2521, 39.6314], [-74.2475, 39.6214], [-74.2564, 39.6116], [-74.2909, 39.6052], [-74.3067, 39.5949], [-74.3285, 39.5762], [-74.3297, 39.5622], [-74.3035, 39.5417], [-74.2902, 39.5231], [-74.2974, 39.5086], [-74.3109, 39.5067], [-74.3163, 39.5146], [-74.3182, 39.5246], [-74.3213, 39.5297], [-74.3588, 39.5502], [-74.3736, 39.5434], [-74.3868, 39.5444], [-74.398, 39.55], [-74.4072, 39.557], [-74.4065, 39.5201], [-74.4013, 39.5024], [-74.3801, 39.4875], [-74.3837, 39.4711], [-74.3964, 39.4472], [-74.4112, 39.4502], [-74.4221, 39.4551], [-74.433, 39.4562], [-74.4481, 39.4472], [-74.4549, 39.439], [-74.4621, 39.4264], [-74.4675, 39.4121], [-74.4687, 39.3994], [-74.4503, 39.4064], [-74.4344, 39.395], [-74.4218, 39.3752], [-74.4134, 39.3571], [-74.4444, 39.3471], [-74.5028, 39.3182], [-74.5301, 39.3106], [-74.5301, 39.3162], [-74.5211, 39.3304], [-74.5089, 39.3435], [-74.4818, 39.3647], [-74.5096, 39.3789], [-74.5423, 39.3473], [-74.5552, 39.3293], [-74.5506, 39.3162], [-74.5506, 39.3106], [-74.6145, 39.3124], [-74.6421, 39.3067], [-74.6605, 39.2895], [-74.6426, 39.289], [-74.6182, 39.2788], [-74.6052, 39.2752], [-74.5506, 39.2895], [-74.5506, 39.2827], [-74.579, 39.2678], [-74.6208, 39.2232], [-74.6431, 39.2138], [-74.6544, 39.2014], [-74.7015, 39.1244], [-74.7118, 39.131], [-74.7228, 39.1318], [-74.7333, 39.1274], [-74.7424, 39.1182], [-74.7375, 39.1177], [-74.7356, 39.1114], [-74.7252, 39.116], [-74.7164, 39.1149], [-74.7102, 39.1088], [-74.7083, 39.0977], [-74.7137, 39.0911], [-74.7372, 39.0703], [-74.7457, 39.0545], [-74.7538, 39.0488], [-74.7641, 39.0443], [-74.7881, 39.039], [-74.7894, 39.0312], [-74.7834, 39.0151], [-74.8033, 38.9876], [-74.8361, 38.9634], [-74.8751, 38.9445], [-74.9331, 38.9263], [-74.9442, 38.9244], [-74.9547, 38.9264], [-74.9676, 38.9358], [-74.9693, 38.946], [-74.9651, 38.957], [-74.9526, 39.0075], [-74.9443, 39.0247], [-74.8944, 39.1076], [-74.8873, 39.1468], [-74.9063, 39.1796], [-74.9222, 39.1885], [-74.9386, 39.1925], [-74.9789, 39.1933], [-75.0131, 39.1871], [-75.0222, 39.1893], [-75.0229, 39.2025], [-75.0267, 39.2107], [-75.0403, 39.2145], [-75.0611, 39.2135], [-75.0924, 39.2076], [-75.1172, 39.1928], [-75.1289, 39.1877], [-75.1465, 39.1871], [-75.145, 39.1915], [-75.1593, 39.1986], [-75.167, 39.2076], [-75.1688, 39.216], [-75.1656, 39.2283], [-75.167, 39.2343], [-75.1758, 39.242], [-75.2117, 39.2644], [-75.2259, 39.269], [-75.2342, 39.2734], [-75.2421, 39.2926], [-75.2495, 39.2969], [-75.2874, 39.2969], [-75.3036, 39.3033], [-75.3132, 39.3178], [-75.3209, 39.3337], [-75.3314, 39.3441], [-75.3406, 39.345], [-75.3545, 39.3386], [-75.3594, 39.3379], [-75.3672, 39.3426], [-75.3756, 39.3527], [-75.4777, 39.4409], [-75.5082, 39.4573], [-75.5316, 39.478], [-75.5413, 39.5089], [-75.5316, 39.4985], [-75.5238, 39.4949], [-75.5216, 39.5141], [-75.5104, 39.5596], [-75.5137, 39.5738], [-75.5475, 39.6011], [-75.5582, 39.6135], [-75.5574, 39.6212], [-75.5354, 39.6389], [-75.5165, 39.6478], [-75.5102, 39.6527], [-75.5011, 39.6883], [-75.4875, 39.6968], [-75.4767, 39.7114], [-75.4652, 39.7147], [-75.4634, 39.7194], [-75.4618, 39.7482], [-75.4402, 39.777], [-75.4061, 39.8029], [-75.3673, 39.8238], [-75.3109, 39.8432], [-75.2683, 39.8508], [-75.2461, 39.8519], [-75.2291, 39.8546], [-75.1929, 39.8675], [-75.1662, 39.8734], [-75.1608, 39.8786], [-75.1442, 39.8749], [-75.1294, 39.8839], [-75.1148, 39.8972], [-75.0987, 39.9064], [-75.1137, 39.9221], [-75.1202, 39.9407], [-75.116, 39.9526], [-75.0987, 39.9475], [-75.085, 39.9611], [-75.0788, 39.9536], [-75.0394, 40.0026], [-75.0236, 40.0163], [-75.0465, 40.0091], [-75.08, 39.9864], [-75.1024, 39.9816], [-75.1197, 39.9742], [-75.1329, 39.9561], [-75.1387, 39.9336], [-75.1334, 39.9127], [-75.1478, 39.9026], [-75.2079, 39.8854], [-75.2487, 39.8673], [-75.2731, 39.8641], [-75.2974, 39.8717], [-75.3589, 39.8483], [-75.3765, 39.845], [-75.3917, 39.8396], [-75.4276, 39.8034], [-75.463, 39.7846], [-75.4767, 39.7721], [-75.4877, 39.7317], [-75.5007, 39.7143], [-75.5458, 39.6702], [-75.5511, 39.6662], [-75.5868, 39.656], [-75.5922, 39.6492], [-75.5952, 39.6385], [-75.6052, 39.6167], [-75.6027, 39.6079], [-75.574, 39.5856], [-75.5655, 39.5769], [-75.5558, 39.5593], [-75.5546, 39.5412], [-75.5612, 39.523], [-75.5751, 39.5052], [-75.5836, 39.4833], [-75.5879, 39.4628], [-75.5689, 39.4404], [-75.5279, 39.4034], [-75.4908, 39.3535], [-75.4885, 39.3473], [-75.4824, 39.3447], [-75.4592, 39.3283], [-75.4344, 39.3149], [-75.4285, 39.2913], [-75.4077, 39.2703], [-75.398, 39.2493], [-75.3942, 39.2246], [-75.4048, 39.1722], [-75.4061, 39.152], [-75.4046, 39.1306], [-75.3974, 39.1026], [-75.4014, 39.0783], [-75.3938, 39.0556], [-75.3692, 39.0403], [-75.3426, 39.0202], [-75.3148, 38.9841], [-75.3111, 38.968], [-75.3103, 38.9278], [-75.2444, 38.8598], [-75.1955, 38.8155], [-75.1663, 38.7944], [-75.1304, 38.7828], [-75.0999, 38.788], [-75.0959, 38.7976], [-75.0993, 38.8055], [-75.0925, 38.8076], [-75.0843, 38.796], [-75.0661, 38.678], [-75.0648, 38.6326], [-75.0718, 38.6383], [-75.0776, 38.6865], [-75.0864, 38.6933], [-75.1209, 38.6838], [-75.1392, 38.6881], [-75.1198, 38.6589], [-75.1394, 38.6621], [-75.1533, 38.6589], [-75.1304, 38.6431], [-75.1161, 38.6384], [-75.0987, 38.6384], [-75.1214, 38.6213], [-75.1901, 38.6067], [-75.2079, 38.59], [-75.1874, 38.59], [-75.1964, 38.5769], [-75.2079, 38.5695], [-75.1918, 38.567], [-75.1522, 38.5884], [-75.126, 38.59], [-75.1033, 38.5659], [-75.0956, 38.5664], [-75.0696, 38.5935], [-75.0692, 38.6083], [-75.0653, 38.6149], [-75.0601, 38.6125], [-75.0567, 38.5867], [-75.0577, 38.5527], [-75.0528, 38.5273], [-75.044, 38.4538], [-75.0447, 38.425], [-75.0511, 38.3878], [-75.067, 38.3535], [-75.0788, 38.3367], [-75.0758, 38.3663], [-75.0592, 38.4228], [-75.0577, 38.4534], [-75.0627, 38.4573], [-75.0686, 38.4599], [-75.085, 38.4609], [-75.0829, 38.4475], [-75.0899, 38.4322], [-75.102, 38.4385], [-75.1182, 38.4375], [-75.098, 38.4079], [-75.104, 38.3952], [-75.1478, 38.4137], [-75.1654, 38.4169], [-75.1795, 38.4084], [-75.1398, 38.3995], [-75.1323, 38.3942], [-75.1334, 38.3777], [-75.126, 38.3777], [-75.126, 38.3715], [-75.1396, 38.3641], [-75.1255, 38.3603], [-75.1121, 38.3625], [-75.1007, 38.3621], [-75.0924, 38.351], [-75.0942, 38.3354], [-75.1044, 38.3162], [-75.118, 38.2982], [-75.1297, 38.2855], [-75.1543, 38.2409], [-75.1639, 38.2337], [-75.1975, 38.2326], [-75.2007, 38.2403], [-75.1874, 38.2617], [-75.22, 38.2476], [-75.2331, 38.239], [-75.2427, 38.227], [-75.2572, 38.1682], [-75.2669, 38.1592], [-75.2717, 38.1523], [-75.2833, 38.1206], [-75.2904, 38.1108], [-75.2974, 38.1108], [-75.3159, 38.1169], [-75.3253, 38.117], [-75.3339, 38.1116], [-75.3502, 38.0941], [-75.356, 38.0903], [-75.3512, 38.0821], [-75.373, 38.032], [-75.3783, 38.0117], [-75.391, 38.0027], [-75.4068, 37.9974], [-75.4215, 37.9879], [-75.4343, 37.9618], [-75.4319, 37.9518], [-75.4192, 37.9433], [-75.4252, 37.9361], [-75.4354, 37.9337], [-75.4348, 37.9256], [-75.4197, 37.9199], [-75.4239, 37.9137], [-75.4389, 37.9061], [-75.4479, 37.8936], [-75.4431, 37.8894], [-75.4256, 37.8927], [-75.4171, 37.8861], [-75.4249, 37.8751], [-75.4466, 37.8674], [-75.4707, 37.8512], [-75.4923, 37.8311], [-75.5313, 37.7879], [-75.5605, 37.7439], [-75.5981, 37.7], [-75.6271, 37.6738], [-75.706, 37.5802], [-75.7167, 37.5596], [-75.7335, 37.5361], [-75.7598, 37.508], [-75.7715, 37.4903], [-75.7839, 37.4836], [-75.7883, 37.4759], [-75.8105, 37.4622], [-75.8187, 37.4542], [-75.8103, 37.4431], [-75.8238, 37.4276], [-75.8217, 37.419], [-75.8063, 37.4145], [-75.7959, 37.4057], [-75.8, 37.4001], [-75.8115, 37.3984], [-75.8202, 37.3917], [-75.8284, 37.3907], [-75.8364, 37.3959], [-75.855, 37.3974], [-75.8758, 37.3694], [-75.8873, 37.357], [-75.9005, 37.3255], [-75.9115, 37.2908], [-75.9235, 37.2444], [-75.9273, 37.2114], [-75.9342, 37.1733], [-75.9359, 37.135], [-75.9491, 37.125], [-75.9664, 37.1348], [-75.9761, 37.1615], [-76.0008, 37.1944], [-76.001, 37.2202], [-75.9962, 37.2338], [-75.9962, 37.24], [-76.017, 37.2578], [-76.015, 37.2816], [-76.0001, 37.3035], [-75.9825, 37.3164], [-75.9959, 37.3203], [-76.0106, 37.3164], [-75.9908, 37.353], [-75.9848, 37.3719], [-75.99, 37.3846], [-75.9738, 37.3915], [-75.9621, 37.4033], [-75.9559, 37.4159], [-75.9553, 37.4256], [-75.9662, 37.4245], [-75.9683, 37.4182], [-75.9757, 37.4182], [-75.9729, 37.4351], [-75.9656, 37.4529], [-75.954, 37.467], [-75.9262, 37.4784], [-75.9246, 37.489], [-75.9342, 37.4951], [-75.9553, 37.487], [-75.9518, 37.5159], [-75.9378, 37.5373], [-75.9171, 37.5525], [-75.8938, 37.5627], [-75.9347, 37.5764], [-75.911, 37.5949], [-75.9095, 37.6032], [-75.9217, 37.6105], [-75.9046, 37.6199], [-75.8827, 37.6238], [-75.8714, 37.6295], [-75.8863, 37.6447], [-75.8757, 37.6607], [-75.8608, 37.669], [-75.8417, 37.6721], [-75.8187, 37.6726], [-75.8249, 37.6878], [-75.8238, 37.6965], [-75.7887, 37.7275], [-75.7905, 37.7333], [-75.8119, 37.7335], [-75.8119, 37.7409], [-75.7908, 37.7539], [-75.7775, 37.7664], [-75.7779, 37.7801], [-75.7982, 37.7961], [-75.7869, 37.8094], [-75.7755, 37.8079], [-75.7645, 37.8005], [-75.7535, 37.7961], [-75.6946, 37.8023], [-75.7037, 37.8107], [-75.7085, 37.8217], [-75.7081, 37.8332], [-75.702, 37.8433], [-75.6948, 37.8447], [-75.6714, 37.8415], [-75.661, 37.8433], [-75.6695, 37.852], [-75.6743, 37.8614], [-75.6742, 37.8703], [-75.6678, 37.8781], [-75.671, 37.8926], [-75.6893, 37.904], [-75.7175, 37.9094], [-75.743, 37.906], [-75.743, 37.9122], [-75.7191, 37.9276], [-75.6946, 37.9395], [-75.6618, 37.9448], [-75.6459, 37.9495], [-75.6331, 37.96], [-75.6537, 37.968], [-75.6726, 37.972], [-75.7632, 37.9782], [-75.7863, 37.9759], [-75.8082, 37.9634], [-75.8381, 37.9412], [-75.858, 37.9311], [-75.8671, 37.9361], [-75.869, 37.9433], [-75.875, 37.9511], [-75.8734, 37.96], [-75.8675, 37.9672], [-75.8504, 37.9811], [-75.8454, 37.9941], [-75.8548, 37.9934], [-75.8627, 37.9908], [-75.8689, 37.9865], [-75.8734, 37.9805], [-75.8801, 37.9805], [-75.8795, 37.9853], [-75.8863, 37.9879], [-75.8787, 37.9946], [-75.8572, 38.0211], [-75.8529, 38.032], [-75.8464, 38.0396], [-75.8183, 38.0427], [-75.8119, 38.046], [-75.8021, 38.0581], [-75.7566, 38.0926], [-75.743, 38.1108], [-75.7577, 38.1133], [-75.7686, 38.1056], [-75.7795, 38.0954], [-75.7945, 38.0903], [-75.8191, 38.091], [-75.8333, 38.0892], [-75.8454, 38.0835], [-75.8486, 38.0883], [-75.8529, 38.0903], [-75.8529, 38.0978], [-75.8426, 38.1013], [-75.8324, 38.1076], [-75.8239, 38.1155], [-75.8187, 38.1245], [-75.8249, 38.1313], [-75.8144, 38.1352], [-75.7844, 38.1395], [-75.7765, 38.145], [-75.7797, 38.1552], [-75.794, 38.1589], [-75.8116, 38.1573], [-75.8249, 38.1592], [-75.8481, 38.1522], [-75.8935, 38.1561], [-75.9143, 38.1518], [-75.9195, 38.1448], [-75.9228, 38.1279], [-75.9313, 38.1245], [-75.9374, 38.1276], [-75.9405, 38.1354], [-75.9416, 38.1555], [-75.9285, 38.1935], [-75.8963, 38.2107], [-75.856, 38.2197], [-75.8187, 38.2337], [-75.8346, 38.2402], [-75.8787, 38.2429], [-75.8972, 38.2511], [-75.9066, 38.271], [-75.9024, 38.2938], [-75.8912, 38.3151], [-75.8581, 38.3586], [-75.8491, 38.374], [-75.8407, 38.4008], [-75.8433, 38.4044], [-75.8563, 38.4057], [-75.8631, 38.4018], [-75.869, 38.3811], [-75.8734, 38.3715], [-75.9247, 38.3249], [-75.9313, 38.3169], [-75.9557, 38.2578], [-75.9627, 38.248], [-75.9683, 38.2541], [-75.9666, 38.2723], [-75.9683, 38.2821], [-75.9923, 38.3039], [-75.9962, 38.3132], [-75.9901, 38.326], [-75.9624, 38.3358], [-75.9553, 38.351], [-75.9648, 38.3735], [-75.9905, 38.362], [-76.0189, 38.3348], [-76.0372, 38.3095], [-76.0267, 38.3042], [-76.0193, 38.2944], [-76.0173, 38.2818], [-76.0173, 38.2678], [-76.0287, 38.2418], [-76.0379, 38.2325], [-76.0488, 38.2393], [-76.0812, 38.2841], [-76.0912, 38.2924], [-76.1175, 38.2983], [-76.1244, 38.3048], [-76.1334, 38.3231], [-76.1929, 38.3828], [-76.2097, 38.392], [-76.2209, 38.3836], [-76.2065, 38.3386], [-76.2097, 38.3169], [-76.2159, 38.3169], [-76.2211, 38.3439], [-76.2823, 38.4218], [-76.2889, 38.4335], [-76.2955, 38.4555], [-76.319, 38.4739], [-76.3198, 38.495], [-76.3047, 38.5026], [-76.2864, 38.5001], [-76.2774, 38.491], [-76.2731, 38.4675], [-76.2637, 38.4655], [-76.2543, 38.4798], [-76.2501, 38.505], [-76.2423, 38.5212], [-76.2239, 38.5296], [-76.2015, 38.5351], [-76.1818, 38.5428], [-76.1872, 38.5533], [-76.172, 38.5662], [-76.175, 38.577], [-76.1793, 38.5805], [-76.1845, 38.5826], [-76.1988, 38.5838], [-76.2105, 38.5827], [-76.2193, 38.5664], [-76.2302, 38.5595], [-76.2427, 38.5567], [-76.2737, 38.5565], [-76.286, 38.5628], [-76.2785, 38.5769], [-76.2563, 38.5974], [-76.2563, 38.6042], [-76.2673, 38.6118], [-76.2774, 38.6247], [-76.2325, 38.6181], [-76.2159, 38.6179], [-76.2013, 38.6207], [-76.1754, 38.6292], [-76.1613, 38.631], [-76.1818, 38.6179], [-76.1613, 38.6042], [-76.1426, 38.6075], [-76.115, 38.588], [-76.0924, 38.5936], [-76.0536, 38.568], [-76.0117, 38.5657], [-75.9943, 38.5837], [-75.9825, 38.59], [-75.9702, 38.6066], [-75.9653, 38.6374], [-75.9553, 38.6527], [-75.9627, 38.6589], [-75.9683, 38.6589], [-75.99, 38.624], [-75.9999, 38.6026], [-76.0242, 38.5928], [-76.0593, 38.6062], [-76.0769, 38.6156], [-76.105, 38.6249], [-76.0924, 38.6589], [-76.1205, 38.6479], [-76.135, 38.6459], [-76.1544, 38.6527], [-76.1544, 38.6589], [-76.1454, 38.665], [-76.1196, 38.6756], [-76.1061, 38.6794], [-76.1061, 38.6862], [-76.1269, 38.6849], [-76.1485, 38.6809], [-76.1661, 38.6815], [-76.175, 38.6937], [-76.1683, 38.6999], [-76.1645, 38.7082], [-76.1643, 38.7177], [-76.1681, 38.7277], [-76.177, 38.7161], [-76.1869, 38.6911], [-76.1986, 38.6751], [-76.2091, 38.6867], [-76.2265, 38.701], [-76.2365, 38.7152], [-76.2278, 38.7357], [-76.2018, 38.7323], [-76.2219, 38.7509], [-76.2338, 38.7574], [-76.2544, 38.7492], [-76.2737, 38.7145], [-76.2919, 38.7213], [-76.2973, 38.7509], [-76.2884, 38.7667], [-76.288, 38.7755], [-76.2944, 38.7739], [-76.3098, 38.7612], [-76.3106, 38.7353], [-76.3265, 38.7182], [-76.3267, 38.6988], [-76.322, 38.6894], [-76.3258, 38.6775], [-76.3413, 38.6732], [-76.3463, 38.6899], [-76.3436, 38.7142], [-76.3403, 38.7284], [-76.3312, 38.7459], [-76.3047, 38.8227], [-76.2773, 38.8409], [-76.2603, 38.858], [-76.2532, 38.855], [-76.2596, 38.8392], [-76.2393, 38.8221], [-76.221, 38.8153], [-76.2124, 38.8076], [-76.2121, 38.7882], [-76.1731, 38.7566], [-76.1315, 38.7729], [-76.1175, 38.7851], [-76.109, 38.8007], [-76.1129, 38.8166], [-76.1263, 38.8007], [-76.1468, 38.7904], [-76.177, 38.7856], [-76.1944, 38.8139], [-76.1882, 38.8467], [-76.157, 38.8601], [-76.1271, 38.866], [-76.1061, 38.878], [-76.1479, 38.8915], [-76.1544, 38.8953], [-76.1473, 38.9159], [-76.1483, 38.925], [-76.1613, 38.9264], [-76.1644, 38.9206], [-76.1718, 38.8969], [-76.1979, 38.8785], [-76.1928, 38.9283], [-76.1969, 38.9356], [-76.208, 38.944], [-76.2299, 38.9523], [-76.2472, 38.9512], [-76.2554, 38.9438], [-76.2637, 38.9326], [-76.2738, 38.9279], [-76.3113, 38.9246], [-76.3193, 38.9227], [-76.3288, 38.9165], [-76.3319, 38.907], [-76.332, 38.8955], [-76.3271, 38.881], [-76.3284, 38.8652], [-76.3469, 38.8565], [-76.3592, 38.8466], [-76.3747, 38.8416], [-76.3563, 38.9486], [-76.3221, 39.0064], [-76.3153, 39.0294], [-76.3064, 39.0313], [-76.295, 39.0277], [-76.2933, 39.0088], [-76.2851, 38.9894], [-76.2444, 38.9789], [-76.2162, 38.9743], [-76.1976, 38.9793], [-76.1679, 38.9963], [-76.151, 39.0091], [-76.147, 39.0295], [-76.1549, 39.0337], [-76.1609, 39.0397], [-76.1681, 39.0567], [-76.1334, 39.0629], [-76.1409, 39.0698], [-76.1217, 39.0925], [-76.0772, 39.1284], [-76.0651, 39.1461], [-76.0878, 39.1387], [-76.109, 39.1259], [-76.1305, 39.1178], [-76.1544, 39.1244], [-76.1409, 39.1318], [-76.1409, 39.1387], [-76.1751, 39.1241], [-76.1851, 39.0942], [-76.2039, 39.0802], [-76.2125, 39.0518], [-76.2042, 39.0145], [-76.2172, 39.0131], [-76.2349, 39.0248], [-76.2426, 39.0333], [-76.2311, 39.0583], [-76.2357, 39.0982], [-76.243, 39.1158], [-76.2426, 39.1268], [-76.2514, 39.1326], [-76.2727, 39.1516], [-76.2726, 39.168], [-76.2559, 39.1885], [-76.2341, 39.2304], [-76.2128, 39.262], [-76.1806, 39.2881], [-76.1786, 39.3078], [-76.175, 39.3162], [-76.1649, 39.3233], [-76.1429, 39.3266], [-76.1334, 39.3305], [-76.1278, 39.3385], [-76.12, 39.3602], [-76.1166, 39.3647], [-76.1054, 39.372], [-76.0596, 39.3696], [-76.0279, 39.3624], [-75.9315, 39.365], [-75.8601, 39.3618], [-75.8392, 39.3715], [-75.864, 39.3796], [-75.9047, 39.3743], [-76.0066, 39.3805], [-76.0343, 39.3929], [-76.0139, 39.4162], [-75.9739, 39.4508], [-75.952, 39.4658], [-75.9347, 39.4745], [-75.9125, 39.4764], [-75.8661, 39.4643], [-75.8392, 39.4608], [-75.8392, 39.467], [-75.8688, 39.4807], [-75.884, 39.4923], [-75.8938, 39.5086], [-75.8691, 39.5195], [-75.8513, 39.5384], [-75.8393, 39.5615], [-75.8317, 39.5844], [-75.856, 39.5774], [-75.8734, 39.5629], [-75.8891, 39.5455], [-75.9049, 39.5215], [-75.9661, 39.4817], [-76.0007, 39.4528], [-75.9997, 39.4855], [-75.9906, 39.5045], [-75.9655, 39.5329], [-75.9547, 39.5481], [-75.9468, 39.5654], [-75.9347, 39.6042], [-75.951, 39.601], [-75.9626, 39.5908], [-75.9792, 39.5673], [-76.0083, 39.5487], [-76.0382, 39.5566], [-76.0648, 39.5556], [-76.083, 39.5578], [-76.0924, 39.5502], [-76.1204, 39.4949], [-76.1097, 39.485], [-76.0731, 39.4751], [-76.0651, 39.4708], [-76.0675, 39.4578], [-76.0741, 39.4488], [-76.1224, 39.411], [-76.1837, 39.383], [-76.2097, 39.3647], [-76.2259, 39.3778], [-76.2296, 39.3975], [-76.2228, 39.4403], [-76.2161, 39.4594], [-76.2158, 39.4676], [-76.2228, 39.4745], [-76.2325, 39.4745], [-76.2468, 39.4582], [-76.2532, 39.454], [-76.2668, 39.3789], [-76.2527, 39.3615], [-76.2452, 39.3496], [-76.2467, 39.3441], [-76.254, 39.3401], [-76.2842, 39.3106], [-76.2917, 39.3571], [-76.3115, 39.4028], [-76.3252, 39.4077], [-76.4015, 39.3925], [-76.3856, 39.3823], [-76.3581, 39.3771], [-76.3367, 39.3692], [-76.3389, 39.351], [-76.3326, 39.351], [-76.3417, 39.3405], [-76.3624, 39.3372], [-76.3736, 39.3305], [-76.3665, 39.3173], [-76.3691, 39.3132], [-76.4245, 39.3237], [-76.4308, 39.3181], [-76.4235, 39.3057], [-76.3905, 39.2716], [-76.3912, 39.2649], [-76.4015, 39.256], [-76.4169, 39.264], [-76.4259, 39.2737], [-76.4425, 39.2969], [-76.4507, 39.3021], [-76.4835, 39.3106], [-76.4678, 39.2829], [-76.4477, 39.2567], [-76.4215, 39.2383], [-76.3969, 39.238], [-76.4028, 39.2278], [-76.4492, 39.195], [-76.4486, 39.2084], [-76.4452, 39.2179], [-76.4553, 39.2202], [-76.4695, 39.2075], [-76.4973, 39.2086], [-76.4925, 39.2275], [-76.5083, 39.236], [-76.532, 39.2458], [-76.5646, 39.265], [-76.5708, 39.2736], [-76.5812, 39.2673], [-76.5911, 39.2635], [-76.6166, 39.2622], [-76.6232, 39.2597], [-76.6105, 39.2545], [-76.6026, 39.2483], [-76.5858, 39.2485], [-76.5703, 39.2447], [-76.5639, 39.2313], [-76.5636, 39.2158], [-76.5365, 39.2114], [-76.5303, 39.2034], [-76.5283, 39.1913], [-76.5247, 39.1847], [-76.5176, 39.1767], [-76.4938, 39.1615], [-76.48, 39.167], [-76.4693, 39.155], [-76.4333, 39.1312], [-76.4302, 39.1063], [-76.4195, 39.0896], [-76.4253, 39.0741], [-76.433, 39.0672], [-76.4436, 39.0765], [-76.4433, 39.0887], [-76.4559, 39.0907], [-76.4691, 39.0834], [-76.4784, 39.0808], [-76.4974, 39.0786], [-76.5132, 39.0865], [-76.5193, 39.0857], [-76.5165, 39.0756], [-76.4998, 39.0684], [-76.4763, 39.064], [-76.4099, 39.0378], [-76.3942, 39.0246], [-76.3985, 39.0144], [-76.4152, 39.01], [-76.4387, 39.009], [-76.446, 39.0052], [-76.4556, 38.9887], [-76.4727, 38.9951], [-76.5119, 39.022], [-76.5246, 39.0454], [-76.5517, 39.0772], [-76.5635, 39.0743], [-76.5692, 39.0664], [-76.5685, 39.0561], [-76.5712, 39.0386], [-76.5433, 39.0316], [-76.5125, 39.0057], [-76.4862, 38.9865], [-76.4764, 38.9752], [-76.4699, 38.9537], [-76.4524, 38.9439], [-76.4652, 38.9329], [-76.4596, 38.9121], [-76.5014, 38.9271], [-76.5253, 38.9511], [-76.5575, 38.9587], [-76.5686, 38.9525], [-76.5349, 38.9376], [-76.5124, 38.9129], [-76.4931, 38.899], [-76.4962, 38.8801], [-76.5074, 38.8793], [-76.5214, 38.8872], [-76.5375, 38.8917], [-76.5353, 38.8845], [-76.5237, 38.8703], [-76.527, 38.8615], [-76.539, 38.8566], [-76.5317, 38.8392], [-76.5223, 38.8427], [-76.4929, 38.8444], [-76.4943, 38.8255], [-76.5038, 38.8076], [-76.5307, 38.7833], [-76.5517, 38.7756], [-76.5503, 38.7551], [-76.5389, 38.7377], [-76.5215, 38.7249], [-76.5271, 38.7026], [-76.5295, 38.6758], [-76.5216, 38.6502], [-76.5091, 38.6281], [-76.5122, 38.5715], [-76.512, 38.5277], [-76.4955, 38.496], [-76.4355, 38.4382], [-76.3961, 38.3913], [-76.3819, 38.3846], [-76.3928, 38.3536], [-76.4194, 38.3217], [-76.4536, 38.3241], [-76.4713, 38.3355], [-76.4691, 38.3641], [-76.4739, 38.3733], [-76.4767, 38.3852], [-76.4835, 38.392], [-76.5113, 38.404], [-76.5428, 38.4096], [-76.5616, 38.4242], [-76.6025, 38.4443], [-76.6365, 38.4742], [-76.6477, 38.5057], [-76.6718, 38.6544], [-76.6815, 38.6794], [-76.6841, 38.6726], [-76.6829, 38.6647], [-76.6842, 38.6533], [-76.6788, 38.5804], [-76.6747, 38.5584], [-76.6759, 38.5094], [-76.6736, 38.4861], [-76.6571, 38.4505], [-76.6197, 38.4233], [-76.5858, 38.3989], [-76.5213, 38.3742], [-76.5107, 38.3678], [-76.5061, 38.3496], [-76.4938, 38.3298], [-76.4764, 38.3129], [-76.4506, 38.2931], [-76.4323, 38.294], [-76.4246, 38.3017], [-76.4064, 38.3083], [-76.3858, 38.3063], [-76.3734, 38.2989], [-76.3871, 38.283], [-76.3965, 38.2671], [-76.3933, 38.246], [-76.3873, 38.227], [-76.3341, 38.1634], [-76.3205, 38.1388], [-76.3403, 38.1207], [-76.328, 38.0761], [-76.3239, 38.0438], [-76.3363, 38.0534], [-76.3513, 38.0574], [-76.3959, 38.103], [-76.4153, 38.1083], [-76.4341, 38.1321], [-76.4267, 38.159], [-76.4336, 38.1903], [-76.4561, 38.207], [-76.4552, 38.1979], [-76.4487, 38.176], [-76.4509, 38.1662], [-76.4689, 38.1391], [-76.4822, 38.1461], [-76.5039, 38.166], [-76.5101, 38.1401], [-76.5172, 38.1318], [-76.5306, 38.1387], [-76.5324, 38.1474], [-76.5403, 38.1598], [-76.5478, 38.1837], [-76.563, 38.1986], [-76.6167, 38.2233], [-76.6438, 38.225], [-76.6781, 38.2348], [-76.6974, 38.238], [-76.7547, 38.2276], [-76.7776, 38.2376], [-76.8042, 38.2536], [-76.801, 38.2763], [-76.8086, 38.2897], [-76.8118, 38.2992], [-76.8156, 38.3363], [-76.8276, 38.3629], [-76.849, 38.3825], [-76.8807, 38.3989], [-76.8559, 38.3552], [-76.8461, 38.3309], [-76.8391, 38.3026], [-76.8392, 38.2572], [-76.8658, 38.2719], [-76.9222, 38.2916], [-76.9236, 38.3149], [-76.9485, 38.3309], [-76.9734, 38.3443], [-76.9867, 38.3707], [-77.0216, 38.4614], [-77.0316, 38.4814], [-77.0324, 38.4716], [-77.0389, 38.4543], [-77.0601, 38.4285], [-77.0946, 38.4087], [-77.1052, 38.4113], [-77.1036, 38.4345], [-77.1053, 38.4455], [-77.0998, 38.4534], [-77.0998, 38.4609], [-77.1072, 38.4677], [-77.1339, 38.4534], [-77.123, 38.446], [-77.1134, 38.4329], [-77.1339, 38.3989], [-77.1453, 38.3887], [-77.1678, 38.3809], [-77.1783, 38.3746], [-77.2037, 38.3643], [-77.2319, 38.3741], [-77.2553, 38.3935], [-77.2623, 38.4249], [-77.2579, 38.4511], [-77.2664, 38.4728], [-77.267, 38.4941], [-77.2275, 38.5569], [-77.2091, 38.5557], [-77.1864, 38.5568], [-77.1681, 38.577], [-77.1756, 38.5783], [-77.1894, 38.5691], [-77.2059, 38.5661], [-77.2044, 38.575], [-77.1844, 38.605], [-77.1726, 38.6095], [-77.1649, 38.6148], [-77.1583, 38.6165], [-77.1363, 38.6155], [-77.1265, 38.6179], [-77.121, 38.6238], [-77.1148, 38.6409], [-77.1061, 38.6571], [-77.1024, 38.6739], [-77.0963, 38.6828], [-77.0887, 38.6892], [-77.0808, 38.694], [-77.0456, 38.7007], [-77.0373, 38.6962], [-77.0219, 38.6955], [-77.0125, 38.6974], [-77.0156, 38.7006], [-77.0241, 38.6998], [-77.0307, 38.7033], [-77.0347, 38.7083], [-77.0302, 38.7157], [-77.0297, 38.7314], [-77.0247, 38.7408], [-77.0184, 38.744], [-77.0112, 38.7438], [-77.0117, 38.7472], [-77.0243, 38.7547], [-77.0281, 38.7653], [-77.0262, 38.7764], [-77.0212, 38.7828], [-77.018, 38.7906], [-77.0211, 38.7959], [-77.0274, 38.8199], [-77.0178, 38.8452], [-77.0159, 38.8543], [-77.0259, 38.8726], [-77.0496, 38.8883], [-77.0601, 38.8991], [-77.0683, 38.9019], [-77.0637, 38.8913], [-77.0452, 38.8762], [-77.039, 38.8683], [-77.033, 38.854], [-77.0328, 38.8453], [-77.037, 38.8398], [-77.0438, 38.8394], [-77.0376, 38.8151], [-77.0384, 38.7963], [-77.043, 38.7919], [-77.0497, 38.7887], [-77.0526, 38.7837], [-77.0477, 38.7764], [-77.0425, 38.7289], [-77.0478, 38.7157], [-77.07, 38.7107], [-77.0892, 38.7104], [-77.0994, 38.7069], [-77.1173, 38.7062], [-77.124, 38.6872], [-77.131, 38.6772], [-77.1424, 38.677], [-77.1491, 38.6857], [-77.1583, 38.6916], [-77.1678, 38.689], [-77.1693, 38.6793], [-77.1543, 38.6636], [-77.138, 38.6504], [-77.1349, 38.6363], [-77.1629, 38.6315], [-77.1872, 38.6208], [-77.2009, 38.6238], [-77.2093, 38.6311], [-77.1954, 38.6557], [-77.2018, 38.665], [-77.2159, 38.6649], [-77.2299, 38.6567], [-77.2363, 38.6418], [-77.2394, 38.6264], [-77.2474, 38.6093], [-77.2587, 38.5939], [-77.2717, 38.5838], [-77.267, 38.5808], [-77.258, 38.5695], [-77.2765, 38.5593], [-77.2848, 38.5565], [-77.2873, 38.5302], [-77.3054, 38.5022], [-77.3266, 38.4509], [-77.3142, 38.4061], [-77.3347, 38.4167], [-77.3518, 38.4328], [-77.3587, 38.4293], [-77.3502, 38.4096], [-77.3091, 38.3795], [-77.2974, 38.3687], [-77.2908, 38.3538], [-77.3022, 38.3543], [-77.3431, 38.3487], [-77.3385, 38.3426], [-77.2921, 38.3407], [-77.249, 38.3299], [-77.1667, 38.3479], [-77.1335, 38.3671], [-77.0856, 38.3684], [-77.0585, 38.3942], [-77.0408, 38.3959], [-77.0204, 38.3846], [-77.0148, 38.3723], [-77.017, 38.3551], [-77.014, 38.3435], [-77.0145, 38.3305], [-77.023, 38.3201], [-77.052, 38.323], [-77.0527, 38.3168], [-77.0386, 38.3129], [-77.0301, 38.3077], [-77.0005, 38.2773], [-76.9654, 38.2672], [-76.9598, 38.2601], [-76.9551, 38.2472], [-76.9566, 38.2355], [-76.9614, 38.2183], [-76.9542, 38.2102], [-76.9129, 38.1992], [-76.8818, 38.177], [-76.83, 38.1655], [-76.797, 38.1694], [-76.7751, 38.167], [-76.7564, 38.161], [-76.7504, 38.1484], [-76.7393, 38.1367], [-76.7152, 38.1419], [-76.6815, 38.1592], [-76.67, 38.1574], [-76.6551, 38.1479], [-76.6473, 38.145], [-76.6354, 38.145], [-76.6146, 38.1504], [-76.6072, 38.1435], [-76.6014, 38.1325], [-76.6072, 38.113], [-76.5813, 38.0976], [-76.5611, 38.0895], [-76.5344, 38.0752], [-76.5207, 38.0528], [-76.5331, 38.0427], [-76.5306, 38.0251], [-76.5256, 38.0227], [-76.5045, 38.0236], [-76.4851, 38.0218], [-76.4631, 38.0149], [-76.4544, 38.0062], [-76.4618, 38.0023], [-76.4691, 38.001], [-76.4082, 37.9696], [-76.373, 37.9606], [-76.2912, 37.925], [-76.262, 37.9143], [-76.2479, 37.9035], [-76.2358, 37.8596], [-76.2396, 37.8361], [-76.2501, 37.8228], [-76.2679, 37.8244], [-76.2994, 37.8509], [-76.3153, 37.8576], [-76.3249, 37.8487], [-76.3179, 37.8288], [-76.2978, 37.7961], [-76.2939, 37.7807], [-76.2941, 37.7714], [-76.3047, 37.7477], [-76.3092, 37.7464], [-76.3224, 37.7483], [-76.3252, 37.7443], [-76.317, 37.7322], [-76.2855, 37.7109], [-76.2842, 37.6993], [-76.2922, 37.6946], [-76.3037, 37.694], [-76.3252, 37.6993], [-76.3197, 37.6855], [-76.3253, 37.6795], [-76.3341, 37.6758], [-76.3389, 37.6689], [-76.3354, 37.6591], [-76.3211, 37.644], [-76.3179, 37.6372], [-76.3047, 37.6379], [-76.3211, 37.624], [-76.3494, 37.628], [-76.4047, 37.6447], [-76.4193, 37.6601], [-76.4301, 37.6669], [-76.435, 37.6618], [-76.4386, 37.6629], [-76.4464, 37.6708], [-76.4538, 37.6835], [-76.4561, 37.6925], [-76.4689, 37.7086], [-76.4787, 37.6951], [-76.4896, 37.6584], [-76.505, 37.6569], [-76.5169, 37.6689], [-76.5239, 37.6879], [-76.5244, 37.6993], [-76.5355, 37.7155], [-76.5714, 37.7513], [-76.579, 37.7713], [-76.5835, 37.7773], [-76.6131, 37.7961], [-76.6219, 37.8139], [-76.6286, 37.8184], [-76.6405, 37.8091], [-76.6496, 37.8131], [-76.6578, 37.819], [-76.6627, 37.8285], [-76.6615, 37.8433], [-76.6741, 37.833], [-76.6877, 37.8316], [-76.7009, 37.8369], [-76.7128, 37.8471], [-76.7504, 37.8952], [-76.7695, 37.9145], [-76.8323, 37.943], [-76.8503, 37.982], [-76.8801, 37.991], [-76.8957, 38.0073], [-76.9154, 38.0699], [-76.935, 38.0937], [-76.9471, 38.1033], [-76.9626, 38.1108], [-77.0074, 38.1181], [-77.0172, 38.117], [-77.0476, 38.1598], [-77.0626, 38.166], [-77.1072, 38.175], [-77.1259, 38.176], [-77.1339, 38.166], [-77.1267, 38.1555], [-77.1094, 38.149], [-77.0759, 38.145], [-77.0631, 38.1498], [-77.0555, 38.1496], [-77.052, 38.1418], [-77.0509, 38.1289], [-77.0474, 38.119], [-77.041, 38.111], [-77.0316, 38.1039], [-76.9606, 38.0896], [-76.9259, 38.0588], [-76.9217, 38.0528], [-76.9264, 37.9967], [-76.9226, 37.9808], [-76.9058, 37.9758], [-76.8917, 37.9743], [-76.8802, 37.9697], [-76.8774, 37.9564], [-76.8659, 37.942], [-76.8312, 37.9184], [-76.8165, 37.9036], [-76.7953, 37.892], [-76.7879, 37.8832], [-76.7669, 37.842], [-76.7527, 37.8226], [-76.7417, 37.81], [-76.7162, 37.7881], [-76.703, 37.787], [-76.688, 37.7895], [-76.6752, 37.7887], [-76.676, 37.7719], [-76.6687, 37.7555], [-76.6319, 37.7504], [-76.6134, 37.7395], [-76.6017, 37.7197], [-76.58, 37.6982], [-76.5708, 37.6532], [-76.552, 37.6268], [-76.5222, 37.6149], [-76.443, 37.6186], [-76.4282, 37.6242], [-76.4043, 37.5942], [-76.3676, 37.5842], [-76.3253, 37.5806], [-76.2842, 37.5696], [-76.3019, 37.5579], [-76.3192, 37.5529], [-76.3661, 37.5491], [-76.393, 37.5422], [-76.3934, 37.5331], [-76.3777, 37.5252], [-76.3565, 37.5218], [-76.3227, 37.5013], [-76.3013, 37.4938], [-76.2917, 37.5044], [-76.2898, 37.5194], [-76.2701, 37.5174], [-76.2628, 37.5029], [-76.2639, 37.4873], [-76.2772, 37.4704], [-76.2774, 37.4597], [-76.2674, 37.4532], [-76.2557, 37.4533], [-76.2445, 37.4495], [-76.2454, 37.3982], [-76.2492, 37.3634], [-76.2576, 37.3355], [-76.2807, 37.3214], [-76.2983, 37.3351], [-76.319, 37.3709], [-76.3216, 37.3863], [-76.3336, 37.385], [-76.3481, 37.38], [-76.3661, 37.3846], [-76.3966, 37.4296], [-76.4152, 37.4427], [-76.4282, 37.4182], [-76.4168, 37.415], [-76.4093, 37.4078], [-76.4015, 37.3908], [-76.4225, 37.3975], [-76.4332, 37.3967], [-76.4425, 37.3908], [-76.4476, 37.3799], [-76.4427, 37.372], [-76.4034, 37.3498], [-76.4015, 37.3399], [-76.435, 37.3293], [-76.435, 37.3231], [-76.4027, 37.325], [-76.394, 37.3231], [-76.3861, 37.3151], [-76.3769, 37.3012], [-76.3719, 37.288], [-76.3785, 37.2723], [-76.4574, 37.2611], [-76.496, 37.2491], [-76.5094, 37.2696], [-76.54, 37.2932], [-76.5547, 37.3079], [-76.5616, 37.3231], [-76.5743, 37.3252], [-76.582, 37.3305], [-76.6425, 37.409], [-76.6582, 37.4182], [-76.6809, 37.4275], [-76.7001, 37.4494], [-76.7298, 37.4945], [-76.7811, 37.5355], [-76.7903, 37.5327], [-76.7954, 37.5256], [-76.7982, 37.5044], [-76.7941, 37.4983], [-76.7646, 37.487], [-76.722, 37.4272], [-76.6908, 37.4111], [-76.6764, 37.3949], [-76.6062, 37.2958], [-76.5335, 37.2555], [-76.5043, 37.2318], [-76.4681, 37.214], [-76.4323, 37.2224], [-76.403, 37.2338], [-76.3856, 37.2325], [-76.3736, 37.2202], [-76.3758, 37.2178], [-76.3802, 37.1946], [-76.3797, 37.1854], [-76.3732, 37.176], [-76.3617, 37.1666], [-76.3511, 37.1642], [-76.3463, 37.1755], [-76.3172, 37.1595], [-76.2982, 37.1446], [-76.2917, 37.1301], [-76.3032, 37.1259], [-76.3256, 37.1141], [-76.3386, 37.1017], [-76.3221, 37.0959], [-76.2816, 37.1042], [-76.2704, 37.0976], [-76.2699, 37.0693], [-76.2745, 37.048], [-76.2829, 37.0282], [-76.2962, 37.0136], [-76.3153, 37.0079], [-76.3397, 37.0074], [-76.357, 37.0048], [-76.3714, 36.9985], [-76.3995, 36.9783], [-76.4154, 36.9726], [-76.4292, 36.9763], [-76.4403, 37.0158], [-76.453, 37.0302], [-76.5239, 37.0577], [-76.5461, 37.0894], [-76.5632, 37.0858], [-76.6112, 37.1194], [-76.6186, 37.1308], [-76.62, 37.1444], [-76.6108, 37.1726], [-76.6173, 37.1992], [-76.634, 37.2207], [-76.6548, 37.2338], [-76.6693, 37.2271], [-76.7108, 37.224], [-76.7298, 37.2202], [-76.7352, 37.2132], [-76.7388, 37.2033], [-76.7438, 37.1975], [-76.7538, 37.2031], [-76.7667, 37.2301], [-76.7742, 37.2338], [-76.7918, 37.237], [-76.829, 37.251], [-76.8428, 37.2543], [-76.8556, 37.2624], [-76.8574, 37.2819], [-76.8563, 37.3047], [-76.8602, 37.3231], [-76.8699, 37.3155], [-76.8735, 37.3052], [-76.8732, 37.2785], [-76.8782, 37.269], [-76.8892, 37.2592], [-76.908, 37.2475], [-76.9315, 37.2453], [-76.944, 37.256], [-76.953, 37.2736], [-76.9819, 37.3124], [-76.9905, 37.3203], [-77.0036, 37.3231], [-77.0145, 37.3188], [-77.0455, 37.2984], [-77.0555, 37.2872], [-77.0629, 37.297], [-77.0725, 37.3164], [-77.0828, 37.3244], [-77.0911, 37.3278], [-77.1003, 37.3271], [-77.1344, 37.3169], [-77.1444, 37.3164], [-77.1553, 37.3183], [-77.1783, 37.3293], [-77.2201, 37.3285], [-77.235, 37.3342], [-77.2506, 37.3498], [-77.2779, 37.3293], [-77.2743, 37.3164], [-77.2649, 37.3112], [-77.2551, 37.3093], [-77.2506, 37.3061], [-77.2396, 37.3087], [-77.1749, 37.2884], [-77.0892, 37.2884], [-77.0833, 37.2833], [-77.0762, 37.2733], [-77.0671, 37.2665], [-77.0554, 37.2714], [-77.0253, 37.292], [-77.0172, 37.2952], [-76.9952, 37.2881], [-76.9862, 37.269], [-76.9817, 37.2492], [-76.9732, 37.24], [-76.9507, 37.2352], [-76.9136, 37.2128], [-76.8937, 37.2065], [-76.8019, 37.2065], [-76.7877, 37.2001], [-76.7628, 37.1643], [-76.718, 37.15], [-76.6891, 37.1886], [-76.67, 37.185], [-76.6663, 37.1473], [-76.6553, 37.1051], [-76.6731, 37.0671], [-76.6597, 37.0433], [-76.5716, 37.0277], [-76.5716, 37.0215], [-76.5841, 37.0137], [-76.5858, 37.0079], [-76.5797, 37.004], [-76.5665, 37.0029], [-76.5511, 36.9966], [-76.5375, 36.9868], [-76.5135, 36.9652], [-76.4947, 36.954], [-76.491, 36.9332], [-76.4816, 36.9215], [-76.476, 36.9079], [-76.4819, 36.8986], [-76.4958, 36.8874], [-76.5244, 36.8707], [-76.5244, 36.8632], [-76.4974, 36.8652], [-76.476, 36.8752], [-76.4565, 36.8879], [-76.435, 36.898], [-76.4088, 36.902], [-76.3807, 36.9006], [-76.3541, 36.8944], [-76.3326, 36.8837], [-76.335, 36.8718], [-76.3248, 36.8605], [-76.3083, 36.8522], [-76.2917, 36.8496], [-76.31, 36.8704], [-76.3177, 36.8835], [-76.3153, 36.8946], [-76.301, 36.9116], [-76.3063, 36.9176], [-76.3284, 36.9293], [-76.3304, 36.9498], [-76.31, 36.9596], [-76.2689, 36.9614], [-76.1688, 36.9284], [-76.126, 36.9163], [-76.0781, 36.9116], [-76.0558, 36.9182], [-76.0355, 36.9348], [-76.0046, 36.9324], [-75.9889, 36.912], [-75.9602, 36.8068], [-75.8634, 36.5906], [-75.8119, 36.3835], [-75.797, 36.3428], [-75.7924, 36.3222], [-75.7908, 36.2981], [-75.7864, 36.282], [-75.7572, 36.2326], [-75.7143, 36.1298], [-75.564, 35.8953], [-75.5539, 35.8537], [-75.5238, 35.7944], [-75.558, 35.8087], [-75.5607, 35.8156], [-75.5616, 35.8326], [-75.5836, 35.8438], [-75.5895, 35.862], [-75.5922, 35.8974], [-75.607, 35.9238], [-75.6754, 35.9999], [-75.6815, 35.9999], [-75.6945, 35.9936], [-75.7098, 35.9978], [-75.7195, 36.01], [-75.7157, 36.0272], [-75.7074, 36.0165], [-75.699, 36.015], [-75.6754, 36.0209], [-75.6798, 36.0367], [-75.6872, 36.05], [-75.6969, 36.0556], [-75.7089, 36.0483], [-75.7235, 36.0588], [-75.7308, 36.0749], [-75.7356, 36.093], [-75.743, 36.1098], [-75.7386, 36.1412], [-75.749, 36.1716], [-75.7632, 36.2012], [-75.7737, 36.234], [-75.8017, 36.279], [-75.8153, 36.2912], [-75.8185, 36.2968], [-75.817, 36.3002], [-75.8119, 36.3015], [-75.8187, 36.3288], [-75.8249, 36.3943], [-75.8281, 36.4075], [-75.8422, 36.432], [-75.8454, 36.4492], [-75.8597, 36.4735], [-75.8671, 36.5076], [-75.8808, 36.5425], [-75.8801, 36.5479], [-75.8857, 36.5624], [-75.8839, 36.574], [-75.8802, 36.5847], [-75.8801, 36.5963], [-75.884, 36.6045], [-75.9006, 36.6243], [-75.9177, 36.6797], [-75.9279, 36.7062], [-75.9352, 36.7121], [-75.9469, 36.7185], [-75.9578, 36.7194], [-75.9627, 36.7093], [-75.9757, 36.6063], [-75.9683, 36.5517], [-75.962, 36.543], [-75.9498, 36.5434], [-75.9422, 36.5504], [-75.949, 36.5616], [-75.9322, 36.5704], [-75.9143, 36.5759], [-75.9088, 36.5487], [-75.9081, 36.5212], [-75.9011, 36.5029], [-75.9011, 36.496], [-75.9112, 36.4933], [-75.9521, 36.4933], [-75.9729, 36.4997], [-75.9784, 36.5279], [-76.0066, 36.5418], [-76.0446, 36.5895], [-76.0439, 36.5758], [-76.0348, 36.5596], [-76.0309, 36.5479], [-76.0309, 36.5359], [-76.0369, 36.5168], [-76.0372, 36.5008], [-76.029, 36.4803], [-76.0117, 36.4606], [-75.9899, 36.4438], [-75.9683, 36.4325], [-75.9858, 36.4253], [-75.9737, 36.4011], [-75.9487, 36.3752], [-75.9279, 36.3636], [-75.9431, 36.3796], [-75.9469, 36.3875], [-75.949, 36.3977], [-75.9454, 36.397], [-75.9391, 36.4087], [-75.9313, 36.4287], [-75.9186, 36.4293], [-75.9164, 36.4027], [-75.9217, 36.3568], [-75.9128, 36.3413], [-75.8804, 36.3007], [-75.8734, 36.2847], [-75.8699, 36.2722], [-75.8162, 36.1562], [-75.8119, 36.1408], [-75.804, 36.1213], [-75.7904, 36.0993], [-75.7855, 36.0816], [-75.8044, 36.0756], [-75.8212, 36.0827], [-75.838, 36.0978], [-75.8634, 36.1271], [-75.8684, 36.1367], [-75.8664, 36.1455], [-75.8597, 36.1616], [-75.8622, 36.1718], [-75.8681, 36.183], [-75.8801, 36.1991], [-75.9026, 36.2143], [-75.9081, 36.2196], [-75.9103, 36.2261], [-75.911, 36.2404], [-75.9143, 36.2469], [-75.9285, 36.2553], [-75.943, 36.2604], [-75.9482, 36.2691], [-75.9347, 36.2878], [-75.9617, 36.307], [-75.9766, 36.314], [-75.9962, 36.3152], [-75.9872, 36.2999], [-75.9761, 36.293], [-75.9667, 36.2844], [-75.9584, 36.2468], [-75.9511, 36.2276], [-75.9497, 36.2121], [-75.9627, 36.206], [-75.9372, 36.185], [-75.923, 36.1768], [-75.9081, 36.1718], [-75.9081, 36.165], [-75.9789, 36.1832], [-75.9996, 36.1855], [-76.0204, 36.1915], [-76.0375, 36.2058], [-76.0617, 36.2363], [-76.0697, 36.2415], [-76.0878, 36.2456], [-76.0961, 36.2506], [-76.1136, 36.2673], [-76.1334, 36.2817], [-76.1495, 36.289], [-76.2023, 36.3015], [-76.1934, 36.3058], [-76.1861, 36.3129], [-76.1861, 36.3196], [-76.1988, 36.3227], [-76.2086, 36.3171], [-76.2174, 36.3052], [-76.2222, 36.2933], [-76.2193, 36.2878], [-76.1968, 36.2834], [-76.1744, 36.2727], [-76.1549, 36.2592], [-76.1409, 36.2469], [-76.1247, 36.2231], [-76.1144, 36.2111], [-76.0902, 36.2006], [-76.0802, 36.1772], [-76.0574, 36.1688], [-76.0635, 36.162], [-76.0856, 36.1507], [-76.0971, 36.1473], [-76.1334, 36.1445], [-76.1334, 36.137], [-76.1266, 36.137], [-76.1266, 36.1308], [-76.1681, 36.1308], [-76.178, 36.134], [-76.2094, 36.1497], [-76.2262, 36.1728], [-76.2327, 36.178], [-76.2418, 36.181], [-76.2699, 36.1991], [-76.2853, 36.2118], [-76.292, 36.2127], [-76.2917, 36.1991], [-76.2872, 36.1904], [-76.2791, 36.1815], [-76.2693, 36.1745], [-76.26, 36.1718], [-76.2486, 36.1634], [-76.2139, 36.1232], [-76.1954, 36.1098], [-76.1954, 36.1035], [-76.2201, 36.0995], [-76.2445, 36.1039], [-76.3494, 36.142], [-76.3774, 36.1562], [-76.394, 36.178], [-76.4104, 36.1743], [-76.4277, 36.183], [-76.4454, 36.1962], [-76.463, 36.206], [-76.4499, 36.1826], [-76.435, 36.165], [-76.3992, 36.1486], [-76.394, 36.1408], [-76.3831, 36.1301], [-76.3579, 36.1174], [-76.3301, 36.107], [-76.3115, 36.1035], [-76.3115, 36.0961], [-76.4117, 36.083], [-76.4282, 36.0756], [-76.4282, 36.0681], [-76.4145, 36.0681], [-76.4359, 36.0482], [-76.4676, 36.0309], [-76.5003, 36.0186], [-76.5244, 36.0135], [-76.5587, 36.0114], [-76.5773, 36.0124], [-76.5893, 36.0172], [-76.6175, 36.0537], [-76.6268, 36.062], [-76.6437, 36.0384], [-76.6667, 36.0384], [-76.687, 36.0561], [-76.701, 36.1105], [-76.7245, 36.1553], [-76.7298, 36.1817], [-76.7162, 36.2264], [-76.7108, 36.2368], [-76.6889, 36.2599], [-76.6796, 36.2875], [-76.6883, 36.3052], [-76.7076, 36.3159], [-76.7298, 36.3227], [-76.7237, 36.3111], [-76.7057, 36.2941], [-76.702, 36.2847], [-76.7042, 36.2716], [-76.7101, 36.2634], [-76.7261, 36.2506], [-76.7429, 36.2316], [-76.7523, 36.214], [-76.7564, 36.1933], [-76.7572, 36.1271], [-76.754, 36.1161], [-76.7399, 36.0933], [-76.7336, 36.0651], [-76.7093, 36.0408], [-76.7067, 36.0288], [-76.7074, 36.0172], [-76.704, 36.0089], [-76.6889, 36.0067], [-76.695, 35.9925], [-76.7298, 35.9527], [-76.7298, 35.9453], [-76.5916, 35.9447], [-76.5653, 35.9384], [-76.5579, 35.9384], [-76.5256, 35.9551], [-76.473, 35.9724], [-76.4202, 35.9813], [-76.3873, 35.9731], [-76.3832, 35.9631], [-76.3873, 35.9384], [-76.3802, 35.932], [-76.373, 35.935], [-76.3644, 35.9414], [-76.3531, 35.9453], [-76.3317, 35.9418], [-76.2892, 35.9258], [-76.2637, 35.9248], [-76.277, 35.9375], [-76.2979, 35.9472], [-76.3068, 35.9578], [-76.2842, 35.9731], [-76.1954, 35.9936], [-76.0998, 35.9999], [-76.0759, 35.995], [-76.0483, 35.9837], [-76.0294, 35.9687], [-76.0309, 35.9527], [-76.0531, 35.9626], [-76.064, 35.9533], [-76.0719, 35.9185], [-76.0377, 35.9291], [-76.0235, 35.9316], [-76.0325, 35.9097], [-76.0459, 35.8886], [-76.0636, 35.8737], [-76.0856, 35.8701], [-76.0856, 35.8633], [-76.0631, 35.848], [-76.0511, 35.8192], [-76.0563, 35.7934], [-76.0856, 35.7869], [-76.1125, 35.7946], [-76.1242, 35.7946], [-76.1166, 35.7839], [-76.105, 35.7772], [-76.0892, 35.7718], [-76.0726, 35.7684], [-76.0583, 35.7678], [-76.0651, 35.7678], [-76.0568, 35.7615], [-76.0473, 35.7495], [-76.0425, 35.7377], [-76.048, 35.7324], [-76.0583, 35.7265], [-76.0535, 35.7138], [-76.0433, 35.7021], [-76.0372, 35.6988], [-76.0543, 35.6839], [-76.0845, 35.6889], [-76.1171, 35.6989], [-76.1409, 35.6988], [-76.1236, 35.6735], [-76.1, 35.6652], [-76.0727, 35.6667], [-76.0446, 35.6715], [-76.0445, 35.664], [-76.0372, 35.651], [-76.0309, 35.651], [-75.9949, 35.7303], [-75.99, 35.764], [-75.99, 35.8869], [-75.9824, 35.8958], [-75.9492, 35.9144], [-75.9416, 35.9216], [-75.9349, 35.9249], [-75.9204, 35.9127], [-75.9006, 35.89], [-75.8702, 35.8776], [-75.8614, 35.8807], [-75.8592, 35.8875], [-75.8625, 35.8944], [-75.8826, 35.9018], [-75.8938, 35.9125], [-75.9027, 35.9258], [-75.9081, 35.9384], [-75.8873, 35.934], [-75.866, 35.9265], [-75.845, 35.9232], [-75.8249, 35.9316], [-75.8341, 35.9386], [-75.8441, 35.9429], [-75.855, 35.9451], [-75.8671, 35.9453], [-75.8563, 35.961], [-75.8529, 35.98], [-75.8189, 35.9605], [-75.7905, 35.9325], [-75.743, 35.8701], [-75.743, 35.8569], [-75.7218, 35.8292], [-75.722, 35.8107], [-75.7384, 35.7829], [-75.743, 35.7678], [-75.7401, 35.7583], [-75.7262, 35.7404], [-75.7218, 35.7261], [-75.7209, 35.705], [-75.7249, 35.6982], [-75.7498, 35.6988], [-75.7734, 35.6969], [-75.7736, 35.6898], [-75.7634, 35.6715], [-75.741, 35.643], [-75.7396, 35.6326], [-75.7583, 35.6072], [-75.7644, 35.6039], [-75.7733, 35.6026], [-75.7823, 35.5992], [-75.7834, 35.5911], [-75.7821, 35.5822], [-75.7839, 35.5759], [-75.795, 35.571], [-75.8083, 35.5688], [-75.8392, 35.5685], [-75.8392, 35.5759], [-75.8187, 35.5821], [-75.8226, 35.5927], [-75.8249, 35.5958], [-75.8495, 35.5871], [-75.8664, 35.5956], [-75.878, 35.6147], [-75.8863, 35.6374], [-75.8944, 35.622], [-75.8945, 35.5889], [-75.8972, 35.579], [-75.9545, 35.5303], [-75.9593, 35.5282], [-75.9779, 35.5252], [-75.9794, 35.5197], [-75.9728, 35.5021], [-75.9732, 35.4971], [-75.9792, 35.4897], [-75.9854, 35.4862], [-76.0106, 35.4791], [-76.0033, 35.465], [-76.0089, 35.456], [-76.0184, 35.4492], [-76.0235, 35.4412], [-76.0246, 35.4273], [-76.0282, 35.4193], [-76.0348, 35.4182], [-76.0446, 35.4245], [-76.0372, 35.4313], [-76.0561, 35.4415], [-76.071, 35.4272], [-76.076, 35.4049], [-76.0651, 35.3903], [-76.0651, 35.3842], [-76.0797, 35.383], [-76.1183, 35.3728], [-76.13, 35.3662], [-76.1424, 35.3525], [-76.1504, 35.3472], [-76.2181, 35.3489], [-76.2357, 35.3532], [-76.2464, 35.372], [-76.2535, 35.3737], [-76.2605, 35.37], [-76.2687, 35.3484], [-76.2802, 35.3507], [-76.3107, 35.3677], [-76.3243, 35.3937], [-76.3326, 35.404], [-76.3553, 35.4135], [-76.3635, 35.4052], [-76.3638, 35.3914], [-76.363, 35.3842], [-76.3556, 35.3777], [-76.3524, 35.3636], [-76.3572, 35.3495], [-76.3736, 35.3432], [-76.3796, 35.3533], [-76.394, 35.3625], [-76.4029, 35.3652], [-76.4103, 35.3643], [-76.4162, 35.366], [-76.4208, 35.3767], [-76.3797, 35.3767], [-76.3797, 35.3842], [-76.3885, 35.3923], [-76.3927, 35.409], [-76.394, 35.4412], [-76.4023, 35.4596], [-76.4183, 35.4645], [-76.4289, 35.457], [-76.4208, 35.4382], [-76.4425, 35.404], [-76.454, 35.4101], [-76.4656, 35.4113], [-76.4758, 35.4073], [-76.4835, 35.3978], [-76.4707, 35.3898], [-76.463, 35.3767], [-76.4984, 35.3913], [-76.5118, 35.401], [-76.5244, 35.4177], [-76.5106, 35.4213], [-76.5039, 35.4313], [-76.5461, 35.4452], [-76.5601, 35.4559], [-76.5449, 35.4661], [-76.5449, 35.4722], [-76.5644, 35.4839], [-76.5752, 35.4975], [-76.5707, 35.5086], [-76.5449, 35.5133], [-76.4947, 35.5068], [-76.4779, 35.5139], [-76.463, 35.5412], [-76.4889, 35.5368], [-76.5117, 35.5377], [-76.5579, 35.548], [-76.585, 35.5497], [-76.6059, 35.5425], [-76.6473, 35.5207], [-76.632, 35.5175], [-76.6208, 35.5108], [-76.6063, 35.4927], [-76.62, 35.4661], [-76.6058, 35.4525], [-76.5927, 35.4443], [-76.5927, 35.4382], [-76.5983, 35.4355], [-76.6063, 35.4245], [-76.5884, 35.4169], [-76.5827, 35.4113], [-76.579, 35.404], [-76.5998, 35.3951], [-76.6288, 35.4], [-76.65, 35.4154], [-76.6473, 35.4382], [-76.6642, 35.4342], [-76.6704, 35.4304], [-76.6752, 35.4245], [-76.7043, 35.4304], [-76.7584, 35.4189], [-76.7811, 35.4279], [-76.802, 35.4449], [-76.8218, 35.453], [-76.8732, 35.4586], [-76.9013, 35.4655], [-76.949, 35.488], [-76.994, 35.4971], [-77.0141, 35.5078], [-77.052, 35.5344], [-77.0358, 35.5039], [-77.0255, 35.4915], [-77.0141, 35.4866], [-76.9945, 35.4816], [-76.985, 35.4692], [-76.9763, 35.4382], [-76.9451, 35.4525], [-76.9039, 35.4439], [-76.8629, 35.424], [-76.8323, 35.404], [-76.817, 35.3963], [-76.7572, 35.3842], [-76.6941, 35.3537], [-76.6116, 35.3377], [-76.521, 35.3131], [-76.4971, 35.3115], [-76.4943, 35.301], [-76.4876, 35.2915], [-76.4726, 35.2774], [-76.4704, 35.2706], [-76.4805, 35.2533], [-76.4835, 35.2429], [-76.4928, 35.2302], [-76.5153, 35.2304], [-76.5653, 35.2395], [-76.5653, 35.2333], [-76.5417, 35.2244], [-76.5296, 35.2177], [-76.5244, 35.2085], [-76.5303, 35.1999], [-76.5441, 35.2019], [-76.5716, 35.2116], [-76.5883, 35.2091], [-76.6166, 35.1911], [-76.632, 35.1903], [-76.6486, 35.1872], [-76.6639, 35.1809], [-76.6752, 35.1706], [-76.6619, 35.1668], [-76.62, 35.1645], [-76.608, 35.1591], [-76.5983, 35.1523], [-76.5873, 35.1497], [-76.5716, 35.157], [-76.5858, 35.1645], [-76.5858, 35.1706], [-76.5716, 35.178], [-76.5548, 35.1497], [-76.5605, 35.1244], [-76.5821, 35.1055], [-76.6131, 35.0961], [-76.608, 35.0798], [-76.6433, 35.0581], [-76.6876, 35.0373], [-76.7093, 35.0235], [-76.7259, 35.0006], [-76.7645, 34.9892], [-76.8078, 34.9873], [-76.8391, 34.9925], [-76.8736, 35.0087], [-76.9012, 35.0272], [-76.9463, 35.0686], [-76.9595, 35.075], [-76.9962, 35.0876], [-77.0434, 35.1436], [-77.0793, 35.157], [-77.0367, 35.0993], [-77.0349, 35.0887], [-77.0154, 35.0809], [-76.9994, 35.0622], [-76.9763, 35.0198], [-76.9403, 34.9798], [-76.8992, 34.9641], [-76.8541, 34.9574], [-76.8056, 34.9447], [-76.7708, 34.9242], [-76.762, 34.9124], [-76.7572, 34.9099], [-76.75, 34.9116], [-76.74, 34.9218], [-76.7134, 34.9299], [-76.6615, 34.9726], [-76.6424, 34.9838], [-76.6318, 34.987], [-76.62, 34.9863], [-76.6106, 34.9805], [-76.6026, 34.971], [-76.5961, 34.9583], [-76.5785, 34.9504], [-76.5553, 34.9367], [-76.5399, 34.9321], [-76.5449, 34.9515], [-76.5665, 34.9792], [-76.5686, 34.9932], [-76.5482, 34.9993], [-76.5336, 34.9994], [-76.5183, 34.9973], [-76.5032, 34.9896], [-76.4896, 34.9726], [-76.4836, 34.9871], [-76.4835, 35.0272], [-76.477, 35.0411], [-76.4652, 35.0598], [-76.4538, 35.0734], [-76.4487, 35.0716], [-76.435, 35.0512], [-76.4425, 35.0167], [-76.4245, 34.9959], [-76.4189, 34.9865], [-76.4241, 34.9809], [-76.4503, 34.9696], [-76.4578, 34.9702], [-76.4643, 34.9685], [-76.4691, 34.9583], [-76.4696, 34.9499], [-76.4667, 34.9443], [-76.4618, 34.9406], [-76.4561, 34.9379], [-76.4398, 34.9387], [-76.3961, 34.9501], [-76.3873, 34.9481], [-76.3776, 34.9658], [-76.3563, 34.972], [-76.3349, 34.9731], [-76.3252, 34.9757], [-76.3282, 34.9912], [-76.345, 35.0123], [-76.3531, 35.0272], [-76.3222, 35.0199], [-76.3066, 35.0031], [-76.2935, 34.9848], [-76.2699, 34.9726], [-76.2699, 34.9652], [-76.2794, 34.9597], [-76.2935, 34.9438], [-76.3047, 34.9379], [-76.3205, 34.9375], [-76.332, 34.9411], [-76.3404, 34.9397], [-76.3463, 34.9242], [-76.3441, 34.914], [-76.3378, 34.9078], [-76.3357, 34.8995], [-76.3463, 34.8832], [-76.3548, 34.8774], [-76.394, 34.8627], [-76.4015, 34.8832], [-76.4078, 34.8832], [-76.4112, 34.8757], [-76.4117, 34.8587], [-76.4145, 34.8491], [-76.4206, 34.8395], [-76.4425, 34.8218], [-76.476, 34.7871], [-76.4972, 34.7746], [-76.5039, 34.7665], [-76.5039, 34.7612], [-76.4991, 34.7481], [-76.5039, 34.7398], [-76.5128, 34.7344], [-76.5228, 34.7319], [-76.5449, 34.7324], [-76.5662, 34.7385], [-76.5836, 34.7513], [-76.5882, 34.7666], [-76.5716, 34.7808], [-76.5933, 34.7968], [-76.6075, 34.8139], [-76.616, 34.8161], [-76.6222, 34.731], [-76.633, 34.7092], [-76.6582, 34.7219], [-76.6651, 34.7415], [-76.667, 34.7678], [-76.6712, 34.7908], [-76.6852, 34.8007], [-76.7098, 34.7966], [-76.7346, 34.7859], [-76.7562, 34.7708], [-76.7708, 34.7535], [-76.7548, 34.7541], [-76.7457, 34.7566], [-76.7298, 34.7665], [-76.7081, 34.7383], [-76.702, 34.7256], [-76.8961, 34.7392], [-76.9285, 34.7219], [-77.0729, 34.6863], [-77.0933, 34.677], [-77.1027, 34.6833], [-77.1027, 34.6943], [-77.0855, 34.7051], [-77.1072, 34.7324], [-77.1136, 34.7558], [-77.1134, 34.7597], [-77.1317, 34.7624], [-77.132, 34.7476], [-77.1247, 34.7304], [-77.1203, 34.7256], [-77.1219, 34.7083], [-77.1278, 34.6933], [-77.1369, 34.6824], [-77.1483, 34.6772], [-77.1548, 34.6799], [-77.1664, 34.6926], [-77.1749, 34.6915], [-77.1758, 34.685], [-77.167, 34.6671], [-77.1715, 34.6635], [-77.2015, 34.6507], [-77.2536, 34.5944], [-77.2814, 34.5815], [-77.2934, 34.5784], [-77.318, 34.5643], [-77.3365, 34.5611], [-77.3568, 34.5771], [-77.3657, 34.582], [-77.4015, 34.5891], [-77.3869, 34.6035], [-77.3431, 34.6313], [-77.3332, 34.6498], [-77.3404, 34.661], [-77.3784, 34.7013], [-77.3946, 34.7119], [-77.3946, 34.7182], [-77.378, 34.7187], [-77.3751, 34.7243], [-77.3819, 34.7323], [-77.3946, 34.7398], [-77.4035, 34.7401], [-77.4137, 34.7379], [-77.4247, 34.7401], [-77.4356, 34.7535], [-77.4285, 34.7012], [-77.422, 34.6846], [-77.4092, 34.6909], [-77.3968, 34.6838], [-77.3868, 34.6701], [-77.381, 34.6567], [-77.3824, 34.632], [-77.397, 34.62], [-77.4139, 34.6169], [-77.422, 34.6191], [-77.4261, 34.6232], [-77.4355, 34.6225], [-77.445, 34.6176], [-77.4498, 34.6089], [-77.4462, 34.6008], [-77.4265, 34.5792], [-77.4186, 34.5748], [-77.4006, 34.5711], [-77.3832, 34.5622], [-77.3756, 34.5511], [-77.3872, 34.5407], [-77.3872, 34.5338], [-77.3789, 34.5272], [-77.3879, 34.5227], [-77.404, 34.5176], [-77.4556, 34.5053], [-77.5359, 34.4686], [-77.6683, 34.3762], [-77.7305, 34.3159], [-77.785, 34.2464], [-77.8166, 34.2224], [-77.8327, 34.207], [-77.8445, 34.175], [-77.8671, 34.1384], [-77.8744, 34.1223], [-77.8931, 34.012], [-77.9111, 33.9582], [-77.942, 33.9305], [-77.9337, 33.9489], [-77.9323, 33.9578], [-77.9359, 33.9652], [-77.9359, 33.9714], [-77.9213, 34.001], [-77.9296, 34.0798], [-77.9216, 34.1086], [-77.9407, 34.1477], [-77.9563, 34.1911], [-77.9626, 34.1911], [-77.9629, 34.1632], [-77.9523, 34.0917], [-77.942, 34.0676], [-77.9486, 34.0537], [-77.9505, 34.0372], [-77.9495, 34.0028], [-77.9532, 33.9895], [-77.9722, 33.9526], [-78.0089, 33.9047], [-78.0178, 33.8963], [-78.0323, 33.8923], [-78.0493, 33.8939], [-78.1396, 33.9152], [-78.1587, 33.9168], [-78.214, 33.9155], [-78.2269, 33.9206], [-78.2525, 33.9251], [-78.3335, 33.9101], [-78.3673, 33.9168], [-78.3624, 33.9242], [-78.3617, 33.9324], [-78.3673, 33.9509], [-78.3747, 33.9509], [-78.3849, 33.9226], [-78.4083, 33.9105], [-78.4709, 33.8963], [-78.559, 33.869], [-78.5454, 33.8833], [-78.5454, 33.8896], [-78.6, 33.8759], [-78.6, 33.869], [-78.5904, 33.8676], [-78.5829, 33.8637], [-78.5772, 33.8572], [-78.5733, 33.848], [-78.6151, 33.8458], [-78.657, 33.8319], [-78.7633, 33.7786], [-78.8675, 33.7045], [-78.938, 33.6421], [-79.1331, 33.4174], [-79.1561, 33.3756], [-79.1487, 33.3688], [-79.1561, 33.3578], [-79.1826, 33.2413], [-79.1835, 33.2179], [-79.1896, 33.2179], [-79.1974, 33.2323], [-79.1986, 33.2685], [-79.2033, 33.2868], [-79.2137, 33.3007], [-79.2269, 33.3063], [-79.2685, 33.3067], [-79.272, 33.3173], [-79.2632, 33.3403], [-79.2372, 33.3865], [-79.201, 33.4221], [-79.1896, 33.4309], [-79.1896, 33.437], [-79.212, 33.4284], [-79.2323, 33.4121], [-79.2771, 33.3591], [-79.2882, 33.3393], [-79.2964, 33.3178], [-79.2995, 33.2968], [-79.2914, 33.2777], [-79.272, 33.2615], [-79.2483, 33.2501], [-79.214, 33.2425], [-79.2113, 33.234], [-79.2124, 33.2227], [-79.2101, 33.2111], [-79.203, 33.1929], [-79.1973, 33.1879], [-79.1835, 33.1838], [-79.2102, 33.1678], [-79.2229, 33.1579], [-79.2306, 33.1422], [-79.2393, 33.1497], [-79.2472, 33.1668], [-79.2551, 33.1702], [-79.2689, 33.1661], [-79.27, 33.1566], [-79.2628, 33.1453], [-79.2517, 33.136], [-79.2609, 33.1267], [-79.2722, 33.1223], [-79.2792, 33.1394], [-79.2973, 33.1491], [-79.3199, 33.1539], [-79.3404, 33.1558], [-79.3298, 33.1425], [-79.3076, 33.1375], [-79.2899, 33.13], [-79.2926, 33.1087], [-79.3077, 33.0954], [-79.3518, 33.0788], [-79.3715, 33.064], [-79.3787, 33.0463], [-79.3798, 33.0297], [-79.387, 33.0173], [-79.4125, 33.0124], [-79.4354, 33.011], [-79.4576, 33.0067], [-79.477, 33.0001], [-79.4913, 32.9914], [-79.4957, 33.0019], [-79.52, 33.0412], [-79.5386, 33.0363], [-79.5701, 33.0193], [-79.5848, 33.0138], [-79.5972, 33.0005], [-79.6229, 32.9553], [-79.6245, 32.9438], [-79.6195, 32.9322], [-79.6074, 32.9162], [-79.6022, 32.9241], [-79.5945, 32.9301], [-79.5849, 32.9344], [-79.5738, 32.9368], [-79.5814, 32.9217], [-79.5887, 32.9141], [-79.6378, 32.8907], [-79.6537, 32.8858], [-79.6615, 32.8716], [-79.6664, 32.8685], [-79.693, 32.8601], [-79.7122, 32.8404], [-79.7279, 32.8175], [-79.7445, 32.7996], [-79.7987, 32.7731], [-79.8287, 32.7628], [-79.851, 32.7586], [-79.8621, 32.7641], [-79.8817, 32.788], [-79.8991, 32.7934], [-79.9062, 32.8004], [-79.8975, 32.8161], [-79.8749, 32.8412], [-79.8923, 32.8548], [-79.8992, 32.8518], [-79.9034, 32.8449], [-79.9047, 32.838], [-79.9028, 32.8344], [-79.9381, 32.8541], [-79.9438, 32.8515], [-79.9416, 32.8376], [-79.9322, 32.8122], [-79.9301, 32.7965], [-79.9341, 32.7834], [-79.944, 32.7824], [-79.9574, 32.789], [-79.9717, 32.7996], [-79.9676, 32.7852], [-79.9574, 32.772], [-79.9431, 32.7624], [-79.9078, 32.7555], [-79.8992, 32.748], [-79.8931, 32.7391], [-79.879, 32.7314], [-79.876, 32.7322], [-79.8749, 32.7381], [-79.868, 32.7381], [-79.8714, 32.7083], [-79.8873, 32.6881], [-79.9457, 32.6533], [-79.9559, 32.6494], [-79.9813, 32.6487], [-80.0167, 32.6537], [-80.0257, 32.6487], [-80.0257, 32.6425], [-80.0028, 32.6295], [-79.9955, 32.619], [-80.0051, 32.6116], [-80.0579, 32.604], [-80.1042, 32.5908], [-80.1256, 32.588], [-80.1491, 32.5814], [-80.1631, 32.5703], [-80.1771, 32.567], [-80.2008, 32.5842], [-80.2323, 32.613], [-80.2513, 32.6238], [-80.2659, 32.6214], [-80.254, 32.6085], [-80.2074, 32.5732], [-80.2018, 32.5715], [-80.2008, 32.5694], [-80.2045, 32.5606], [-80.2113, 32.5521], [-80.2316, 32.5424], [-80.3035, 32.498], [-80.3157, 32.4945], [-80.3232, 32.4884], [-80.3312, 32.4864], [-80.3445, 32.4948], [-80.35, 32.5052], [-80.3514, 32.5167], [-80.3554, 32.5269], [-80.369, 32.5334], [-80.366, 32.5169], [-80.3693, 32.4988], [-80.3782, 32.4841], [-80.3926, 32.4781], [-80.4093, 32.4811], [-80.4278, 32.4973], [-80.4434, 32.5054], [-80.4879, 32.5124], [-80.525, 32.5402], [-80.5326, 32.5478], [-80.5397, 32.5606], [-80.5471, 32.5606], [-80.5473, 32.5489], [-80.5442, 32.5379], [-80.5328, 32.519], [-80.558, 32.5163], [-80.629, 32.5259], [-80.6601, 32.5259], [-80.6698, 32.5211], [-80.678, 32.5115], [-80.6775, 32.498], [-80.6594, 32.506], [-80.571, 32.4917], [-80.5294, 32.498], [-80.5161, 32.4954], [-80.4919, 32.483], [-80.4782, 32.4781], [-80.4782, 32.4706], [-80.5053, 32.4724], [-80.5349, 32.4708], [-80.5635, 32.4656], [-80.5875, 32.4569], [-80.4952, 32.4508], [-80.4698, 32.4421], [-80.4584, 32.4232], [-80.4635, 32.4041], [-80.5067, 32.3887], [-80.5304, 32.3735], [-80.5477, 32.3571], [-80.5471, 32.3471], [-80.5283, 32.3489], [-80.5015, 32.3588], [-80.4769, 32.3715], [-80.4416, 32.4013], [-80.4372, 32.4098], [-80.4298, 32.4098], [-80.4337, 32.3902], [-80.4411, 32.3661], [-80.4516, 32.35], [-80.4645, 32.3546], [-80.4708, 32.3546], [-80.4703, 32.3493], [-80.4782, 32.3471], [-80.4599, 32.3373], [-80.4708, 32.3227], [-80.5533, 32.2788], [-80.5642, 32.2772], [-80.5875, 32.2788], [-80.626, 32.2626], [-80.6368, 32.2668], [-80.6427, 32.2931], [-80.6422, 32.3192], [-80.629, 32.3819], [-80.6644, 32.3682], [-80.67, 32.3736], [-80.6512, 32.4455], [-80.6573, 32.4627], [-80.6837, 32.4644], [-80.6794, 32.4546], [-80.67, 32.4569], [-80.6689, 32.4538], [-80.6632, 32.4508], [-80.6728, 32.4391], [-80.6769, 32.4257], [-80.6775, 32.3577], [-80.6752, 32.3499], [-80.6654, 32.334], [-80.6632, 32.3236], [-80.6675, 32.3054], [-80.6783, 32.3027], [-80.6918, 32.3096], [-80.7593, 32.3608], [-80.7844, 32.4162], [-80.796, 32.4533], [-80.7969, 32.4744], [-80.783, 32.4917], [-80.7856, 32.4967], [-80.7981, 32.4982], [-80.814, 32.5054], [-80.8225, 32.5181], [-80.8275, 32.5314], [-80.8359, 32.5401], [-80.855, 32.5395], [-80.855, 32.5334], [-80.8428, 32.5242], [-80.8284, 32.4957], [-80.8208, 32.4848], [-80.8208, 32.4781], [-80.8289, 32.4553], [-80.8158, 32.4193], [-80.7969, 32.3826], [-80.7873, 32.3577], [-80.7986, 32.3336], [-80.7989, 32.3197], [-80.7836, 32.3136], [-80.7758, 32.3057], [-80.7451, 32.259], [-80.727, 32.2659], [-80.7121, 32.263], [-80.7002, 32.2545], [-80.6911, 32.2447], [-80.6773, 32.2253], [-80.6778, 32.2147], [-80.7047, 32.1907], [-80.7371, 32.1521], [-80.8208, 32.1081], [-80.8116, 32.1447], [-80.7772, 32.2073], [-80.7799, 32.2447], [-80.788, 32.2358], [-80.7935, 32.1969], [-80.8008, 32.1862], [-80.8235, 32.1658], [-80.8282, 32.1591], [-80.8321, 32.1343], [-80.8419, 32.116], [-80.8876, 32.0694], [-80.8945, 32.0588], [-80.896, 32.0467], [-80.8894, 32.0304], [-80.879, 32.0265], [-80.8652, 32.0265], [-80.8481, 32.0222], [-80.8357, 32.0029], [-80.8539, 31.9822], [-80.9034, 31.9505], [-80.9127, 31.9559], [-80.9195, 31.9652], [-80.9238, 31.9778], [-80.9374, 31.9765], [-80.9443, 31.9692], [-80.9486, 31.9611], [-80.9648, 31.9488], [-80.9631, 31.9307], [-80.9495, 31.9137], [-80.9238, 31.9089], [-80.9582, 31.8793], [-80.9805, 31.8654], [-80.9952, 31.8645], [-81.0126, 31.8745], [-81.0577, 31.8819], [-81.0747, 31.8884], [-81.0868, 31.9077], [-81.0953, 31.916], [-81.1082, 31.9163], [-81.1182, 31.9077], [-81.1118, 31.898], [-81.0914, 31.885], [-81.0903, 31.8757], [-81.1302, 31.8668], [-81.143, 31.8549], [-81.0877, 31.8475], [-81.061, 31.827], [-81.0399, 31.827], [-81.0495, 31.8135], [-81.0609, 31.7882], [-81.0914, 31.7543], [-81.1055, 31.7427], [-81.119, 31.7376], [-81.1714, 31.7366], [-81.2046, 31.7414], [-81.2286, 31.755], [-81.2386, 31.7631], [-81.2532, 31.7703], [-81.2666, 31.7724], [-81.2733, 31.7655], [-81.2692, 31.7517], [-81.2562, 31.7448], [-81.2255, 31.7376], [-81.1963, 31.7176], [-81.199, 31.6994], [-81.2391, 31.6631], [-81.2519, 31.6472], [-81.2589, 31.6321], [-81.3009, 31.5708], [-81.3183, 31.5656], [-81.3311, 31.5524], [-81.3334, 31.5444], [-81.3202, 31.5224], [-81.3282, 31.5023], [-81.3269, 31.4863], [-81.3314, 31.4672], [-81.3653, 31.4379], [-81.3639, 31.4158], [-81.3257, 31.3489], [-81.3362, 31.3428], [-81.4289, 31.3529], [-81.4508, 31.3615], [-81.4709, 31.3729], [-81.48, 31.3742], [-81.4924, 31.3677], [-81.467, 31.3478], [-81.4265, 31.333], [-81.382, 31.3237], [-81.3447, 31.3205], [-81.3283, 31.3153], [-81.2851, 31.2877], [-81.2699, 31.2748], [-81.2677, 31.2587], [-81.2746, 31.2355], [-81.2886, 31.2209], [-81.3075, 31.2305], [-81.3432, 31.1807], [-81.3675, 31.1536], [-81.386, 31.1418], [-81.4092, 31.1433], [-81.418, 31.149], [-81.4186, 31.1606], [-81.4155, 31.2072], [-81.423, 31.2196], [-81.4447, 31.2168], [-81.4548, 31.206], [-81.4565, 31.1904], [-81.4486, 31.1509], [-81.4469, 31.1308], [-81.4517, 31.1171], [-81.4873, 31.1336], [-81.4958, 31.1262], [-81.4926, 31.1137], [-81.464, 31.1026], [-81.441, 31.0814], [-81.4303, 31.0734], [-81.4309, 31.0932], [-81.4249, 31.1047], [-81.4037, 31.1213], [-81.4054, 31.0948], [-81.4241, 31.0251], [-81.4303, 31.0251], [-81.443, 31.0447], [-81.4634, 31.0673], [-81.4881, 31.0858], [-81.5135, 31.0933], [-81.4994, 31.0746], [-81.4591, 31.0386], [-81.4508, 31.0219], [-81.4568, 31.0017], [-81.4725, 30.9919], [-81.5197, 30.9841], [-81.5197, 30.9766], [-81.4993, 30.9682], [-81.4641, 30.9685], [-81.4508, 30.9636], [-81.4623, 30.9487], [-81.493, 30.9185], [-81.4993, 30.9056], [-81.506, 30.8817], [-81.5028, 30.872], [-81.4932, 30.8594], [-81.4924, 30.8469], [-81.5117, 30.8533], [-81.5334, 30.8537], [-81.5334, 30.8469], [-81.519, 30.8418], [-81.5149, 30.832], [-81.5135, 30.806], [-81.5087, 30.7968], [-81.4967, 30.7834], [-81.4924, 30.7718], [-81.4948, 30.7492], [-81.5013, 30.7244], [-81.4993, 30.7043], [-81.4757, 30.696], [-81.4477, 30.7029], [-81.4403, 30.7008], [-81.4376, 30.6914], [-81.4341, 30.6892], [-81.4286, 30.6817], [-81.4305, 30.6647], [-81.4378, 30.6378], [-81.4415, 30.553], [-81.4378, 30.5241], [-81.4538, 30.5345], [-81.4619, 30.5485], [-81.4647, 30.5668], [-81.4651, 30.5899], [-81.4669, 30.6], [-81.472, 30.6101], [-81.4796, 30.6179], [-81.489, 30.621], [-81.498, 30.6177], [-81.5, 30.6094], [-81.4993, 30.5868], [-81.5015, 30.5693], [-81.5003, 30.5513], [-81.4926, 30.5373], [-81.4757, 30.5316], [-81.4749, 30.5277], [-81.4477, 30.508], [-81.4416, 30.5001], [-81.4303, 30.477], [-81.4149, 30.4657], [-81.4098, 30.4565], [-81.4064, 30.4436], [-81.4098, 30.4114], [-81.4066, 30.4058], [-81.3926, 30.3939], [-81.3894, 30.3842], [-81.3961, 30.3398], [-81.3949, 30.2986], [-81.3627, 30.189], [-81.354, 30.1708], [-81.3283, 30.0528], [-81.2877, 29.9262], [-81.2938, 29.8941], [-81.288, 29.893], [-81.2794, 29.8995], [-81.2738, 29.8899], [-81.2665, 29.8532], [-81.2616, 29.839], [-81.2558, 29.7895], [-81.2501, 29.7696], [-81.2389, 29.7373], [-81.2255, 29.7098], [-81.21, 29.6665], [-81.1891, 29.6242], [-81.1846, 29.6037], [-81.1783, 29.5855], [-81.138, 29.5051], [-81.0719, 29.363], [-80.9627, 29.1521], [-80.9321, 29.1012], [-80.9145, 29.0875], [-80.9221, 29.0683], [-80.9093, 29.057], [-80.8918, 29.0456], [-80.8829, 29.0277], [-80.8777, 29.0085], [-80.7432, 28.8069], [-80.68, 28.717], [-80.6271, 28.6509], [-80.5676, 28.5578], [-80.5431, 28.4925], [-80.5282, 28.4726], [-80.5404, 28.4516], [-80.5584, 28.4333], [-80.5676, 28.4318], [-80.5753, 28.418], [-80.5828, 28.4103], [-80.5909, 28.4069], [-80.5941, 28.4016], [-80.5947, 28.3039], [-80.6017, 28.2909], [-80.5943, 28.2841], [-80.5968, 28.2626], [-80.5922, 28.2079], [-80.5711, 28.1061], [-80.5566, 28.0775], [-80.5533, 28.0616], [-80.5323, 28.0188], [-80.4519, 27.9094], [-80.4509, 27.8664], [-80.475, 27.9079], [-80.4823, 27.9243], [-80.5123, 27.9551], [-80.5216, 27.9902], [-80.5806, 28.0854], [-80.6107, 28.1649], [-80.6199, 28.207], [-80.6179, 28.3793], [-80.5879, 28.5058], [-80.5871, 28.5454], [-80.5943, 28.5851], [-80.6004, 28.6003], [-80.6094, 28.6102], [-80.623, 28.6146], [-80.6427, 28.613], [-80.6566, 28.6208], [-80.6632, 28.6205], [-80.6632, 28.5988], [-80.675, 28.5956], [-80.6839, 28.5952], [-80.7478, 28.6049], [-80.7659, 28.6123], [-80.7799, 28.6267], [-80.7842, 28.6417], [-80.7842, 28.6613], [-80.7804, 28.6807], [-80.773, 28.695], [-80.7656, 28.6887], [-80.7572, 28.7038], [-80.7493, 28.7241], [-80.7523, 28.7419], [-80.7953, 28.7556], [-80.8289, 28.783], [-80.8481, 28.7906], [-80.8319, 28.6994], [-80.8208, 28.6751], [-80.8208, 28.6677], [-80.8282, 28.6614], [-80.7975, 28.6083], [-80.7935, 28.5889], [-80.7897, 28.5478], [-80.7661, 28.4511], [-80.7568, 28.4309], [-80.7383, 28.3735], [-80.7088, 28.3205], [-80.7012, 28.2966], [-80.381, 27.6661], [-80.3454, 27.5146], [-80.1978, 27.196], [-80.197, 27.1805], [-80.2058, 27.2003], [-80.2172, 27.2094], [-80.2572, 27.2186], [-80.2796, 27.2289], [-80.2927, 27.2395], [-80.301, 27.2434], [-80.3143, 27.2426], [-80.3084, 27.2343], [-80.283, 27.2078], [-80.2759, 27.2059], [-80.2602, 27.197], [-80.2516, 27.1942], [-80.2213, 27.2016], [-80.1833, 27.1638], [-80.177, 27.1507], [-80.1488, 27.1383], [-80.1424, 27.1221], [-80.1393, 27.1077], [-80.1151, 27.0638], [-80.0946, 27.0098], [-80.0756, 26.9732], [-80.0741, 26.9614], [-80.0813, 26.9504], [-80.0915, 26.9473], [-80.1034, 26.946], [-80.1151, 26.9409], [-80.1151, 26.9347], [-80.1024, 26.9295], [-80.0803, 26.9236], [-80.0707, 26.917], [-80.0643, 26.9067], [-80.0382, 26.8112], [-80.0384, 26.7842], [-80.0536, 26.7696], [-80.0536, 26.7622], [-80.0405, 26.7464], [-80.0345, 26.7153], [-80.0324, 26.5873], [-80.0381, 26.5585], [-80.0536, 26.5567], [-80.0621, 26.4209], [-80.0719, 26.3904], [-80.0741, 26.3755], [-80.0731, 26.341], [-80.0751, 26.3242], [-80.0809, 26.3096], [-80.0777, 26.2876], [-80.1027, 26.14], [-80.1121, 26.1102], [-80.1288, 26.0986], [-80.1288, 26.0912], [-80.1128, 26.0688], [-80.1288, 25.7753], [-80.1356, 25.7753], [-80.1356, 25.8168], [-80.1288, 25.8621], [-80.1293, 25.8879], [-80.1324, 25.9013], [-80.1406, 25.9008], [-80.1766, 25.8584], [-80.1827, 25.8221], [-80.1955, 25.7958], [-80.1962, 25.7538], [-80.2107, 25.7349], [-80.2213, 25.7311], [-80.2407, 25.7296], [-80.2516, 25.7206], [-80.2552, 25.7111], [-80.2569, 25.6868], [-80.2776, 25.6442], [-80.3069, 25.6182], [-80.3104, 25.5989], [-80.3113, 25.5498], [-80.3175, 25.5329], [-80.334, 25.5119], [-80.3424, 25.4936], [-80.3443, 25.4752], [-80.3411, 25.4538], [-80.3365, 25.4482], [-80.3295, 25.444], [-80.3257, 25.4387], [-80.3337, 25.4248], [-80.3411, 25.406], [-80.3329, 25.398], [-80.3204, 25.3915], [-80.3131, 25.3835], [-80.3143, 25.3712], [-80.3507, 25.3422], [-80.3959, 25.2954], [-80.4006, 25.2879], [-80.4059, 25.2702], [-80.423, 25.2524], [-80.4269, 25.2217], [-80.4148, 25.2069], [-80.402, 25.1955], [-80.4025, 25.1862], [-80.4176, 25.1974], [-80.4371, 25.2234], [-80.4509, 25.2278], [-80.4508, 25.243], [-80.4664, 25.2418], [-80.4862, 25.2333], [-80.4986, 25.2204], [-80.4769, 25.2186], [-80.4587, 25.2092], [-80.4466, 25.1936], [-80.4434, 25.1732], [-80.4509, 25.1732], [-80.454, 25.1953], [-80.4691, 25.2081], [-80.4889, 25.2104], [-80.5062, 25.2005], [-80.5137, 25.2128], [-80.526, 25.2204], [-80.5196, 25.2308], [-80.5062, 25.2346], [-80.5123, 25.2483], [-80.5253, 25.2465], [-80.5655, 25.246], [-80.5806, 25.2414], [-80.5904, 25.2253], [-80.5975, 25.2034], [-80.6065, 25.1887], [-80.6222, 25.1937], [-80.6165, 25.196], [-80.6147, 25.2005], [-80.6514, 25.1931], [-80.657, 25.1899], [-80.6549, 25.1806], [-80.6516, 25.174], [-80.651, 25.1679], [-80.657, 25.1595], [-80.6632, 25.1595], [-80.6781, 25.1679], [-80.6912, 25.1627], [-80.7109, 25.1453], [-80.7231, 25.1431], [-80.7398, 25.1438], [-80.7558, 25.1487], [-80.7656, 25.1595], [-80.773, 25.1453], [-80.7882, 25.154], [-80.7935, 25.1595], [-80.797, 25.1513], [-80.8003, 25.1484], [-80.8052, 25.1491], [-80.814, 25.1521], [-80.814, 25.1595], [-80.8105, 25.1678], [-80.8402, 25.1734], [-80.855, 25.1862], [-80.8829, 25.1695], [-80.8872, 25.1684], [-80.9102, 25.1453], [-80.9288, 25.1422], [-80.9672, 25.1415], [-80.9996, 25.1351], [-81.0399, 25.1316], [-81.0865, 25.1214], [-81.102, 25.1247], [-81.1492, 25.1657], [-81.1655, 25.1973], [-81.1771, 25.2278], [-81.1758, 25.259], [-81.1649, 25.2981], [-81.1483, 25.3312], [-81.13, 25.3445], [-81.1361, 25.3302], [-81.124, 25.3279], [-81.1121, 25.3207], [-81.1019, 25.3117], [-81.0951, 25.3035], [-81.0779, 25.2729], [-81.0747, 25.2724], [-81.0618, 25.2642], [-80.9853, 25.2346], [-80.9853, 25.2278], [-81.0058, 25.2204], [-81.0058, 25.2142], [-80.988, 25.2075], [-80.9663, 25.2069], [-80.9447, 25.2123], [-80.9272, 25.2241], [-80.9172, 25.2458], [-80.9241, 25.2636], [-80.9808, 25.3183], [-80.9991, 25.3271], [-81.0343, 25.3325], [-81.0573, 25.3445], [-81.0951, 25.3513], [-81.1413, 25.3848], [-81.1492, 25.3954], [-81.1566, 25.4363], [-81.1709, 25.4748], [-81.2034, 25.508], [-81.2147, 25.5276], [-81.196, 25.5389], [-81.1899, 25.5454], [-81.1861, 25.5532], [-81.1877, 25.5602], [-81.1973, 25.5643], [-81.22, 25.5593], [-81.2317, 25.5636], [-81.2354, 25.5731], [-81.246, 25.6182], [-81.2667, 25.6528], [-81.2665, 25.6667], [-81.2747, 25.6747], [-81.2784, 25.686], [-81.2795, 25.7042], [-81.3217, 25.7076], [-81.3284, 25.7161], [-81.3402, 25.7429], [-81.3447, 25.7485], [-81.3572, 25.7535], [-81.348, 25.7646], [-81.3217, 25.7827], [-81.3293, 25.7905], [-81.3485, 25.8168], [-81.3721, 25.8361], [-81.3961, 25.8516], [-81.409, 25.8564], [-81.4383, 25.8613], [-81.4508, 25.8659], [-81.4621, 25.8745], [-81.4752, 25.891], [-81.4856, 25.8994], [-81.4988, 25.8867], [-81.5095, 25.8908], [-81.5211, 25.9011], [-81.5416, 25.9089], [-81.5553, 25.9184], [-81.5641, 25.9205], [-81.5799, 25.9099], [-81.588, 25.9069], [-81.5838, 25.9144], [-81.588, 25.9261], [-81.5964, 25.9238], [-81.6074, 25.9274], [-81.6174, 25.9355], [-81.6227, 25.9472], [-81.6328, 25.94], [-81.6404, 25.9263], [-81.6501, 25.9205], [-81.6624, 25.9182], [-81.6743, 25.9199], [-81.6843, 25.9251], [-81.691, 25.9335], [-81.6979, 25.9205], [-81.7058, 25.9138], [-81.7053, 25.9069], [-81.7185, 25.9081], [-81.7222, 25.9101], [-81.732, 25.9205], [-81.7358, 25.9284], [-81.7425, 25.9575], [-81.7286, 25.9627], [-81.7167, 25.956], [-81.7057, 25.9457], [-81.6944, 25.9404], [-81.685, 25.945], [-81.6754, 25.9562], [-81.6678, 25.9697], [-81.6644, 25.9814], [-81.6792, 25.9818], [-81.702, 25.9792], [-81.7115, 25.9814], [-81.7225, 25.9891], [-81.7317, 26.0006], [-81.7344, 26.0128], [-81.7257, 26.0223], [-81.7544, 26.0421], [-81.7701, 26.0678], [-81.7872, 26.1396], [-81.7915, 26.1302], [-81.7937, 26.1202], [-81.7934, 26.0986], [-81.8009, 26.0986], [-81.819, 26.1703], [-81.8275, 26.2488], [-81.8214, 26.2829], [-81.8214, 26.2896], [-81.8221, 26.2929], [-81.8518, 26.342], [-81.8555, 26.3587], [-81.8487, 26.3587], [-81.8487, 26.3519], [-81.8419, 26.3519], [-81.8439, 26.4142], [-81.8487, 26.4338], [-81.8559, 26.4489], [-81.8758, 26.4803], [-81.8828, 26.4958], [-81.8824, 26.4812], [-81.8785, 26.4562], [-81.8828, 26.4475], [-81.8873, 26.4448], [-81.894, 26.4475], [-81.9033, 26.4549], [-81.9237, 26.4549], [-81.9784, 26.4822], [-81.9916, 26.476], [-82.0001, 26.4822], [-82.0063, 26.4748], [-82.0087, 26.4845], [-82.0089, 26.4993], [-82.0062, 26.5141], [-82.0001, 26.5232], [-81.996, 26.5228], [-81.9892, 26.5117], [-81.9821, 26.5089], [-81.9745, 26.5104], [-81.9657, 26.5189], [-81.9385, 26.5355], [-81.9118, 26.5587], [-81.8931, 26.5861], [-81.8971, 26.6113], [-81.8856, 26.6242], [-81.8419, 26.6632], [-81.8381, 26.6724], [-81.8292, 26.6814], [-81.818, 26.6855], [-81.8077, 26.6802], [-81.7977, 26.6868], [-81.7901, 26.6941], [-81.7845, 26.7031], [-81.7804, 26.715], [-81.7953, 26.7097], [-81.8192, 26.697], [-81.8381, 26.6945], [-81.8546, 26.6884], [-81.8739, 26.6741], [-81.9067, 26.6426], [-81.9176, 26.6267], [-81.9477, 26.5489], [-81.9517, 26.5436], [-81.9598, 26.5399], [-81.9832, 26.5338], [-81.9927, 26.5294], [-81.9927, 26.5436], [-82.0128, 26.536], [-82.0267, 26.528], [-82.0391, 26.5279], [-82.0548, 26.5436], [-82.0631, 26.561], [-82.0613, 26.5734], [-82.0561, 26.5879], [-82.0548, 26.6113], [-82.0597, 26.6295], [-82.0773, 26.665], [-82.0821, 26.6802], [-82.0813, 26.7027], [-82.0569, 26.8189], [-82.0548, 26.8413], [-82.057, 26.8658], [-82.0646, 26.8749], [-82.0781, 26.8811], [-82.0985, 26.8966], [-82.097, 26.9094], [-82.0775, 26.9229], [-82.0276, 26.9497], [-82.0057, 26.9538], [-81.9964, 26.9582], [-81.9908, 26.9656], [-81.9784, 26.9962], [-81.9951, 26.9915], [-82.0168, 26.973], [-82.0574, 26.9653], [-82.0746, 26.9589], [-82.0927, 26.9556], [-82.1156, 26.9614], [-82.1199, 26.9455], [-82.132, 26.9418], [-82.1445, 26.9404], [-82.1503, 26.931], [-82.1552, 26.9276], [-82.1661, 26.9362], [-82.1844, 26.9551], [-82.1807, 26.9724], [-82.191, 26.9694], [-82.2074, 26.9618], [-82.2223, 26.9652], [-82.242, 26.9955], [-82.2533, 27.0068], [-82.2738, 27.016], [-82.2709, 27.0077], [-82.2591, 26.9892], [-82.2302, 26.9569], [-82.2192, 26.9477], [-82.2118, 26.9551], [-82.2013, 26.9442], [-82.1873, 26.9132], [-82.1757, 26.8992], [-82.1599, 26.8623], [-82.1509, 26.818], [-82.1503, 26.8032], [-82.1566, 26.79], [-82.1656, 26.7858], [-82.169, 26.8141], [-82.1776, 26.8249], [-82.1786, 26.8213], [-82.1843, 26.8143], [-82.1981, 26.8031], [-82.2108, 26.8151], [-82.2155, 26.8174], [-82.2186, 26.8163], [-82.2232, 26.8117], [-82.2292, 26.8105], [-82.2361, 26.8121], [-82.2455, 26.8205], [-82.2534, 26.8249], [-82.2676, 26.8296], [-82.2838, 26.831], [-82.3138, 26.8494], [-82.3429, 26.9349], [-82.37, 26.9614], [-82.3669, 26.9456], [-82.3536, 26.9221], [-82.3489, 26.9068], [-82.361, 26.9133], [-82.37, 26.9204], [-82.3766, 26.9403], [-82.4672, 27.102], [-82.4772, 27.1375], [-82.5009, 27.179], [-82.5066, 27.2016], [-82.5018, 27.1903], [-82.493, 27.1805], [-82.493, 27.1972], [-82.4963, 27.2115], [-82.5032, 27.2224], [-82.5134, 27.2289], [-82.5134, 27.2153], [-82.5209, 27.2153], [-82.5326, 27.2369], [-82.5492, 27.2566], [-82.5618, 27.2763], [-82.5619, 27.2978], [-82.5509, 27.2895], [-82.5476, 27.2835], [-82.5408, 27.2835], [-82.5419, 27.3085], [-82.5627, 27.3468], [-82.5736, 27.3951], [-82.5879, 27.4082], [-82.6068, 27.4171], [-82.6454, 27.4429], [-82.6827, 27.4487], [-82.6984, 27.4548], [-82.7098, 27.4694], [-82.7292, 27.5147], [-82.7325, 27.5306], [-82.7257, 27.5306], [-82.7105, 27.4975], [-82.7052, 27.4896], [-82.6948, 27.4829], [-82.6684, 27.4716], [-82.6575, 27.4617], [-82.6501, 27.4687], [-82.6455, 27.4766], [-82.6437, 27.4857], [-82.6444, 27.4958], [-82.6506, 27.4958], [-82.6577, 27.4915], [-82.6649, 27.4924], [-82.6779, 27.5032], [-82.6608, 27.5203], [-82.6363, 27.5139], [-82.6105, 27.5021], [-82.5892, 27.5032], [-82.6104, 27.5172], [-82.6225, 27.5213], [-82.637, 27.5237], [-82.6214, 27.5312], [-82.592, 27.5385], [-82.5786, 27.5473], [-82.5724, 27.5595], [-82.5882, 27.5572], [-82.6227, 27.5442], [-82.6151, 27.5558], [-82.6034, 27.5529], [-82.5892, 27.5647], [-82.596, 27.5777], [-82.5746, 27.5907], [-82.5646, 27.609], [-82.5574, 27.6296], [-82.5442, 27.6501], [-82.5167, 27.6699], [-82.5101, 27.6894], [-82.4862, 27.7012], [-82.4656, 27.736], [-82.4377, 27.7534], [-82.4305, 27.7637], [-82.3982, 27.796], [-82.39, 27.8111], [-82.3927, 27.8341], [-82.4125, 27.8757], [-82.4217, 27.9172], [-82.4337, 27.9291], [-82.4512, 27.9307], [-82.4718, 27.9204], [-82.4807, 27.9084], [-82.4849, 27.8926], [-82.4862, 27.8558], [-82.4798, 27.8415], [-82.4781, 27.8313], [-82.4827, 27.8214], [-82.5183, 27.8227], [-82.5271, 27.8248], [-82.5396, 27.844], [-82.5409, 27.8688], [-82.5345, 27.9172], [-82.5411, 27.9428], [-82.5588, 27.9558], [-82.585, 27.9606], [-82.6164, 27.9613], [-82.6164, 27.9687], [-82.596, 27.9756], [-82.596, 27.9831], [-82.6235, 27.9965], [-82.6362, 28.0058], [-82.6444, 28.0165], [-82.6506, 28.0165], [-82.6506, 28.0029], [-82.691, 28.0377], [-82.6779, 28.0063], [-82.6791, 27.9984], [-82.6847, 27.9831], [-82.6905, 27.9755], [-82.6903, 27.9709], [-82.6813, 27.9687], [-82.6444, 27.9687], [-82.6568, 27.9562], [-82.7027, 27.9447], [-82.7189, 27.9278], [-82.6802, 27.9141], [-82.6432, 27.8948], [-82.6047, 27.8815], [-82.5619, 27.8862], [-82.5708, 27.8798], [-82.6029, 27.863], [-82.5958, 27.83], [-82.596, 27.8179], [-82.6002, 27.8079], [-82.6136, 27.7927], [-82.6164, 27.7875], [-82.6301, 27.7503], [-82.6231, 27.734], [-82.6266, 27.7158], [-82.6378, 27.7011], [-82.654, 27.6951], [-82.6725, 27.6951], [-82.6793, 27.6968], [-82.6847, 27.7012], [-82.6871, 27.7099], [-82.686, 27.7316], [-82.6879, 27.736], [-82.7092, 27.7384], [-82.7215, 27.7451], [-82.7394, 27.7695], [-82.7572, 27.7877], [-82.796, 27.8153], [-82.8151, 27.8322], [-82.8188, 27.8182], [-82.8107, 27.8044], [-82.7513, 27.7466], [-82.7394, 27.7286], [-82.7247, 27.6941], [-82.718, 27.6721], [-82.7189, 27.6597], [-82.7313, 27.6621], [-82.7425, 27.6798], [-82.7506, 27.7021], [-82.7537, 27.7187], [-82.7675, 27.7515], [-82.8285, 27.805], [-82.8424, 27.8285], [-82.8446, 27.8419], [-82.8539, 27.8703], [-82.8561, 27.89], [-82.8523, 27.9082], [-82.8432, 27.9254], [-82.832, 27.9394], [-82.8219, 27.9483], [-82.8314, 27.9351], [-82.8385, 27.9182], [-82.8407, 27.9007], [-82.8356, 27.8862], [-82.8022, 27.9666], [-82.7803, 28.0582], [-82.779, 28.0847], [-82.7762, 28.0968], [-82.7673, 28.1059], [-82.7767, 28.1203], [-82.7825, 28.1354], [-82.7877, 28.1605], [-82.7873, 28.1938], [-82.7828, 28.207], [-82.7735, 28.2016], [-82.7599, 28.2147], [-82.7538, 28.228], [-82.7462, 28.2562], [-82.7249, 28.2842], [-82.7168, 28.2983], [-82.7189, 28.3114], [-82.7255, 28.3067], [-82.7325, 28.3046], [-82.6967, 28.3889], [-82.6847, 28.4008], [-82.6859, 28.4143], [-82.6642, 28.4479], [-82.6631, 28.5019], [-82.6608, 28.5137], [-82.6505, 28.5436], [-82.6471, 28.6296], [-82.637, 28.6472], [-82.6438, 28.6625], [-82.6444, 28.6713], [-82.6407, 28.6785], [-82.6324, 28.6884], [-82.6319, 28.6953], [-82.637, 28.7121], [-82.637, 28.7465], [-82.6402, 28.755], [-82.6542, 28.7563], [-82.6575, 28.7602], [-82.6622, 28.7733], [-82.682, 28.7958], [-82.6847, 28.8048], [-82.671, 28.8202], [-82.655, 28.812], [-82.6301, 28.7844], [-82.6375, 28.8142], [-82.6385, 28.8247], [-82.6311, 28.873], [-82.6336, 28.8876], [-82.6444, 28.9004], [-82.6512, 28.903], [-82.6703, 28.9054], [-82.6779, 28.9079], [-82.6852, 28.9131], [-82.7272, 28.9592], [-82.7323, 28.9765], [-82.7257, 28.9966], [-82.7378, 28.9976], [-82.7493, 29.0023], [-82.7551, 29.0102], [-82.7499, 29.0205], [-82.7472, 29.0304], [-82.7462, 29.0649], [-82.7834, 29.091], [-82.7947, 29.1081], [-82.7735, 29.1195], [-82.7905, 29.1274], [-82.7985, 29.1391], [-82.8009, 29.1547], [-82.8009, 29.1748], [-82.8287, 29.1611], [-82.8492, 29.1822], [-82.8689, 29.1696], [-82.892, 29.1704], [-82.9143, 29.1787], [-82.9318, 29.1884], [-82.9435, 29.1851], [-82.9718, 29.1845], [-82.9864, 29.1822], [-83.0111, 29.175], [-83.0239, 29.1748], [-83.0407, 29.1801], [-83.0453, 29.1918], [-83.0461, 29.2036], [-83.0516, 29.2089], [-83.0658, 29.2116], [-83.0737, 29.2182], [-83.073, 29.2274], [-83.0615, 29.2368], [-83.069, 29.2458], [-83.0757, 29.2595], [-83.0848, 29.2722], [-83.099, 29.2778], [-83.1144, 29.2805], [-83.1323, 29.2873], [-83.1483, 29.2961], [-83.1577, 29.3051], [-83.1612, 29.3116], [-83.1636, 29.3217], [-83.1652, 29.3427], [-83.1679, 29.3443], [-83.185, 29.374], [-83.2157, 29.4106], [-83.2328, 29.4271], [-83.2533, 29.4423], [-83.2782, 29.4385], [-83.3057, 29.458], [-83.3563, 29.5106], [-83.3666, 29.5093], [-83.3795, 29.5151], [-83.4048, 29.5317], [-83.3999, 29.5409], [-83.401, 29.5551], [-83.4056, 29.5695], [-83.4115, 29.5795], [-83.4011, 29.5906], [-83.3946, 29.6105], [-83.393, 29.6337], [-83.3973, 29.6545], [-83.4089, 29.6673], [-83.4259, 29.672], [-83.4459, 29.6748], [-83.4662, 29.6818], [-83.4935, 29.7023], [-83.5277, 29.716], [-83.5438, 29.7281], [-83.562, 29.7458], [-83.5768, 29.765], [-83.5829, 29.7818], [-83.5891, 29.8159], [-83.5934, 29.8262], [-83.6121, 29.8373], [-83.6164, 29.8426], [-83.6249, 29.8643], [-83.6625, 29.8987], [-83.671, 29.9116], [-83.6806, 29.9213], [-83.7245, 29.9501], [-83.7368, 29.9562], [-83.7541, 29.9599], [-83.7665, 29.9688], [-83.7877, 29.9897], [-83.8116, 29.9853], [-83.8564, 30.0024], [-83.9506, 30.0544], [-84.024, 30.1066], [-84.0436, 30.1052], [-84.0758, 30.0933], [-84.1476, 30.0879], [-84.1682, 30.0764], [-84.1783, 30.0728], [-84.1837, 30.0816], [-84.1881, 30.0936], [-84.1988, 30.1008], [-84.2032, 30.1059], [-84.2091, 30.1071], [-84.2156, 30.105], [-84.2213, 30.0958], [-84.2272, 30.0933], [-84.2477, 30.0933], [-84.2472, 30.0949], [-84.2504, 30.0976], [-84.2554, 30.0997], [-84.2606, 30.0996], [-84.2696, 30.0927], [-84.2779, 30.0813], [-84.2852, 30.0661], [-84.3169, 30.0678], [-84.3285, 30.066], [-84.3644, 30.0485], [-84.3707, 30.0405], [-84.3705, 30.0245], [-84.3836, 30.0319], [-84.391, 30.0245], [-84.3867, 30.0141], [-84.391, 30.0041], [-84.3836, 29.9897], [-84.3705, 30.0041], [-84.3641, 29.995], [-84.3439, 29.974], [-84.3463, 29.9699], [-84.3602, 29.972], [-84.3851, 29.9814], [-84.4191, 29.99], [-84.4383, 30.0012], [-84.4535, 30.0052], [-84.4661, 29.9897], [-84.4499, 29.9888], [-84.4464, 29.9793], [-84.4452, 29.9683], [-84.4357, 29.963], [-84.3739, 29.9562], [-84.343, 29.9468], [-84.3361, 29.9254], [-84.349, 29.902], [-84.3773, 29.8874], [-84.3637, 29.9016], [-84.3637, 29.9078], [-84.4014, 29.9186], [-84.4425, 29.9221], [-84.4621, 29.9186], [-84.4811, 29.9129], [-84.4972, 29.9118], [-84.5084, 29.9221], [-84.563, 29.8941], [-84.6044, 29.8647], [-84.6532, 29.8528], [-84.6832, 29.8339], [-84.7336, 29.7917], [-84.7462, 29.7858], [-84.7729, 29.7828], [-84.7882, 29.7787], [-84.8119, 29.7628], [-84.8279, 29.7544], [-84.8472, 29.7508], [-84.861, 29.7443], [-84.8754, 29.7332], [-84.8866, 29.73], [-84.8913, 29.7474], [-84.887, 29.7556], [-84.8572, 29.7979], [-84.8733, 29.8046], [-84.8865, 29.7991], [-84.8994, 29.7898], [-84.9149, 29.7849], [-84.9281, 29.7785], [-84.9458, 29.7528], [-84.9709, 29.7496], [-84.9911, 29.7228], [-85.0043, 29.716], [-85.0836, 29.7235], [-85.1243, 29.7218], [-85.2407, 29.6887], [-85.3079, 29.6934], [-85.3461, 29.6784], [-85.3658, 29.6863], [-85.3822, 29.7016], [-85.3916, 29.716], [-85.4106, 29.8001], [-85.4135, 29.8514], [-85.3984, 29.8736], [-85.3957, 29.8637], [-85.3984, 29.7948], [-85.3959, 29.7719], [-85.3888, 29.7492], [-85.3778, 29.7282], [-85.3515, 29.6934], [-85.344, 29.6891], [-85.3301, 29.6887], [-85.3205, 29.6933], [-85.3089, 29.7027], [-85.3019, 29.7119], [-85.3056, 29.716], [-85.3065, 29.7277], [-85.3022, 29.7979], [-85.3117, 29.8195], [-85.3436, 29.8558], [-85.3506, 29.8702], [-85.3565, 29.8887], [-85.3708, 29.907], [-85.3887, 29.9232], [-85.4052, 29.9351], [-85.5198, 29.9818], [-85.5492, 30.0041], [-85.5579, 30.0159], [-85.5629, 30.0319], [-85.5555, 30.0319], [-85.544, 30.0153], [-85.5234, 29.9969], [-85.5002, 29.9838], [-85.4803, 29.9835], [-85.6079, 30.0744], [-85.6212, 30.0797], [-85.6709, 30.123], [-85.6796, 30.1343], [-85.6715, 30.1364], [-85.6107, 30.1269], [-85.6114, 30.1085], [-85.546, 30.091], [-85.5287, 30.0764], [-85.5127, 30.0553], [-85.4775, 30.0329], [-85.4424, 30.0202], [-85.4263, 30.0282], [-85.4183, 30.0358], [-85.4023, 30.0397], [-85.3905, 30.0447], [-85.395, 30.0556], [-85.402, 30.0588], [-85.4263, 30.0587], [-85.4305, 30.0631], [-85.431, 30.0705], [-85.44, 30.0661], [-85.452, 30.0436], [-85.4621, 30.0349], [-85.4769, 30.0416], [-85.4859, 30.0582], [-85.4839, 30.0921], [-85.4878, 30.1071], [-85.5056, 30.0993], [-85.5127, 30.1083], [-85.5089, 30.1236], [-85.4946, 30.1343], [-85.4946, 30.1406], [-85.5135, 30.1394], [-85.5289, 30.1324], [-85.5443, 30.1281], [-85.5629, 30.1343], [-85.5633, 30.1276], [-85.5697, 30.1139], [-85.5833, 30.1242], [-85.6052, 30.1369], [-85.6283, 30.1446], [-85.6454, 30.1406], [-85.6531, 30.1522], [-85.6626, 30.1588], [-85.6974, 30.1737], [-85.7127, 30.1859], [-85.7205, 30.1958], [-85.6992, 30.2065], [-85.6573, 30.2521], [-85.642, 30.2541], [-85.6181, 30.2458], [-85.5792, 30.2861], [-85.5555, 30.2851], [-85.5679, 30.3094], [-85.577, 30.3212], [-85.5868, 30.3261], [-85.5965, 30.3183], [-85.6208, 30.2821], [-85.6386, 30.2715], [-85.6434, 30.2851], [-85.6549, 30.2836], [-85.6694, 30.2761], [-85.6947, 30.266], [-85.7086, 30.247], [-85.7205, 30.2504], [-85.7203, 30.2676], [-85.7294, 30.2824], [-85.7425, 30.2984], [-85.7547, 30.3193], [-85.766, 30.3016], [-85.7776, 30.2944], [-85.8092, 30.2914], [-85.8256, 30.2872], [-85.8439, 30.2782], [-85.8544, 30.2648], [-85.8472, 30.2473], [-85.8318, 30.2359], [-85.8205, 30.236], [-85.8072, 30.2411], [-85.7857, 30.2442], [-85.7672, 30.2405], [-85.756, 30.2316], [-85.7467, 30.2203], [-85.7342, 30.2094], [-85.7491, 30.1905], [-85.7414, 30.1784], [-85.723, 30.1682], [-85.7063, 30.1549], [-85.7137, 30.1406], [-85.7264, 30.1522], [-85.7344, 30.1502], [-85.7205, 30.1343], [-85.7443, 30.1395], [-85.8645, 30.2163], [-85.9501, 30.2531], [-86.066, 30.3061], [-86.1929, 30.3398], [-86.3648, 30.3808], [-86.485, 30.3928], [-86.5109, 30.4076], [-86.5088, 30.4149], [-86.493, 30.4105], [-86.4127, 30.4081], [-86.3472, 30.395], [-86.3348, 30.4001], [-86.3272, 30.412], [-86.3164, 30.436], [-86.3117, 30.4365], [-86.3104, 30.435], [-86.3096, 30.436], [-86.3055, 30.4245], [-86.2982, 30.4132], [-86.2872, 30.4047], [-86.2419, 30.395], [-86.2292, 30.4057], [-86.2263, 30.4121], [-86.2311, 30.4149], [-86.2465, 30.4173], [-86.2585, 30.423], [-86.2609, 30.43], [-86.2482, 30.436], [-86.2344, 30.4345], [-86.2201, 30.4267], [-86.1929, 30.4081], [-86.1452, 30.3961], [-86.1351, 30.3913], [-86.1174, 30.3793], [-86.1078, 30.3867], [-86.1066, 30.4006], [-86.1144, 30.4081], [-86.1153, 30.4133], [-86.1457, 30.4422], [-86.1515, 30.4573], [-86.139, 30.4667], [-86.1383, 30.4831], [-86.1644, 30.4721], [-86.182, 30.4688], [-86.1949, 30.4782], [-86.2071, 30.5049], [-86.2233, 30.4923], [-86.2433, 30.491], [-86.286, 30.4975], [-86.3053, 30.4952], [-86.3485, 30.4854], [-86.3679, 30.4831], [-86.3822, 30.4784], [-86.3947, 30.4688], [-86.4084, 30.4614], [-86.4263, 30.4633], [-86.4398, 30.4761], [-86.4352, 30.4909], [-86.4127, 30.518], [-86.4366, 30.5183], [-86.4464, 30.5163], [-86.4536, 30.5111], [-86.4604, 30.5002], [-86.4698, 30.5017], [-86.4798, 30.5111], [-86.4884, 30.5241], [-86.4876, 30.5124], [-86.4825, 30.4875], [-86.4846, 30.48], [-86.495, 30.4731], [-86.5069, 30.4678], [-86.5198, 30.4645], [-86.5327, 30.4633], [-86.5417, 30.46], [-86.5541, 30.4455], [-86.5665, 30.4422], [-86.5899, 30.4452], [-86.5912, 30.4408], [-86.5907, 30.4255], [-86.6023, 30.4183], [-86.6801, 30.4223], [-86.7614, 30.4147], [-86.7825, 30.4223], [-86.8046, 30.4125], [-86.8329, 30.4085], [-86.889, 30.4081], [-87.0445, 30.3896], [-87.144, 30.3657], [-87.1941, 30.3603], [-87.1901, 30.3713], [-87.1836, 30.3757], [-87.1754, 30.3774], [-87.1381, 30.3926], [-87.0777, 30.4069], [-87.0231, 30.4074], [-87.0052, 30.4102], [-86.9402, 30.4565], [-86.9084, 30.4428], [-86.8938, 30.4389], [-86.8924, 30.4497], [-86.9045, 30.4616], [-86.9252, 30.4702], [-86.9476, 30.4752], [-86.9644, 30.477], [-86.9734, 30.4814], [-86.9914, 30.5049], [-87.0087, 30.5066], [-87.0135, 30.5113], [-87.0153, 30.5211], [-87.0093, 30.5354], [-86.9947, 30.5461], [-86.9607, 30.5595], [-86.9627, 30.567], [-86.9681, 30.5732], [-86.9872, 30.5626], [-86.9975, 30.5759], [-87.0085, 30.5964], [-87.0296, 30.6073], [-87.0201, 30.5897], [-87.0212, 30.5797], [-87.0264, 30.5725], [-87.0478, 30.5181], [-87.0605, 30.4949], [-87.0675, 30.4606], [-87.0774, 30.4497], [-87.0929, 30.4489], [-87.0984, 30.4605], [-87.0967, 30.4769], [-87.091, 30.4906], [-87.0977, 30.5039], [-87.1012, 30.5217], [-87.1096, 30.536], [-87.1313, 30.5384], [-87.1251, 30.5595], [-87.1422, 30.5618], [-87.1493, 30.5705], [-87.1544, 30.5806], [-87.1661, 30.5868], [-87.1806, 30.5847], [-87.1842, 30.5741], [-87.1804, 30.5421], [-87.1761, 30.5299], [-87.1573, 30.5046], [-87.1531, 30.4869], [-87.1568, 30.4745], [-87.1804, 30.436], [-87.1866, 30.436], [-87.1941, 30.4422], [-87.2024, 30.4189], [-87.2215, 30.4128], [-87.2441, 30.4111], [-87.2629, 30.4013], [-87.2654, 30.3916], [-87.2624, 30.367], [-87.266, 30.3572], [-87.2748, 30.353], [-87.2999, 30.3497], [-87.3101, 30.3466], [-87.3065, 30.3286], [-87.3288, 30.3197], [-87.4711, 30.2937], [-87.4883, 30.2851], [-87.4964, 30.2875], [-87.5185, 30.2822], [-87.5292, 30.2777], [-87.5292, 30.2851], [-87.5176, 30.2892], [-87.5047, 30.3002], [-87.4957, 30.3057], [-87.4842, 30.3087], [-87.4473, 30.3131], [-87.4644, 30.3209], [-87.482, 30.3261], [-87.4698, 30.3302], [-87.4451, 30.3297], [-87.433, 30.3323], [-87.4215, 30.34], [-87.4139, 30.3502], [-87.4145, 30.3603], [-87.4268, 30.3677], [-87.4268, 30.3746], [-87.3974, 30.4053], [-87.3788, 30.4175], [-87.3548, 30.4223], [-87.3456, 30.4277], [-87.3448, 30.4399], [-87.3501, 30.4536], [-87.3585, 30.4633], [-87.3671, 30.4653], [-87.3871, 30.4633], [-87.3957, 30.4664], [-87.4027, 30.4713], [-87.4268, 30.4831], [-87.4268, 30.477], [-87.4196, 30.4681], [-87.4119, 30.4611], [-87.3921, 30.4497], [-87.3995, 30.4497], [-87.4011, 30.4401], [-87.4439, 30.4047], [-87.4544, 30.3884], [-87.4616, 30.372], [-87.4737, 30.3592], [-87.4988, 30.3541], [-87.5136, 30.3482], [-87.5225, 30.3356], [-87.5341, 30.3236], [-87.5572, 30.3193], [-87.5729, 30.3215], [-87.5773, 30.3254], [-87.5782, 30.3314], [-87.5839, 30.3398], [-87.6012, 30.3537], [-87.6056, 30.3603], [-87.6118, 30.3603], [-87.61, 30.3436], [-87.6033, 30.3328], [-87.5993, 30.3222], [-87.6056, 30.3057], [-87.5836, 30.306], [-87.5646, 30.3131], [-87.5902, 30.2754], [-87.6545, 30.2521], [-87.7865, 30.2368], [-87.9103, 30.2368], [-87.9984, 30.2236], [-88.0301, 30.2238], [-88.0182, 30.2338], [-87.9958, 30.2423], [-87.9575, 30.2504], [-87.9488, 30.2547], [-87.9429, 30.2622], [-87.9358, 30.2646], [-87.9145, 30.2479], [-87.8751, 30.2415], [-87.8382, 30.2522], [-87.7923, 30.2629], [-87.7642, 30.2795], [-87.7762, 30.3131], [-87.8235, 30.3518], [-87.8309, 30.364], [-87.8284, 30.3749], [-87.8196, 30.397], [-87.8213, 30.4047], [-87.8304, 30.4125], [-87.8345, 30.4125], [-87.8511, 30.3935], [-87.8496, 30.3887], [-87.8507, 30.3867], [-87.8656, 30.3876], [-87.8771, 30.3896], [-87.887, 30.3933], [-87.9035, 30.4047], [-87.9114, 30.4136], [-87.9166, 30.4233], [-87.9233, 30.4582], [-87.9407, 30.4831], [-87.9388, 30.4998], [-87.9307, 30.5191], [-87.92, 30.5369], [-87.9103, 30.549], [-87.9069, 30.5637], [-87.9125, 30.5837], [-87.9425, 30.6597], [-87.9538, 30.6724], [-87.9755, 30.6824], [-87.9989, 30.6845], [-88.0063, 30.6878], [-88.009, 30.6995], [-88.0099, 30.7266], [-88.016, 30.7353], [-88.0301, 30.7377], [-88.0228, 30.7236], [-88.023, 30.7094], [-88.0301, 30.6972], [-88.0438, 30.6892], [-88.0377, 30.6752], [-88.0433, 30.6652], [-88.0526, 30.6544], [-88.0574, 30.6378], [-88.0587, 30.6178], [-88.0629, 30.6045], [-88.0703, 30.5941], [-88.081, 30.5832], [-88.0846, 30.5762], [-88.0848, 30.549], [-88.0868, 30.541], [-88.0963, 30.5297], [-88.1005, 30.5048], [-88.1099, 30.4709], [-88.112, 30.4531], [-88.1102, 30.4112], [-88.1201, 30.3383], [-88.1263, 30.3261], [-88.1377, 30.3198], [-88.1422, 30.3226], [-88.1461, 30.3323], [-88.1841, 30.334], [-88.1941, 30.3371], [-88.1957, 30.3466], [-88.1871, 30.3677], [-88.2163, 30.3773], [-88.2779, 30.3891], [-88.3038, 30.4013], [-88.3053, 30.3936], [-88.3113, 30.3808], [-88.3175, 30.3808], [-88.3354, 30.4039], [-88.3553, 30.4038], [-88.3778, 30.3939], [-88.4031, 30.3876], [-88.4073, 30.3824], [-88.4075, 30.3593], [-88.4174, 30.3541], [-88.4305, 30.352], [-88.4368, 30.3466], [-88.4409, 30.3396], [-88.4478, 30.3323], [-88.4706, 30.3239], [-88.4877, 30.33], [-88.5063, 30.3408], [-88.5332, 30.3466], [-88.5585, 30.3485], [-88.5677, 30.3536], [-88.5743, 30.3747], [-88.5876, 30.3836], [-88.5912, 30.395], [-88.5987, 30.395], [-88.6169, 30.3703], [-88.6622, 30.3546], [-88.7117, 30.3503], [-88.7421, 30.3541], [-88.8459, 30.4226], [-88.9276, 30.4422], [-88.9519, 30.4324], [-88.9661, 30.4289], [-88.9823, 30.4285], [-88.9823, 30.4223], [-88.8594, 30.4081], [-88.8761, 30.3952], [-88.9071, 30.3928], [-88.9686, 30.395], [-88.9823, 30.3909], [-89.0134, 30.3774], [-89.0436, 30.3727], [-89.1147, 30.3524], [-89.2402, 30.3207], [-89.2535, 30.3193], [-89.271, 30.3228], [-89.2733, 30.3308], [-89.2649, 30.34], [-89.2497, 30.3466], [-89.268, 30.3552], [-89.3002, 30.3765], [-89.3218, 30.3808], [-89.3319, 30.3771], [-89.345, 30.3686], [-89.3548, 30.3586], [-89.3556, 30.3503], [-89.3473, 30.3475], [-89.3236, 30.3464], [-89.3187, 30.3432], [-89.3183, 30.324], [-89.3205, 30.3121], [-89.3302, 30.3029], [-89.4211, 30.2578], [-89.4138, 30.2447], [-89.4181, 30.2341], [-89.4347, 30.2163], [-89.4386, 30.1973], [-89.4425, 30.1898], [-89.4552, 30.1815], [-89.462, 30.189], [-89.4568, 30.1946], [-89.4683, 30.2033], [-89.4769, 30.1933], [-89.4911, 30.1887], [-89.5059, 30.1894], [-89.5167, 30.1958], [-89.5235, 30.1958], [-89.5364, 30.1803], [-89.5655, 30.1635], [-89.5959, 30.1559], [-89.6129, 30.1685], [-89.6032, 30.1686], [-89.5856, 30.1753], [-89.596, 30.187], [-89.6098, 30.1857], [-89.6258, 30.1792], [-89.6433, 30.1753], [-89.6764, 30.1806], [-89.6922, 30.1813], [-89.7084, 30.1753], [-89.7154, 30.1794], [-89.7361, 30.185], [-89.7432, 30.189], [-89.7482, 30.1972], [-89.7432, 30.22], [-89.7515, 30.2374], [-89.7703, 30.2397], [-89.8047, 30.2299], [-89.8262, 30.2316], [-89.862, 30.258], [-89.8838, 30.2647], [-89.9244, 30.2578], [-89.9691, 30.2647], [-89.9785, 30.2754], [-90.0039, 30.3227], [-90.0127, 30.3262], [-90.0585, 30.3603], [-90.096, 30.3737], [-90.1435, 30.3851], [-90.1894, 30.3908], [-90.2224, 30.3876], [-90.2455, 30.3737], [-90.2684, 30.3527], [-90.3056, 30.3057], [-90.3312, 30.276], [-90.405, 30.2202], [-90.4285, 30.189], [-90.433, 30.1433], [-90.4141, 30.1066], [-90.38, 30.0804], [-90.3391, 30.0661], [-90.2662, 30.0601], [-90.231, 30.0397], [-90.1684, 30.0245], [-90.1452, 30.0238], [-90.1045, 30.0351], [-90.037, 30.0403], [-90.0163, 30.0446], [-89.9964, 30.0524], [-89.9273, 30.0955], [-89.8995, 30.1227], [-89.8804, 30.1549], [-89.8573, 30.1512], [-89.8493, 30.1453], [-89.8463, 30.1306], [-89.8407, 30.1203], [-89.8276, 30.1111], [-89.7978, 30.0996], [-89.7888, 30.0989], [-89.7835, 30.1116], [-89.7616, 30.1365], [-89.7528, 30.1491], [-89.7469, 30.1619], [-89.7432, 30.1753], [-89.7364, 30.1753], [-89.7289, 30.1617], [-89.7392, 30.1493], [-89.7504, 30.1234], [-89.7569, 30.1139], [-89.7464, 30.1053], [-89.7432, 30.0996], [-89.7296, 30.1235], [-89.7289, 30.1269], [-89.7228, 30.1275], [-89.7077, 30.1254], [-89.7023, 30.1269], [-89.6885, 30.1352], [-89.6834, 30.14], [-89.6811, 30.148], [-89.6836, 30.1542], [-89.6891, 30.1556], [-89.6942, 30.1531], [-89.6948, 30.148], [-89.7065, 30.1502], [-89.712, 30.1548], [-89.7084, 30.1617], [-89.6811, 30.1685], [-89.6674, 30.164], [-89.65, 30.1464], [-89.6396, 30.1406], [-89.6529, 30.1235], [-89.6665, 30.1136], [-89.6769, 30.1012], [-89.6811, 30.0764], [-89.7105, 30.0675], [-89.719, 30.0623], [-89.722, 30.0518], [-89.7186, 30.0422], [-89.7179, 30.0333], [-89.7289, 30.0245], [-89.7477, 30.041], [-89.7736, 30.0505], [-89.8004, 30.0512], [-89.8221, 30.0416], [-89.8351, 30.0263], [-89.8404, 30.0114], [-89.8389, 29.9953], [-89.8319, 29.9767], [-89.8219, 29.9573], [-89.8111, 29.9472], [-89.7943, 29.9433], [-89.7668, 29.9426], [-89.7512, 29.9468], [-89.7166, 29.9605], [-89.7084, 29.9562], [-89.7109, 29.9499], [-89.7252, 29.9334], [-89.7289, 29.9221], [-89.7053, 29.8979], [-89.6865, 29.8826], [-89.6645, 29.8755], [-89.6416, 29.8751], [-89.6197, 29.8799], [-89.6024, 29.8908], [-89.5869, 29.9091], [-89.5756, 29.9311], [-89.5713, 29.9525], [-89.5712, 29.9885], [-89.5656, 30.0009], [-89.5514, 30.0114], [-89.5211, 30.0194], [-89.5105, 30.0245], [-89.5031, 30.0307], [-89.49, 30.0524], [-89.4883, 30.0578], [-89.4893, 30.0705], [-89.4862, 30.0764], [-89.4791, 30.08], [-89.4736, 30.0783], [-89.4683, 30.0729], [-89.4572, 30.0711], [-89.4273, 30.0587], [-89.4273, 30.0524], [-89.4347, 30.0524], [-89.4347, 30.045], [-89.4294, 30.0421], [-89.4273, 30.0381], [-89.4211, 30.0381], [-89.415, 30.0436], [-89.3937, 30.0565], [-89.3863, 30.0587], [-89.3725, 30.0547], [-89.366, 30.0487], [-89.3682, 30.0408], [-89.3801, 30.0319], [-89.3937, 30.0291], [-89.4219, 30.0312], [-89.4347, 30.0245], [-89.4406, 30.0142], [-89.4388, 30.0061], [-89.435, 29.9984], [-89.4347, 29.9897], [-89.4422, 29.9831], [-89.4519, 29.9796], [-89.4547, 29.9764], [-89.4416, 29.9699], [-89.4289, 29.9687], [-89.4007, 29.973], [-89.3863, 29.9699], [-89.3702, 29.9508], [-89.3817, 29.9355], [-89.4008, 29.9321], [-89.4075, 29.9488], [-89.4347, 29.9351], [-89.4347, 29.9289], [-89.4205, 29.912], [-89.4136, 29.9078], [-89.415, 29.9071], [-89.4133, 29.9062], [-89.4136, 29.9016], [-89.4075, 29.9016], [-89.4017, 29.9091], [-89.3905, 29.9164], [-89.3782, 29.9206], [-89.3695, 29.9186], [-89.3667, 29.908], [-89.3743, 29.8991], [-89.3938, 29.8874], [-89.3938, 29.8799], [-89.3788, 29.8838], [-89.3729, 29.8874], [-89.3664, 29.8941], [-89.3599, 29.8901], [-89.3317, 29.8799], [-89.359, 29.8668], [-89.353, 29.8637], [-89.3453, 29.8532], [-89.3579, 29.8519], [-89.3675, 29.8468], [-89.3801, 29.8333], [-89.3585, 29.799], [-89.3453, 29.7917], [-89.3556, 29.7924], [-89.3789, 29.7978], [-89.3863, 29.7979], [-89.3946, 29.7908], [-89.4043, 29.7713], [-89.4136, 29.7644], [-89.4075, 29.7917], [-89.42, 29.792], [-89.4272, 29.798], [-89.4381, 29.8159], [-89.4464, 29.8232], [-89.4568, 29.8293], [-89.4691, 29.8329], [-89.4825, 29.8333], [-89.4781, 29.8157], [-89.4872, 29.8029], [-89.5167, 29.7787], [-89.5273, 29.7607], [-89.5325, 29.7558], [-89.5446, 29.7508], [-89.5543, 29.7498], [-89.5763, 29.7526], [-89.5856, 29.7508], [-89.6015, 29.7348], [-89.6038, 29.7163], [-89.597, 29.6994], [-89.5856, 29.6887], [-89.5657, 29.6859], [-89.5426, 29.6882], [-89.5221, 29.6873], [-89.5105, 29.675], [-89.5172, 29.6763], [-89.5309, 29.675], [-89.516, 29.6673], [-89.4825, 29.6409], [-89.4825, 29.6341], [-89.4999, 29.6355], [-89.5372, 29.6614], [-89.5682, 29.6672], [-89.5958, 29.6689], [-89.6238, 29.6746], [-89.6725, 29.7015], [-89.7023, 29.7098], [-89.6935, 29.6988], [-89.6672, 29.685], [-89.6539, 29.675], [-89.6675, 29.6689], [-89.647, 29.6614], [-89.6454, 29.6501], [-89.6197, 29.6273], [-89.6391, 29.6203], [-89.7222, 29.6399], [-89.7569, 29.6341], [-89.7327, 29.6281], [-89.7228, 29.6232], [-89.7159, 29.6136], [-89.7289, 29.6136], [-89.7233, 29.6016], [-89.6948, 29.572], [-89.6896, 29.5603], [-89.6837, 29.538], [-89.678, 29.5279], [-89.6684, 29.5218], [-89.641, 29.5137], [-89.6175, 29.5006], [-89.5924, 29.5029], [-89.5781, 29.4975], [-89.5826, 29.4945], [-89.5856, 29.4901], [-89.5692, 29.4846], [-89.5416, 29.4709], [-89.5235, 29.4696], [-89.5235, 29.4628], [-89.5337, 29.4491], [-89.5374, 29.435], [-89.5325, 29.4278], [-89.5167, 29.4348], [-89.519, 29.4182], [-89.5288, 29.4116], [-89.5446, 29.4081], [-89.5399, 29.3978], [-89.5292, 29.3932], [-89.5158, 29.3925], [-89.4561, 29.4035], [-89.4339, 29.4035], [-89.4136, 29.3939], [-89.4106, 29.3908], [-89.401, 29.3925], [-89.3927, 29.3918], [-89.3863, 29.3876], [-89.3801, 29.3876], [-89.3721, 29.3926], [-89.3616, 29.3944], [-89.3368, 29.3906], [-89.337, 29.3852], [-89.3436, 29.3813], [-89.3627, 29.3802], [-89.3735, 29.377], [-89.3798, 29.37], [-89.3809, 29.3629], [-89.3764, 29.3598], [-89.3677, 29.3576], [-89.3532, 29.3482], [-89.3423, 29.3461], [-89.3192, 29.3518], [-89.2814, 29.3576], [-89.2703, 29.3529], [-89.2641, 29.3453], [-89.2611, 29.3263], [-89.2572, 29.3188], [-89.2445, 29.316], [-89.2271, 29.3222], [-89.211, 29.3353], [-89.202, 29.3529], [-89.1971, 29.3535], [-89.1945, 29.3461], [-89.1899, 29.3464], [-89.1877, 29.3404], [-89.1883, 29.3188], [-89.1741, 29.3256], [-89.1688, 29.3162], [-89.1564, 29.303], [-89.1536, 29.2908], [-89.1399, 29.2983], [-89.1304, 29.2875], [-89.1232, 29.2679], [-89.1126, 29.2641], [-89.1186, 29.2554], [-89.1265, 29.2497], [-89.1474, 29.2431], [-89.1474, 29.2368], [-89.1058, 29.2263], [-89.1002, 29.2146], [-89.0871, 29.2069], [-89.0714, 29.2028], [-89.058, 29.2021], [-89.0648, 29.2164], [-89.047, 29.2185], [-89.0325, 29.2166], [-89.0204, 29.2095], [-89.0102, 29.1959], [-89.0306, 29.1959], [-89.0306, 29.1884], [-89.0215, 29.1868], [-89.0174, 29.1845], [-89.0102, 29.1748], [-89.0319, 29.1801], [-89.0389, 29.1779], [-89.0437, 29.1679], [-89.0511, 29.1679], [-89.0511, 29.1884], [-89.0653, 29.185], [-89.0831, 29.1737], [-89.097, 29.1596], [-89.0989, 29.1474], [-89.0893, 29.1486], [-89.0232, 29.1474], [-89.0516, 29.0974], [-89.0648, 29.086], [-89.0655, 29.1011], [-89.0715, 29.1125], [-89.0826, 29.119], [-89.0989, 29.1195], [-89.0875, 29.1011], [-89.0844, 29.0902], [-89.0846, 29.0786], [-89.0963, 29.0869], [-89.1013, 29.0919], [-89.1058, 29.0997], [-89.1111, 29.0861], [-89.1236, 29.0721], [-89.1505, 29.0482], [-89.1534, 29.0299], [-89.1337, 28.9962], [-89.1474, 28.9904], [-89.1578, 28.9975], [-89.1881, 29.0305], [-89.1999, 29.0531], [-89.2248, 29.0915], [-89.2324, 29.0997], [-89.2428, 29.1061], [-89.2477, 29.1059], [-89.2497, 29.0959], [-89.2446, 29.0727], [-89.2497, 29.0649], [-89.2655, 29.0594], [-89.2887, 29.0565], [-89.3096, 29.0502], [-89.3187, 29.0344], [-89.321, 29.0216], [-89.3271, 29.0085], [-89.374, 28.9475], [-89.3917, 28.934], [-89.4136, 28.9284], [-89.4101, 28.9601], [-89.4075, 28.9693], [-89.3839, 28.9876], [-89.3772, 28.9976], [-89.3556, 29.0205], [-89.3506, 29.0307], [-89.3522, 29.0581], [-89.3433, 29.0644], [-89.3209, 29.0684], [-89.3118, 29.0723], [-89.2944, 29.1065], [-89.2872, 29.1176], [-89.2781, 29.1404], [-89.2762, 29.1601], [-89.2907, 29.1611], [-89.2958, 29.1298], [-89.3044, 29.1269], [-89.3109, 29.134], [-89.3129, 29.1467], [-89.3118, 29.1713], [-89.3149, 29.1813], [-89.3218, 29.182], [-89.3286, 29.1755], [-89.3317, 29.1645], [-89.3301, 29.1528], [-89.3245, 29.1315], [-89.3249, 29.1195], [-89.3375, 29.1035], [-89.361, 29.0917], [-89.3837, 29.0878], [-89.3938, 29.0959], [-89.4049, 29.1229], [-89.404, 29.1304], [-89.3985, 29.1419], [-89.4062, 29.1481], [-89.4273, 29.1549], [-89.4825, 29.2431], [-89.4739, 29.2434], [-89.4552, 29.2505], [-89.4745, 29.2592], [-89.4951, 29.2595], [-89.5061, 29.2501], [-89.4962, 29.2294], [-89.555, 29.2484], [-89.5819, 29.2505], [-89.6082, 29.256], [-89.617, 29.2694], [-89.6227, 29.2851], [-89.6356, 29.2932], [-89.662, 29.3009], [-89.669, 29.2947], [-89.6867, 29.2963], [-89.7323, 29.3061], [-89.8181, 29.3162], [-89.7935, 29.3281], [-89.7746, 29.3324], [-89.7577, 29.3432], [-89.7498, 29.3558], [-89.7438, 29.3698], [-89.7452, 29.3849], [-89.7501, 29.3922], [-89.7631, 29.3939], [-89.7744, 29.385], [-89.7773, 29.3802], [-89.7818, 29.3917], [-89.7706, 29.4116], [-89.7755, 29.4208], [-89.787, 29.4185], [-89.8084, 29.4081], [-89.8145, 29.4108], [-89.8198, 29.4171], [-89.8258, 29.4286], [-89.8319, 29.4359], [-89.8319, 29.4423], [-89.8249, 29.4528], [-89.8203, 29.4564], [-89.8183, 29.456], [-89.8139, 29.4682], [-89.8163, 29.4744], [-89.8474, 29.4824], [-89.8517, 29.48], [-89.8531, 29.4662], [-89.8603, 29.4438], [-89.8769, 29.4489], [-89.9077, 29.477], [-89.9416, 29.4644], [-89.9712, 29.4734], [-90.0804, 29.5373], [-90.0995, 29.5447], [-90.1162, 29.547], [-90.1297, 29.5447], [-90.1332, 29.5391], [-90.12, 29.5317], [-90.1274, 29.5242], [-90.1436, 29.5374], [-90.1669, 29.5677], [-90.182, 29.5795], [-90.1879, 29.5693], [-90.203, 29.5523], [-90.2093, 29.5385], [-90.182, 29.5385], [-90.182, 29.5317], [-90.1978, 29.5258], [-90.2156, 29.5242], [-90.2103, 29.5151], [-90.206, 29.5114], [-90.2016, 29.5124], [-90.1957, 29.518], [-90.1861, 29.5119], [-90.1435, 29.4768], [-90.1335, 29.4716], [-90.095, 29.4673], [-90.0698, 29.46], [-90.0466, 29.4473], [-90.0238, 29.4286], [-90.0392, 29.4228], [-90.0474, 29.4168], [-90.0505, 29.4073], [-90.0511, 29.3908], [-90.0406, 29.3804], [-90.0374, 29.374], [-90.0363, 29.3659], [-90.0374, 29.3393], [-90.0445, 29.3531], [-90.0503, 29.3575], [-90.0585, 29.3598], [-90.0564, 29.3411], [-90.0475, 29.325], [-90.034, 29.3127], [-90.0176, 29.3051], [-90.0176, 29.2983], [-90.0374, 29.2908], [-90.0509, 29.3076], [-90.0675, 29.3101], [-90.0758, 29.3015], [-90.0648, 29.2846], [-90.095, 29.2838], [-90.1, 29.2539], [-90.0839, 29.2254], [-90.0511, 29.2294], [-90.0574, 29.2134], [-90.0802, 29.1747], [-90.0858, 29.1679], [-90.1002, 29.1579], [-90.1139, 29.1442], [-90.1308, 29.132], [-90.1473, 29.1269], [-90.1985, 29.0983], [-90.2292, 29.0867], [-90.244, 29.0915], [-90.2377, 29.0968], [-90.236, 29.1066], [-90.2367, 29.1195], [-90.2397, 29.1318], [-90.246, 29.1404], [-90.2674, 29.158], [-90.2713, 29.1674], [-90.2606, 29.1883], [-90.2572, 29.1989], [-90.2562, 29.2108], [-90.2517, 29.2248], [-90.2504, 29.2368], [-90.2511, 29.2474], [-90.2545, 29.2599], [-90.2608, 29.2695], [-90.2708, 29.271], [-90.2721, 29.2636], [-90.2793, 29.2473], [-90.2875, 29.2352], [-90.3007, 29.2576], [-90.3375, 29.2936], [-90.3391, 29.3113], [-90.3514, 29.3085], [-90.3599, 29.3034], [-90.3648, 29.2946], [-90.3664, 29.2812], [-90.3699, 29.2709], [-90.3937, 29.2431], [-90.3937, 29.2983], [-90.3996, 29.3116], [-90.4195, 29.3406], [-90.425, 29.3461], [-90.4259, 29.3504], [-90.4344, 29.3572], [-90.4442, 29.3577], [-90.452, 29.3271], [-90.46, 29.3141], [-90.4831, 29.2908], [-90.4964, 29.3061], [-90.5063, 29.3045], [-90.5156, 29.296], [-90.5275, 29.2908], [-90.562, 29.3007], [-90.5718, 29.3051], [-90.5582, 29.3113], [-90.5582, 29.3188], [-90.5693, 29.3207], [-90.5781, 29.3195], [-90.5836, 29.3145], [-90.5855, 29.3051], [-90.595, 29.3083], [-90.6028, 29.3076], [-90.6074, 29.302], [-90.6072, 29.2908], [-90.6024, 29.2878], [-90.5793, 29.2846], [-90.5813, 29.2663], [-90.5922, 29.2548], [-90.5982, 29.2443], [-90.5855, 29.2294], [-90.5953, 29.2186], [-90.6031, 29.2223], [-90.6202, 29.2431], [-90.627, 29.2357], [-90.6324, 29.2253], [-90.6407, 29.2021], [-90.6339, 29.1959], [-90.6409, 29.1574], [-90.6407, 29.1406], [-90.6524, 29.1623], [-90.6637, 29.1646], [-90.6749, 29.1611], [-90.6769, 29.1548], [-90.6754, 29.1457], [-90.6764, 29.1374], [-90.6903, 29.1315], [-90.6979, 29.1218], [-90.7059, 29.1195], [-90.7115, 29.1237], [-90.7271, 29.1304], [-90.7432, 29.1308], [-90.7506, 29.1164], [-90.758, 29.1159], [-90.7931, 29.1262], [-90.8052, 29.1269], [-90.7969, 29.1388], [-90.7808, 29.1428], [-90.7698, 29.1491], [-90.7773, 29.1679], [-90.7953, 29.1606], [-90.8121, 29.1662], [-90.8286, 29.1763], [-90.8462, 29.1822], [-90.8399, 29.1662], [-90.8441, 29.1573], [-90.8667, 29.1474], [-90.8736, 29.1354], [-90.884, 29.1338], [-90.9299, 29.1713], [-90.9552, 29.1857], [-90.9823, 29.1916], [-91.0106, 29.1822], [-91.0112, 29.1933], [-91.0079, 29.2016], [-91.0008, 29.2068], [-90.9901, 29.2089], [-90.9993, 29.2181], [-91.0155, 29.2235], [-91.031, 29.2243], [-91.038, 29.2198], [-91.0412, 29.2047], [-91.0501, 29.197], [-91.0633, 29.1948], [-91.0796, 29.1959], [-91.089, 29.2007], [-91.1123, 29.2191], [-91.1239, 29.2232], [-91.2286, 29.2386], [-91.2851, 29.2609], [-91.328, 29.2949], [-91.3397, 29.3393], [-91.3295, 29.3239], [-91.3121, 29.3193], [-91.2931, 29.3232], [-91.2782, 29.3331], [-91.2666, 29.3508], [-91.2586, 29.3671], [-91.2466, 29.3781], [-91.223, 29.3802], [-91.2272, 29.3635], [-91.2149, 29.3433], [-91.1913, 29.3314], [-91.1615, 29.3393], [-91.1622, 29.3058], [-91.1662, 29.2909], [-91.1758, 29.2778], [-91.1653, 29.275], [-91.1577, 29.2698], [-91.1537, 29.2617], [-91.154, 29.2505], [-91.1324, 29.2574], [-91.1222, 29.263], [-91.1131, 29.271], [-91.1225, 29.2821], [-91.1273, 29.2846], [-91.1273, 29.2908], [-91.1099, 29.3166], [-91.1216, 29.3381], [-91.1771, 29.3793], [-91.2086, 29.3957], [-91.2198, 29.4044], [-91.2224, 29.4116], [-91.2211, 29.4283], [-91.223, 29.4348], [-91.228, 29.4384], [-91.2411, 29.4417], [-91.2474, 29.4457], [-91.2626, 29.4691], [-91.2675, 29.4958], [-91.2633, 29.5223], [-91.2508, 29.5447], [-91.2291, 29.5599], [-91.2201, 29.5694], [-91.2167, 29.5856], [-91.22, 29.5989], [-91.2284, 29.6081], [-91.2412, 29.613], [-91.2577, 29.6136], [-91.2478, 29.5905], [-91.2532, 29.5763], [-91.2819, 29.5556], [-91.2861, 29.546], [-91.2845, 29.5355], [-91.2782, 29.5242], [-91.2987, 29.4838], [-91.3209, 29.4966], [-91.3635, 29.5121], [-91.3874, 29.518], [-91.4119, 29.5189], [-91.4239, 29.5212], [-91.429, 29.5279], [-91.4244, 29.5384], [-91.4167, 29.5479], [-91.4152, 29.5568], [-91.429, 29.5658], [-91.4525, 29.5516], [-91.4932, 29.5396], [-91.5343, 29.534], [-91.5593, 29.5385], [-91.5454, 29.5488], [-91.5412, 29.569], [-91.5452, 29.5919], [-91.5557, 29.6098], [-91.5588, 29.6192], [-91.5608, 29.6425], [-91.569, 29.6471], [-91.5797, 29.6452], [-91.6018, 29.6366], [-91.6134, 29.6341], [-91.6397, 29.6355], [-91.6442, 29.6452], [-91.6383, 29.6621], [-91.6339, 29.6853], [-91.6304, 29.7288], [-91.6379, 29.7421], [-91.6617, 29.7508], [-91.6847, 29.7531], [-91.7784, 29.7485], [-91.7957, 29.7424], [-91.8331, 29.7235], [-91.8585, 29.7191], [-91.8667, 29.7294], [-91.8675, 29.7436], [-91.8706, 29.7508], [-91.8779, 29.7593], [-91.8744, 29.7781], [-91.8647, 29.7969], [-91.8536, 29.8054], [-91.8461, 29.7988], [-91.8371, 29.7877], [-91.8295, 29.7844], [-91.8263, 29.8017], [-91.8287, 29.8153], [-91.8358, 29.8253], [-91.8475, 29.8312], [-91.894, 29.8376], [-91.9067, 29.8371], [-91.9335, 29.8194], [-91.9451, 29.8218], [-91.9556, 29.8292], [-91.9669, 29.8333], [-91.9844, 29.832], [-91.9863, 29.8274], [-91.9845, 29.8188], [-91.9907, 29.8054], [-92.0005, 29.7989], [-92.0864, 29.7715], [-92.1, 29.7644], [-92.1225, 29.7439], [-92.1346, 29.7362], [-92.149, 29.7365], [-92.1365, 29.7453], [-92.1341, 29.7568], [-92.1415, 29.7669], [-92.1583, 29.7712], [-92.162, 29.7683], [-92.1702, 29.7546], [-92.1757, 29.7508], [-92.1809, 29.7519], [-92.2024, 29.7644], [-92.1988, 29.7467], [-92.191, 29.7238], [-92.1815, 29.704], [-92.1723, 29.6955], [-92.1647, 29.6977], [-92.1502, 29.7075], [-92.1088, 29.7144], [-92.1, 29.7098], [-92.1293, 29.6926], [-92.1415, 29.6887], [-92.1136, 29.6376], [-92.1074, 29.6204], [-92.1, 29.6204], [-92.0845, 29.6303], [-92.0602, 29.6369], [-92.037, 29.637], [-92.0249, 29.6273], [-92.0553, 29.6215], [-92.0674, 29.6162], [-92.0733, 29.6061], [-92.0528, 29.5999], [-92.0659, 29.5878], [-92.1369, 29.5869], [-92.1739, 29.5762], [-92.2412, 29.5455], [-92.2765, 29.5338], [-92.3143, 29.5344], [-92.4651, 29.5601], [-92.5462, 29.5717], [-92.6831, 29.6041], [-92.7953, 29.6442], [-92.9157, 29.693], [-93.0268, 29.7329], [-93.0944, 29.7515], [-93.1996, 29.7728], [-93.2535, 29.7764], [-93.3085, 29.7692], [-93.3455, 29.762], [-93.3854, 29.7676], [-93.4534, 29.7704], [-93.4974, 29.7692], [-93.5585, 29.7631], [-93.6408, 29.7503], [-93.7394, 29.7372], [-93.767, 29.7263], [-93.8214, 29.7095], [-93.831, 29.7001], [-93.851, 29.7233], [-93.8792, 29.7499], [-93.8937, 29.7908], [-93.8882, 29.8072], [-93.8574, 29.8189], [-93.8207, 29.8242], [-93.7819, 29.8565], [-93.76, 29.9606], [-93.7694, 29.9783], [-93.7889, 29.9851], [-93.8186, 29.9868], [-93.8346, 29.9836], [-93.8541, 29.9866], [-93.858, 29.9682], [-93.8675, 29.95], [-93.9244, 29.8656], [-93.9381, 29.8059], [-93.9327, 29.7762], [-93.8758, 29.7234], [-93.8599, 29.6926], [-93.8758, 29.675], [-93.8873, 29.6745], [-93.9167, 29.6818], [-94.0376, 29.684], [-94.0601, 29.6818], [-94.102, 29.6706], [-94.1315, 29.6589], [-94.216, 29.6175], [-94.3353, 29.5782], [-94.6543, 29.4519], [-94.6907, 29.4286], [-94.7424, 29.3747], [-94.7628, 29.3665], [-94.7862, 29.3703], [-94.7906, 29.38], [-94.7821, 29.3934], [-94.701, 29.4628], [-94.6752, 29.4748], [-94.6516, 29.4783], [-94.63, 29.4857], [-94.6224, 29.4901], [-94.5926, 29.5176], [-94.5809, 29.5242], [-94.5721, 29.5264], [-94.5219, 29.524], [-94.5045, 29.526], [-94.4918, 29.5341], [-94.4853, 29.5522], [-94.486, 29.5661], [-94.5101, 29.549], [-94.5297, 29.5556], [-94.5455, 29.5684], [-94.5614, 29.5746], [-94.6054, 29.5527], [-94.6952, 29.539], [-94.7552, 29.5243], [-94.779, 29.5299], [-94.7874, 29.5407], [-94.7851, 29.5469], [-94.7738, 29.5418], [-94.7613, 29.5439], [-94.7358, 29.5792], [-94.7161, 29.6114], [-94.7031, 29.6504], [-94.6927, 29.6963], [-94.6955, 29.7181], [-94.7021, 29.7353], [-94.7035, 29.7514], [-94.7195, 29.7766], [-94.7341, 29.7822], [-94.7446, 29.7822], [-94.7737, 29.7729], [-94.7948, 29.7717], [-94.8067, 29.782], [-94.8265, 29.7681], [-94.8264, 29.7498], [-94.8487, 29.7176], [-94.863, 29.6831], [-94.8761, 29.6658], [-94.9196, 29.6553], [-94.9316, 29.6667], [-94.9383, 29.6897], [-94.9662, 29.7044], [-95.0155, 29.7203], [-95.034, 29.7485], [-95.0523, 29.7497], [-95.0641, 29.7129], [-95.0503, 29.707], [-95.0368, 29.7043], [-95.0288, 29.6975], [-95.0089, 29.6935], [-94.9986, 29.6866], [-94.9858, 29.675], [-95.0087, 29.6597], [-95.0157, 29.6445], [-95.01, 29.626], [-94.9845, 29.6061], [-94.9892, 29.5944], [-95.016, 29.5689], [-95.0239, 29.5422], [-94.9839, 29.5138], [-94.9078, 29.4963], [-94.9235, 29.4756], [-94.9364, 29.48], [-94.9506, 29.4738], [-94.9651, 29.4696], [-94.9651, 29.4628], [-94.9482, 29.452], [-94.9471, 29.4354], [-94.9429, 29.422], [-94.9173, 29.4211], [-94.9173, 29.4286], [-94.922, 29.434], [-94.9218, 29.4365], [-94.9183, 29.437], [-94.9173, 29.4423], [-94.8896, 29.4008], [-94.8788, 29.3939], [-94.8658, 29.3918], [-94.8211, 29.374], [-94.8313, 29.3708], [-94.8341, 29.3665], [-94.8494, 29.376], [-94.8704, 29.3808], [-94.8888, 29.376], [-94.8968, 29.3564], [-94.9014, 29.3346], [-94.9129, 29.3156], [-94.9282, 29.3076], [-94.944, 29.3188], [-94.9508, 29.3188], [-94.9551, 29.3063], [-94.9645, 29.2978], [-94.9849, 29.2846], [-94.9992, 29.2846], [-94.9992, 29.271], [-95.0652, 29.2042], [-95.0884, 29.1886], [-95.1159, 29.1748], [-95.1243, 29.1935], [-95.1372, 29.1989], [-95.1531, 29.2009], [-95.1705, 29.2089], [-95.1629, 29.2006], [-95.15, 29.1748], [-95.1592, 29.1524], [-95.1581, 29.1309], [-95.15, 29.0891], [-95.1496, 29.0722], [-95.1512, 29.0585], [-95.1589, 29.0457], [-95.2315, 28.9955], [-95.26, 28.9818], [-95.3139, 28.9284], [-95.3677, 28.8872], [-95.3794, 28.8806], [-95.4017, 28.8784], [-95.4192, 28.8723], [-95.4872, 28.8297], [-95.6019, 28.7639], [-95.6449, 28.7459], [-95.6889, 28.7363], [-95.734, 28.7336], [-95.78, 28.7359], [-95.8174, 28.7325], [-95.952, 28.6887], [-95.9458, 28.6765], [-95.9471, 28.6662], [-95.951, 28.657], [-95.9524, 28.6403], [-95.9559, 28.6326], [-95.952, 28.6267], [-95.9402, 28.6257], [-95.9337, 28.6276], [-95.7934, 28.6994], [-95.755, 28.7125], [-95.7192, 28.7155], [-95.8371, 28.6465], [-95.9024, 28.6179], [-96.0051, 28.5965], [-96.0663, 28.5539], [-96.1237, 28.5368], [-96.1882, 28.5017], [-96.2189, 28.4895], [-96.1946, 28.5156], [-96.1609, 28.5373], [-96.0172, 28.6022], [-95.996, 28.6062], [-95.9849, 28.6131], [-95.9814, 28.6286], [-95.9878, 28.6448], [-96.0066, 28.654], [-96.0264, 28.651], [-96.0648, 28.6313], [-96.078, 28.6267], [-96.0984, 28.6233], [-96.1574, 28.5988], [-96.2049, 28.5867], [-96.2265, 28.5871], [-96.2223, 28.6025], [-96.2047, 28.6106], [-96.1589, 28.6151], [-96.1431, 28.6267], [-96.1369, 28.6267], [-96.1369, 28.6335], [-96.1539, 28.6352], [-96.1949, 28.6267], [-96.2154, 28.6294], [-96.2204, 28.6369], [-96.2154, 28.6479], [-96.1922, 28.6809], [-96.1881, 28.6909], [-96.1951, 28.6945], [-96.2154, 28.695], [-96.2308, 28.6928], [-96.2445, 28.6876], [-96.2667, 28.6751], [-96.2604, 28.6887], [-96.2814, 28.6798], [-96.3081, 28.6511], [-96.3287, 28.6397], [-96.3458, 28.6353], [-96.3498, 28.6374], [-96.3502, 28.6441], [-96.356, 28.654], [-96.3852, 28.6793], [-96.3902, 28.6887], [-96.38, 28.7003], [-96.3776, 28.7149], [-96.3833, 28.73], [-96.3976, 28.7434], [-96.4131, 28.7338], [-96.4169, 28.7297], [-96.435, 28.7557], [-96.4386, 28.7639], [-96.4448, 28.7639], [-96.444, 28.7493], [-96.4384, 28.7318], [-96.431, 28.7165], [-96.4243, 28.7086], [-96.4171, 28.7107], [-96.4083, 28.7169], [-96.4008, 28.7199], [-96.3976, 28.7121], [-96.4003, 28.7026], [-96.4169, 28.6887], [-96.4164, 28.681], [-96.4103, 28.6663], [-96.4168, 28.6437], [-96.4034, 28.6356], [-96.3697, 28.6267], [-96.4276, 28.5954], [-96.4625, 28.5832], [-96.4932, 28.5789], [-96.4779, 28.5916], [-96.4598, 28.5933], [-96.4448, 28.5974], [-96.4386, 28.6168], [-96.4471, 28.6356], [-96.4847, 28.6126], [-96.4974, 28.6448], [-96.5198, 28.6404], [-96.5363, 28.6461], [-96.5499, 28.6455], [-96.5547, 28.6472], [-96.5595, 28.6543], [-96.56, 28.6672], [-96.5672, 28.6965], [-96.5702, 28.7026], [-96.5785, 28.7121], [-96.5904, 28.7204], [-96.6038, 28.7237], [-96.6175, 28.7221], [-96.6304, 28.7155], [-96.6391, 28.7242], [-96.6509, 28.7297], [-96.6498, 28.7048], [-96.6457, 28.6871], [-96.6372, 28.6716], [-96.6088, 28.6378], [-96.6049, 28.6306], [-96.6024, 28.6205], [-96.6031, 28.6102], [-96.6085, 28.5862], [-96.6086, 28.5789], [-96.5998, 28.5683], [-96.5919, 28.5696], [-96.5819, 28.5789], [-96.5702, 28.5754], [-96.541, 28.5578], [-96.5204, 28.5492], [-96.5066, 28.5369], [-96.5013, 28.5291], [-96.4932, 28.5106], [-96.5455, 28.4877], [-96.5547, 28.4861], [-96.5476, 28.4693], [-96.5316, 28.4695], [-96.5142, 28.478], [-96.5035, 28.4861], [-96.4735, 28.4936], [-96.4357, 28.4814], [-96.4068, 28.4587], [-96.4038, 28.4349], [-96.4758, 28.4008], [-96.4951, 28.3965], [-96.5292, 28.3778], [-96.5447, 28.3735], [-96.6537, 28.3195], [-96.6714, 28.3319], [-96.6877, 28.3274], [-96.6983, 28.3359], [-96.7038, 28.3518], [-96.7059, 28.3885], [-96.7092, 28.3998], [-96.7185, 28.4055], [-96.7365, 28.4069], [-96.7418, 28.4106], [-96.7464, 28.4349], [-96.767, 28.4479], [-96.7847, 28.4726], [-96.7933, 28.4797], [-96.8017, 28.4752], [-96.8101, 28.4678], [-96.8133, 28.458], [-96.8107, 28.4519], [-96.8017, 28.4554], [-96.7775, 28.4374], [-96.7698, 28.4262], [-96.767, 28.4107], [-96.7751, 28.4005], [-96.7939, 28.4082], [-96.8145, 28.4217], [-96.8284, 28.4287], [-96.8445, 28.4156], [-96.8251, 28.3879], [-96.7956, 28.3565], [-96.7812, 28.3319], [-96.7875, 28.3143], [-96.7971, 28.2969], [-96.8013, 28.2791], [-96.7823, 28.2416], [-96.7924, 28.2287], [-96.8284, 28.209], [-96.8451, 28.1933], [-96.8802, 28.1506], [-96.8959, 28.1408], [-96.9282, 28.1332], [-96.9451, 28.1265], [-96.9335, 28.1629], [-96.9245, 28.1792], [-96.9103, 28.1953], [-96.9247, 28.2141], [-96.9189, 28.2321], [-96.9088, 28.2488], [-96.9103, 28.2636], [-96.9219, 28.2633], [-96.9358, 28.2483], [-96.9593, 28.2158], [-96.9461, 28.2051], [-96.9434, 28.1914], [-96.9487, 28.1742], [-96.9593, 28.1538], [-96.973, 28.1339], [-96.9844, 28.1295], [-97.0202, 28.1401], [-97.0129, 28.145], [-97.0065, 28.1538], [-97.0131, 28.164], [-97.0074, 28.1945], [-97.014, 28.209], [-97.0202, 28.209], [-97.0362, 28.1876], [-97.0714, 28.1681], [-97.1102, 28.1536], [-97.1375, 28.1475], [-97.1308, 28.1578], [-97.1386, 28.1656], [-97.1527, 28.1693], [-97.1648, 28.1674], [-97.1732, 28.159], [-97.1773, 28.148], [-97.1732, 28.1384], [-97.1573, 28.1339], [-97.1986, 28.0968], [-97.2175, 28.0748], [-97.2089, 28.065], [-97.1867, 28.0625], [-97.1684, 28.0556], [-97.1543, 28.0446], [-97.1443, 28.0302], [-97.1444, 28.0198], [-97.1487, 28.0102], [-97.1491, 28.0055], [-97.1375, 28.0097], [-97.1299, 28.0168], [-97.1231, 28.0283], [-97.1182, 28.0417], [-97.1164, 28.0544], [-97.1061, 28.071], [-97.0574, 28.0888], [-97.0412, 28.1059], [-97.0465, 28.1137], [-97.0344, 28.1196], [-97.0241, 28.1118], [-97.0211, 28.1003], [-97.0277, 28.0616], [-97.025, 28.0414], [-97.0275, 28.0367], [-97.0446, 28.0191], [-97.0611, 27.9892], [-97.0661, 27.9887], [-97.0686, 27.996], [-97.1053, 27.937], [-97.1841, 27.8366], [-97.2063, 27.8217], [-97.2325, 27.8248], [-97.2325, 27.8322], [-97.212, 27.8322], [-97.2233, 27.8491], [-97.2359, 27.8638], [-97.2503, 27.8746], [-97.2672, 27.8794], [-97.2908, 27.8767], [-97.3314, 27.8611], [-97.3559, 27.8596], [-97.349, 27.8649], [-97.3423, 27.8794], [-97.3682, 27.8732], [-97.4244, 27.8752], [-97.4521, 27.8732], [-97.4576, 27.8698], [-97.4602, 27.8607], [-97.4658, 27.8596], [-97.4869, 27.8664], [-97.4923, 27.8772], [-97.5006, 27.8794], [-97.5211, 27.8732], [-97.5049, 27.849], [-97.487, 27.8353], [-97.464, 27.8317], [-97.4317, 27.8384], [-97.4222, 27.8327], [-97.4098, 27.8323], [-97.3982, 27.8369], [-97.3907, 27.8459], [-97.3856, 27.8301], [-97.394, 27.8017], [-97.3907, 27.7912], [-97.3718, 27.7553], [-97.3561, 27.7418], [-97.2672, 27.7081], [-97.2596, 27.6951], [-97.2628, 27.6793], [-97.2725, 27.6634], [-97.2843, 27.6501], [-97.2893, 27.642], [-97.2926, 27.6309], [-97.2952, 27.6088], [-97.2988, 27.6006], [-97.3293, 27.5496], [-97.3464, 27.5058], [-97.3529, 27.4757], [-97.3671, 27.4608], [-97.4083, 27.3574], [-97.4112, 27.335], [-97.4224, 27.3278], [-97.4869, 27.304], [-97.5084, 27.2824], [-97.5226, 27.2785], [-97.5416, 27.2904], [-97.5053, 27.3076], [-97.4932, 27.3177], [-97.4987, 27.3208], [-97.5067, 27.3313], [-97.4868, 27.3302], [-97.4764, 27.3315], [-97.4692, 27.335], [-97.4613, 27.3437], [-97.4609, 27.3458], [-97.4655, 27.3467], [-97.4726, 27.3518], [-97.4742, 27.3484], [-97.4814, 27.3471], [-97.4894, 27.3507], [-97.4932, 27.362], [-97.4912, 27.3815], [-97.4869, 27.4002], [-97.5062, 27.3925], [-97.5292, 27.3721], [-97.5416, 27.3655], [-97.5341, 27.3518], [-97.5531, 27.3438], [-97.5688, 27.3313], [-97.5751, 27.3456], [-97.5847, 27.3418], [-97.603, 27.3177], [-97.5997, 27.3109], [-97.6007, 27.3045], [-97.6062, 27.2997], [-97.6169, 27.2978], [-97.6302, 27.3002], [-97.6341, 27.3065], [-97.6345, 27.3151], [-97.6378, 27.3244], [-97.7176, 27.4274], [-97.7429, 27.4497], [-97.7743, 27.4685], [-97.7705, 27.4446], [-97.7364, 27.4141], [-97.7259, 27.3934], [-97.7401, 27.3934], [-97.7038, 27.3611], [-97.6918, 27.3405], [-97.7122, 27.3313], [-97.7106, 27.3242], [-97.7067, 27.3177], [-97.6871, 27.3251], [-97.6722, 27.3214], [-97.6676, 27.3109], [-97.6787, 27.2978], [-97.7007, 27.2859], [-97.7247, 27.2877], [-97.75, 27.2973], [-97.7743, 27.2978], [-97.7606, 27.2791], [-97.7152, 27.2674], [-97.6787, 27.274], [-97.6589, 27.2741], [-97.6422, 27.2668], [-97.6295, 27.2447], [-97.5982, 27.243], [-97.5597, 27.2348], [-97.5211, 27.2322], [-97.4765, 27.2564], [-97.4401, 27.2722], [-97.4261, 27.2637], [-97.4272, 27.25], [-97.4341, 27.2392], [-97.446, 27.2351], [-97.4438, 27.2242], [-97.4435, 27.2057], [-97.4451, 27.1882], [-97.4491, 27.1805], [-97.4584, 27.1748], [-97.4554, 27.1613], [-97.4486, 27.1455], [-97.446, 27.1327], [-97.4531, 27.1208], [-97.4658, 27.1124], [-97.4813, 27.1076], [-97.4969, 27.106], [-97.4982, 27.1007], [-97.4882, 27.0883], [-97.4816, 27.0743], [-97.4932, 27.0638], [-97.4809, 27.0387], [-97.4807, 27.022], [-97.4945, 27.0126], [-97.5502, 27.0092], [-97.5609, 27.0049], [-97.5628, 26.9937], [-97.56, 26.9508], [-97.5543, 26.9331], [-97.5455, 26.9186], [-97.5341, 26.9068], [-97.4945, 26.8905], [-97.4813, 26.8776], [-97.4932, 26.8583], [-97.5377, 26.8956], [-97.5484, 26.8999], [-97.5552, 26.8902], [-97.56, 26.8714], [-97.5625, 26.8514], [-97.562, 26.8379], [-97.5548, 26.8251], [-97.5437, 26.8222], [-97.5297, 26.822], [-97.5137, 26.8174], [-97.5013, 26.8066], [-97.493, 26.7917], [-97.4884, 26.7751], [-97.4815, 26.7314], [-97.4576, 26.6672], [-97.4473, 26.6013], [-97.4249, 26.5349], [-97.4186, 26.502], [-97.4317, 26.5232], [-97.4368, 26.5099], [-97.446, 26.5029], [-97.4726, 26.4958], [-97.4385, 26.4853], [-97.4397, 26.4765], [-97.4448, 26.4614], [-97.448, 26.4333], [-97.4504, 26.4239], [-97.4479, 26.4202], [-97.4351, 26.4195], [-97.4171, 26.4152], [-97.4119, 26.4045], [-97.4108, 26.3912], [-97.405, 26.3786], [-97.3981, 26.3763], [-97.3764, 26.3744], [-97.3702, 26.3723], [-97.3699, 26.3641], [-97.3788, 26.344], [-97.3771, 26.3376], [-97.3701, 26.3368], [-97.3633, 26.3402], [-97.3519, 26.3538], [-97.3444, 26.3494], [-97.3402, 26.3416], [-97.3553, 26.3279], [-97.3611, 26.3069], [-97.3611, 26.2858], [-97.3529, 26.2761], [-97.3365, 26.2812], [-97.3298, 26.2817], [-97.3218, 26.2761], [-97.3158, 26.2649], [-97.3192, 26.2571], [-97.3257, 26.2504], [-97.3293, 26.242], [-97.3276, 26.2304], [-97.3087, 26.2011], [-97.314, 26.1801], [-97.3153, 26.1501], [-97.3105, 26.1233], [-97.2982, 26.1116], [-97.2762, 26.1007], [-97.2638, 26.0986], [-97.2364, 26.0981], [-97.2239, 26.0959], [-97.212, 26.0912], [-97.2154, 26.0763], [-97.2222, 26.0671], [-97.2325, 26.0648], [-97.2467, 26.0707], [-97.248, 26.0532], [-97.2598, 26.0291], [-97.2604, 26.0154], [-97.2556, 25.9989], [-97.252, 25.993], [-97.2467, 25.9888], [-97.2362, 25.9842], [-97.2332, 25.9855], [-97.2318, 25.99], [-97.2262, 25.995], [-97.2017, 26.0051], [-97.1926, 26.0115], [-97.1853, 26.0223], [-97.1815, 26.038], [-97.1796, 26.0561], [-97.1754, 26.0709], [-97.1648, 26.0769], [-97.1518, 26.075], [-97.1432, 26.0478], [-97.1375, 25.9745], [-97.1393, 25.9658], [-97.2049, 25.9606], [-97.2531, 25.9635], [-97.2664, 25.9606], [-97.2692, 25.9444], [-97.2876, 25.9287], [-97.311, 25.9221], [-97.3284, 25.9333], [-97.3511, 25.9184], [-97.3551, 25.9128], [-97.3523, 25.8945], [-97.3452, 25.8717], [-97.3457, 25.8522], [-97.366, 25.8439], [-97.376, 25.8467], [-97.3831, 25.8605], [-97.3899, 25.8657], [-97.3978, 25.8658], [-97.3999, 25.8551], [-97.4042, 25.8514], [-97.4254, 25.8549], [-97.4357, 25.8693], [-97.4413, 25.8849], [-97.4483, 25.8923], [-97.4694, 25.8929], [-97.4863, 25.8957], [-97.5022, 25.9019], [-97.5203, 25.9128], [-97.5652, 25.9547], [-97.5943, 25.9664], [-97.6048, 25.98], [-97.6131, 25.996], [-97.6226, 26.0091], [-97.6415, 26.0225], [-97.6599, 26.0307], [-97.6796, 26.0346], [-97.7669, 26.0397], [-97.7803, 26.0432], [-97.7823, 26.0586], [-97.802, 26.0637], [-97.8782, 26.0637], [-97.9417, 26.0568], [-97.9992, 26.0643], [-98.0131, 26.0637], [-98.0442, 26.0488], [-98.0655, 26.0422], [-98.0751, 26.0466], [-98.0833, 26.0709], [-98.1031, 26.0749], [-98.1502, 26.0637], [-98.1851, 26.0652], [-98.2227, 26.0754], [-98.3004, 26.1114], [-98.3098, 26.1211], [-98.3393, 26.1599], [-98.3658, 26.1602], [-98.3773, 26.1636], [-98.3773, 26.1736], [-98.3693, 26.194], [-98.3972, 26.2011], [-98.4288, 26.2177], [-98.4565, 26.2259], [-98.4724, 26.2077], [-98.4929, 26.2306], [-98.5215, 26.2409], [-98.5528, 26.2483], [-98.5816, 26.2623], [-98.6406, 26.2418], [-98.6537, 26.2443], [-98.6647, 26.2506], [-98.6853, 26.2685], [-98.7022, 26.2716], [-98.7043, 26.2766], [-98.6915, 26.2902], [-98.7014, 26.2991], [-98.7132, 26.3034], [-98.7262, 26.3044], [-98.7399, 26.3033], [-98.7359, 26.32], [-98.7464, 26.3321], [-98.7808, 26.3517], [-98.7959, 26.3683], [-98.8013, 26.3721], [-98.8103, 26.3724], [-98.825, 26.3665], [-98.8361, 26.3721], [-98.8423, 26.3658], [-98.8508, 26.3641], [-98.8605, 26.3663], [-98.8702, 26.3721], [-98.893, 26.3678], [-98.9299, 26.3922], [-98.9454, 26.3783], [-98.9541, 26.3939], [-98.9628, 26.3995], [-98.987, 26.4001], [-99.0105, 26.3926], [-99.0164, 26.3945], [-99.023, 26.4034], [-99.0279, 26.4062], [-99.0476, 26.407], [-99.0664, 26.4047], [-99.0855, 26.4076], [-99.1064, 26.423], [-99.1089, 26.4343], [-99.1025, 26.447], [-99.0937, 26.4598], [-99.0894, 26.4712], [-99.0915, 26.484], [-99.103, 26.5121], [-99.1151, 26.5256], [-99.1409, 26.5314], [-99.1649, 26.5404], [-99.1713, 26.564], [-99.1811, 26.6299], [-99.2214, 26.7357], [-99.2341, 26.7836], [-99.2483, 26.8271], [-99.2628, 26.844], [-99.2797, 26.8597], [-99.337, 26.9248], [-99.3768, 26.9538], [-99.3862, 26.9622], [-99.3904, 26.9731], [-99.3902, 26.9936], [-99.3928, 27.0048], [-99.3993, 27.0127], [-99.416, 27.0149], [-99.4246, 27.0179], [-99.4399, 27.0289], [-99.4617, 27.057], [-99.442, 27.0896], [-99.4394, 27.0983], [-99.4414, 27.1075], [-99.4525, 27.125], [-99.4503, 27.1452], [-99.4358, 27.1884], [-99.432, 27.2076], [-99.434, 27.227], [-99.4409, 27.2448], [-99.4518, 27.2612], [-99.4661, 27.2765], [-99.4804, 27.2833], [-99.4866, 27.2976], [-99.5214, 27.3113], [-99.5148, 27.3218], [-99.4976, 27.3388], [-99.494, 27.3482], [-99.4929, 27.3588], [-99.4877, 27.3719], [-99.4846, 27.3918], [-99.4757, 27.4148], [-99.4729, 27.4266], [-99.4729, 27.4683], [-99.4764, 27.4825], [-99.4804, 27.4908], [-99.4883, 27.4947], [-99.5037, 27.4956], [-99.5095, 27.5], [-99.5101, 27.5105], [-99.5071, 27.5334], [-99.5072, 27.5738], [-99.515, 27.5886], [-99.535, 27.6048], [-99.555, 27.6135], [-99.5723, 27.6185], [-99.5782, 27.6228], [-99.5902, 27.6421], [-99.6002, 27.6464], [-99.6124, 27.6436], [-99.6335, 27.6331], [-99.6449, 27.6327], [-99.6587, 27.654], [-99.6647, 27.6594], [-99.7004, 27.6592], [-99.7057, 27.6632], [-99.7231, 27.6874], [-99.7307, 27.6918], [-99.7363, 27.7136], [-99.7404, 27.7222], [-99.7473, 27.726], [-99.7652, 27.7312], [-99.7746, 27.7358], [-99.7868, 27.7485], [-99.7954, 27.7619], [-99.8082, 27.7724], [-99.8329, 27.7768], [-99.833, 27.7822], [-99.8448, 27.7936], [-99.8582, 27.8035], [-99.8634, 27.8047], [-99.8647, 27.8143], [-99.8619, 27.8361], [-99.8634, 27.8457], [-99.8709, 27.8545], [-99.888, 27.8648], [-99.8913, 27.876], [-99.8788, 27.9018], [-99.8813, 27.9065], [-99.8968, 27.9129], [-99.9143, 27.9282], [-99.9299, 27.9463], [-99.9397, 27.9611], [-99.9283, 27.9758], [-99.9407, 27.9833], [-99.9619, 27.9875], [-99.9766, 27.9925], [-99.9911, 28.0078], [-100.0006, 28.0204], [-100.0141, 28.0505], [-100.0102, 28.0689], [-100.0176, 28.0709], [-100.0315, 28.0818], [-100.0451, 28.0953], [-100.048, 28.1025], [-100.0489, 28.116], [-100.0565, 28.1379], [-100.0749, 28.1544], [-100.1729, 28.1985], [-100.1892, 28.2013], [-100.1976, 28.2072], [-100.2029, 28.2344], [-100.2059, 28.2429], [-100.2407, 28.2497], [-100.2579, 28.2605], [-100.2751, 28.2772], [-100.2843, 28.2965], [-100.2779, 28.3149], [-100.2786, 28.3311], [-100.2939, 28.3534], [-100.3226, 28.3869], [-100.3317, 28.422], [-100.3363, 28.4586], [-100.3402, 28.4643], [-100.3483, 28.4703], [-100.3555, 28.4782], [-100.3568, 28.4893], [-100.3516, 28.4967], [-100.3226, 28.5104], [-100.364, 28.5248], [-100.3842, 28.5372], [-100.3978, 28.5576], [-100.3988, 28.5686], [-100.3971, 28.5927], [-100.4014, 28.6023], [-100.4115, 28.6093], [-100.4348, 28.6191], [-100.4462, 28.6265], [-100.4449, 28.6438], [-100.4814, 28.6861], [-100.4939, 28.7084], [-100.5191, 28.805], [-100.5345, 28.8302], [-100.5386, 28.8356], [-100.5452, 28.839], [-100.5597, 28.8394], [-100.5662, 28.8425], [-100.5697, 28.8496], [-100.5633, 28.8621], [-100.5662, 28.8698], [-100.5865, 28.8798], [-100.5895, 28.8835], [-100.595, 28.8993], [-100.607, 28.9101], [-100.6188, 28.9179], [-100.6243, 28.9247], [-100.6267, 28.9483], [-100.6308, 28.9567], [-100.6379, 28.9629], [-100.6289, 28.9843], [-100.6328, 29.0052], [-100.6522, 29.0448], [-100.6609, 29.1027], [-100.669, 29.1162], [-100.6782, 29.1194], [-100.702, 29.1237], [-100.7097, 29.1356], [-100.7625, 29.1738], [-100.7701, 29.1873], [-100.7621, 29.2087], [-100.7832, 29.2431], [-100.7961, 29.2577], [-100.8161, 29.2708], [-100.8639, 29.2906], [-100.8718, 29.2965], [-100.8912, 29.3185], [-100.9147, 29.337], [-100.9874, 29.3663], [-100.9983, 29.3725], [-101.0081, 29.3806], [-101.0162, 29.3901], [-101.0222, 29.4005], [-101.0259, 29.4144], [-101.0296, 29.443], [-101.0378, 29.4601], [-101.1348, 29.4877], [-101.1636, 29.5013], [-101.1827, 29.5224], [-101.1914, 29.5281], [-101.2129, 29.5316], [-101.2228, 29.5408], [-101.2265, 29.5545], [-101.2178, 29.5842], [-101.219, 29.6103], [-101.2339, 29.6227], [-101.2588, 29.6202], [-101.2836, 29.6078], [-101.301, 29.5941], [-101.3122, 29.5979], [-101.3109, 29.6128], [-101.3027, 29.6339], [-101.3011, 29.6495], [-101.3098, 29.6545], [-101.3362, 29.6543], [-101.349, 29.6601], [-101.3577, 29.6674], [-101.3644, 29.6767], [-101.3766, 29.7006], [-101.3834, 29.7185], [-101.3996, 29.7407], [-101.4065, 29.7529], [-101.4093, 29.7658], [-101.4051, 29.7784], [-101.4242, 29.7714], [-101.4351, 29.7701], [-101.4461, 29.7711], [-101.4557, 29.7759], [-101.4624, 29.7889], [-101.4709, 29.7915], [-101.4903, 29.7855], [-101.5058, 29.7739], [-101.5218, 29.7659], [-101.5429, 29.7711], [-101.5286, 29.8014], [-101.5319, 29.8111], [-101.5392, 29.818], [-101.5465, 29.8201], [-101.5498, 29.8157], [-101.554, 29.7967], [-101.5649, 29.7865], [-101.5803, 29.7816], [-101.6322, 29.7757], [-101.7945, 29.7959], [-101.803, 29.8014], [-101.806, 29.8119], [-101.8127, 29.812], [-101.8241, 29.8052], [-101.8576, 29.8052], [-101.8874, 29.8123], [-101.8955, 29.8086], [-101.9024, 29.8032], [-101.9109, 29.7999], [-101.9296, 29.7977], [-101.9427, 29.8036], [-101.9571, 29.814], [-101.9722, 29.8182], [-101.9879, 29.8052], [-102.0146, 29.811], [-102.1093, 29.8021], [-102.1456, 29.8157], [-102.1572, 29.8245], [-102.2037, 29.8461], [-102.2398, 29.8491], [-102.2534, 29.8553], [-102.2583, 29.8735], [-102.2762, 29.8695], [-102.3022, 29.8894], [-102.321, 29.8939], [-102.3302, 29.8889], [-102.3398, 29.8706], [-102.3632, 29.8643], [-102.3707, 29.8578], [-102.3745, 29.8481], [-102.3766, 29.8215], [-102.3801, 29.8114], [-102.4061, 29.7773], [-102.5153, 29.7847], [-102.5231, 29.7823], [-102.5311, 29.7699], [-102.5466, 29.7579], [-102.5531, 29.7567], [-102.5583, 29.7591], [-102.5629, 29.7693], [-102.5668, 29.7711], [-102.5853, 29.7647], [-102.6212, 29.7473], [-102.6387, 29.7437], [-102.6835, 29.7437], [-102.691, 29.7368], [-102.6978, 29.7096], [-102.7267, 29.6645], [-102.7313, 29.6506], [-102.7355, 29.6495], [-102.7613, 29.6034], [-102.7676, 29.5973], [-102.7797, 29.5923], [-102.7741, 29.5796], [-102.7765, 29.5759], [-102.7859, 29.5718], [-102.7807, 29.5582], [-102.7865, 29.5505], [-102.7955, 29.5443], [-102.8273, 29.4705], [-102.8391, 29.452], [-102.8411, 29.4383], [-102.835, 29.4157], [-102.8352, 29.4038], [-102.8445, 29.3905], [-102.8456, 29.3847], [-102.838, 29.3705], [-102.8377, 29.3663], [-102.8466, 29.3617], [-102.8599, 29.3612], [-102.865, 29.3595], [-102.877, 29.3509], [-102.8831, 29.3438], [-102.8852, 29.3334], [-102.8855, 29.3148], [-102.8994, 29.2761], [-102.8997, 29.2639], [-102.8921, 29.2544], [-102.868, 29.2404], [-102.8588, 29.2291], [-102.8699, 29.2248], [-102.8969, 29.2203], [-102.9423, 29.1902], [-102.9475, 29.182], [-102.9698, 29.1928], [-102.9884, 29.1771], [-103.0158, 29.1268], [-103.0243, 29.1162], [-103.0326, 29.1102], [-103.0725, 29.0914], [-103.0808, 29.0852], [-103.0856, 29.0757], [-103.0915, 29.0579], [-103.0954, 29.0603], [-103.1047, 29.0579], [-103.1092, 29.0234], [-103.1228, 28.9965], [-103.148, 28.9851], [-103.1871, 28.9902], [-103.2418, 29.0035], [-103.3015, 29.0024], [-103.3162, 29.0101], [-103.31, 29.0312], [-103.3305, 29.0237], [-103.3426, 29.0412], [-103.3517, 29.0394], [-103.3605, 29.0298], [-103.3721, 29.0237], [-103.3866, 29.0288], [-103.4146, 29.0524], [-103.4236, 29.0579], [-103.4357, 29.0611], [-103.4785, 29.0821], [-103.5297, 29.1268], [-103.5356, 29.1351], [-103.5417, 29.1488], [-103.5502, 29.1547], [-103.558, 29.1562], [-103.585, 29.1547], [-103.6731, 29.1736], [-103.7025, 29.1879], [-103.7495, 29.223], [-103.7708, 29.2298], [-103.7777, 29.2353], [-103.7694, 29.2575], [-103.7742, 29.2675], [-103.7837, 29.2748], [-103.7942, 29.2776], [-103.8641, 29.2814], [-103.9281, 29.293], [-104.0191, 29.3203], [-104.0573, 29.339], [-104.1054, 29.3857], [-104.1398, 29.4006], [-104.1616, 29.4168], [-104.1945, 29.4489], [-104.2123, 29.4847], [-104.2187, 29.4898], [-104.2271, 29.493], [-104.251, 29.5086], [-104.2672, 29.5266], [-104.2928, 29.5328], [-104.3206, 29.5323], [-104.3385, 29.524], [-104.349, 29.5376], [-104.444, 29.5892], [-104.4552, 29.6134], [-104.4694, 29.6254], [-104.5166, 29.6543], [-104.5308, 29.6679], [-104.535, 29.6778], [-104.5371, 29.7021], [-104.5437, 29.7164], [-104.5614, 29.7454], [-104.5703, 29.7875], [-104.5836, 29.8026], [-104.6012, 29.8148], [-104.6197, 29.8331], [-104.6238, 29.8415], [-104.6376, 29.888], [-104.6563, 29.9082], [-104.6635, 29.9231], [-104.6805, 29.9423], [-104.6825, 29.9521], [-104.6801, 29.9678], [-104.6805, 29.9765], [-104.6991, 30.0315], [-104.7016, 30.0553], [-104.6986, 30.0753], [-104.6846, 30.1111], [-104.6805, 30.1341], [-104.6787, 30.1704], [-104.6816, 30.1929], [-104.6959, 30.2084], [-104.7152, 30.244], [-104.7246, 30.2522], [-104.7494, 30.2645], [-104.7617, 30.2842], [-104.7741, 30.3116], [-104.7888, 30.3359], [-104.8129, 30.3507], [-104.8183, 30.3805], [-104.8243, 30.3872], [-104.8375, 30.3941], [-104.8449, 30.401], [-104.8533, 30.4122], [-104.855, 30.4175], [-104.8524, 30.4389], [-104.8547, 30.4487], [-104.8645, 30.462], [-104.8667, 30.473], [-104.8652, 30.4799], [-104.8596, 30.4911], [-104.8593, 30.4973], [-104.863, 30.5024], [-104.8797, 30.5109], [-104.8866, 30.5519], [-104.8982, 30.5694], [-104.9282, 30.5995], [-104.9343, 30.6105], [-104.9411, 30.6141], [-104.9727, 30.618], [-104.9828, 30.6207], [-104.9891, 30.6296], [-104.9958, 30.6617], [-105.0085, 30.677], [-105.028, 30.6901], [-105.0495, 30.6993], [-105.0681, 30.7027], [-105.087, 30.7098], [-105.1336, 30.7579], [-105.1404, 30.7505], [-105.1532, 30.7632], [-105.1578, 30.7657], [-105.1609, 30.7641], [-105.1627, 30.7749], [-105.1673, 30.7812], [-105.1953, 30.7879], [-105.2049, 30.8024], [-105.2293, 30.8102], [-105.2329, 30.8091], [-105.244, 30.7991], [-105.249, 30.7988], [-105.2595, 30.803], [-105.277, 30.8194], [-105.3343, 30.8438], [-105.3638, 30.8504], [-105.3762, 30.8596], [-105.4155, 30.9025], [-105.4967, 30.9565], [-105.5308, 30.9917], [-105.556, 31.0026], [-105.5657, 31.0167], [-105.5786, 31.0522], [-105.5909, 31.0714], [-105.6059, 31.0819], [-105.6235, 31.0904], [-105.6438, 31.1037], [-105.668, 31.1279], [-105.6752, 31.132], [-105.6923, 31.1376], [-105.7682, 31.18], [-105.7779, 31.1927], [-105.7848, 31.211], [-105.862, 31.2884], [-105.8801, 31.3009], [-105.897, 31.306], [-105.8971, 31.3095], [-105.9281, 31.3265], [-105.9346, 31.3355], [-105.9418, 31.3524], [-105.9485, 31.3612], [-105.9612, 31.371], [-106.0047, 31.3969], [-106.0211, 31.4022], [-106.0463, 31.4046], [-106.0653, 31.411], [-106.0994, 31.4289], [-106.1411, 31.4392], [-106.1643, 31.4478], [-106.1745, 31.4603], [-106.2092, 31.4773], [-106.2154, 31.4839], [-106.2229, 31.5046], [-106.2327, 31.5199], [-106.2747, 31.5626], [-106.2863, 31.5801], [-106.3123, 31.6486], [-106.3313, 31.6822], [-106.3585, 31.7175], [-106.3918, 31.7459], [-106.429, 31.7585], [-106.4731, 31.7551], [-106.4928, 31.759], [-106.5061, 31.7703], [-106.5172, 31.7738], [-108.2151, 31.7778], [-108.2148, 31.3274], [-111.0063, 31.3272], [-111.0671, 31.3336], [-111.5062, 31.475], [-114.8221, 32.5002], [-114.8094, 32.5113], [-114.7955, 32.5522], [-114.7942, 32.5741], [-114.8027, 32.5945], [-114.7815, 32.6281], [-114.7588, 32.6448], [-114.7512, 32.6522], [-114.7395, 32.6691], [-114.7312, 32.6866], [-114.7243, 32.7128], [-117.1251, 32.5317], [-117.1322, 32.5681], [-117.137, 32.6158], [-117.1498, 32.6463], [-117.1664, 32.6695], [-117.1884, 32.6827], [-117.224, 32.6847], [-117.2262, 32.6972], [-117.22, 32.7066], [-117.2058, 32.7134], [-117.191, 32.7137], [-117.1879, 32.7059], [-117.1681, 32.6988], [-117.1642, 32.6838], [-117.1428, 32.6531], [-117.1313, 32.631], [-117.1241, 32.6068], [-117.1151, 32.6003], [-117.1034, 32.6068], [-117.1023, 32.6205], [-117.1199, 32.6526], [-117.119, 32.6706], [-117.1332, 32.6898], [-117.1463, 32.6943], [-117.1773, 32.715], [-117.1746, 32.7267], [-117.2099, 32.7253], [-117.2242, 32.7186], [-117.2378, 32.7072], [-117.2366, 32.6696], [-117.2453, 32.6746], [-117.2553, 32.6914], [-117.2575, 32.7017], [-117.2539, 32.7635], [-117.2576, 32.7842], [-117.2788, 32.8228], [-117.2836, 32.8377], [-117.2738, 32.8511], [-117.266, 32.847], [-117.2599, 32.8541], [-117.2536, 32.8851], [-117.2748, 32.9935], [-117.286, 33.0239], [-117.2981, 33.0359], [-117.3222, 33.1085], [-117.3619, 33.1659], [-117.5088, 33.3352], [-117.5963, 33.3904], [-117.6544, 33.442], [-117.6707, 33.4523], [-117.7352, 33.4848], [-117.7765, 33.5294], [-117.8246, 33.5617], [-117.8803, 33.5929], [-117.9302, 33.6079], [-117.9785, 33.636], [-118.0905, 33.731], [-118.1174, 33.7436], [-118.1526, 33.7588], [-118.1736, 33.7633], [-118.1855, 33.7575], [-118.199, 33.764], [-118.2072, 33.7638], [-118.1925, 33.7523], [-118.1866, 33.7415], [-118.1852, 33.7324], [-118.1929, 33.7317], [-118.2025, 33.7393], [-118.2027, 33.7466], [-118.2097, 33.7423], [-118.2138, 33.749], [-118.2215, 33.7709], [-118.2403, 33.7676], [-118.2501, 33.7637], [-118.2546, 33.7654], [-118.2695, 33.7536], [-118.2768, 33.7566], [-118.2738, 33.7503], [-118.2783, 33.7387], [-118.2722, 33.7153], [-118.2824, 33.7162], [-118.2817, 33.7117], [-118.2761, 33.7077], [-118.2827, 33.708], [-118.2913, 33.7032], [-118.3009, 33.7098], [-118.3548, 33.7263], [-118.3623, 33.7357], [-118.3761, 33.7372], [-118.385, 33.7401], [-118.4014, 33.7356], [-118.4048, 33.74], [-118.412, 33.7417], [-118.4152, 33.7544], [-118.4228, 33.7638], [-118.4276, 33.7737], [-118.4218, 33.7839], [-118.4093, 33.7911], [-118.4086, 33.798], [-118.3957, 33.8057], [-118.3918, 33.8176], [-118.3914, 33.8359], [-118.3972, 33.844], [-118.4447, 33.9494], [-118.4827, 33.999], [-118.5141, 34.0222], [-118.5441, 34.0389], [-118.5573, 34.0379], [-118.5706, 34.0411], [-118.5826, 34.0365], [-118.5907, 34.0391], [-118.6034, 34.0388], [-118.6093, 34.0357], [-118.6666, 34.0389], [-118.6757, 34.0381], [-118.6801, 34.0303], [-118.6932, 34.0319], [-118.7068, 34.0294], [-118.7305, 34.0325], [-118.7484, 34.0319], [-118.7561, 34.0257], [-118.7834, 34.0218], [-118.7879, 34.0197], [-118.7937, 34.0073], [-118.8028, 34.0048], [-118.8041, 34.001], [-118.807, 33.9994], [-118.8298, 34.0208], [-118.8526, 34.0337], [-118.8757, 34.0376], [-118.9147, 34.0406], [-118.9209, 34.0443], [-118.93, 34.0459], [-118.9368, 34.0432], [-118.954, 34.0479], [-118.9775, 34.0596], [-118.9974, 34.0657], [-119.0081, 34.0661], [-119.0383, 34.0836], [-119.0609, 34.0855], [-119.0897, 34.1005], [-119.1198, 34.1061], [-119.1196, 34.1037], [-119.1007, 34.099], [-119.1065, 34.0945], [-119.1287, 34.1005], [-119.1937, 34.1417], [-119.2044, 34.1441], [-119.2057, 34.1458], [-119.2047, 34.1495], [-119.2083, 34.1523], [-119.2101, 34.1523], [-119.211, 34.148], [-119.2171, 34.1455], [-119.2208, 34.1532], [-119.2372, 34.1769], [-119.2602, 34.2171], [-119.2634, 34.2266], [-119.2589, 34.2334], [-119.2639, 34.2351], [-119.2693, 34.255], [-119.2812, 34.2687], [-119.2899, 34.2746], [-119.3044, 34.2724], [-119.3207, 34.2826], [-119.3386, 34.2905], [-119.3495, 34.3041], [-119.3709, 34.3197], [-119.3915, 34.3184], [-119.4011, 34.3306], [-119.4183, 34.3424], [-119.43, 34.3535], [-119.4366, 34.3557], [-119.4432, 34.3548], [-119.453, 34.3684], [-119.4602, 34.374], [-119.4702, 34.3758], [-119.4752, 34.3724], [-119.4778, 34.3726], [-119.4835, 34.3786], [-119.4949, 34.384], [-119.5168, 34.3869], [-119.5207, 34.3907], [-119.5294, 34.3948], [-119.5368, 34.3956], [-119.5632, 34.4148], [-119.5759, 34.4119], [-119.5818, 34.4127], [-119.5959, 34.4189], [-119.6172, 34.4205], [-119.6212, 34.4182], [-119.6289, 34.4181], [-119.6385, 34.4152], [-119.6579, 34.4165], [-119.6781, 34.4144], [-119.6877, 34.4109], [-119.6917, 34.4054], [-119.6909, 34.4035], [-119.7008, 34.4009], [-119.702, 34.3981], [-119.7079, 34.3954], [-119.7199, 34.3953], [-119.7329, 34.3975], [-119.7432, 34.4026], [-119.7545, 34.4048], [-119.7876, 34.4172], [-119.803, 34.4181], [-119.8085, 34.4163], [-119.832, 34.4163], [-119.841, 34.413], [-119.8409, 34.41], [-119.8444, 34.4039], [-119.8547, 34.4088], [-119.8682, 34.4095], [-119.8786, 34.4066], [-119.8904, 34.4191], [-119.9006, 34.4204], [-119.9215, 34.4334], [-119.9348, 34.4355], [-119.9499, 34.4343], [-119.9571, 34.4359], [-119.9759, 34.4472], [-119.9847, 34.45], [-119.9895, 34.4498], [-120.01, 34.461], [-120.0221, 34.4577], [-120.0366, 34.4631], [-120.0914, 34.4588], [-120.1334, 34.4727], [-120.1719, 34.47], [-120.2932, 34.4685], [-120.4252, 34.4513], [-120.4443, 34.4512], [-120.4541, 34.4428], [-120.4727, 34.4503], [-120.4916, 34.4914], [-120.51, 34.5214], [-120.5364, 34.5353], [-120.5578, 34.5412], [-120.5779, 34.5535], [-120.5946, 34.5547], [-120.6216, 34.5526], [-120.6366, 34.5629], [-120.6444, 34.5741], [-120.6478, 34.5857], [-120.6306, 34.6282], [-120.6141, 34.6594], [-120.6061, 34.6794], [-120.6031, 34.7048], [-120.6276, 34.7435], [-120.6402, 34.7585], [-120.6299, 34.7819], [-120.6192, 34.8192], [-120.6156, 34.858], [-120.6222, 34.8673], [-120.6326, 34.8714], [-120.6402, 34.8792], [-120.6446, 34.8951], [-120.655, 34.9012], [-120.6676, 34.8988], [-120.6728, 34.9075], [-120.6662, 34.9318], [-120.6424, 35.0009], [-120.6337, 35.0351], [-120.6307, 35.0739], [-120.6357, 35.1086], [-120.6449, 35.1394], [-120.6529, 35.1442], [-120.6586, 35.1505], [-120.6712, 35.1502], [-120.679, 35.1531], [-120.6981, 35.1691], [-120.7064, 35.1742], [-120.7497, 35.1774], [-120.7556, 35.1719], [-120.7553, 35.1631], [-120.7594, 35.1592], [-120.7655, 35.1602], [-120.7908, 35.179], [-120.8498, 35.2029], [-120.8767, 35.2238], [-120.8861, 35.2338], [-120.8977, 35.2498], [-120.8956, 35.2735], [-120.8871, 35.2859], [-120.8678, 35.3304], [-120.8622, 35.3619], [-120.8538, 35.3475], [-120.8574, 35.3268], [-120.8556, 35.3215], [-120.8432, 35.3243], [-120.8421, 35.3317], [-120.8314, 35.3361], [-120.8358, 35.3429], [-120.8416, 35.3459], [-120.8521, 35.3671], [-120.8603, 35.3738], [-120.8667, 35.371], [-120.8711, 35.4053], [-120.8873, 35.4329], [-120.9082, 35.4482], [-120.9462, 35.4463], [-120.9635, 35.4567], [-120.9828, 35.46], [-121.0054, 35.4607], [-121.1018, 35.5497], [-121.1309, 35.6007], [-121.1433, 35.605], [-121.1591, 35.6272], [-121.1694, 35.6369], [-121.1874, 35.6419], [-121.1931, 35.6396], [-121.1915, 35.6339], [-121.195, 35.6323], [-121.2165, 35.6477], [-121.252, 35.6574], [-121.2691, 35.6642], [-121.2883, 35.6648], [-121.2885, 35.6815], [-121.2984, 35.6975], [-121.3146, 35.7137], [-121.3231, 35.7646], [-121.3372, 35.7865], [-121.368, 35.8104], [-121.3871, 35.8214], [-121.4089, 35.844], [-121.4133, 35.8547], [-121.4255, 35.8584], [-121.442, 35.8692], [-121.4632, 35.8867], [-121.4627, 35.9037], [-121.4722, 35.9136], [-121.4784, 35.9316], [-121.49, 35.9822], [-121.5067, 36.0033], [-121.5226, 36.0101], [-121.5667, 36.0201], [-121.5822, 36.036], [-121.5927, 36.0506], [-121.5945, 36.0642], [-121.6064, 36.0715], [-121.6182, 36.0844], [-121.6302, 36.1131], [-121.6427, 36.1236], [-121.6578, 36.1426], [-121.6779, 36.1627], [-121.6936, 36.1717], [-121.7039, 36.1822], [-121.7291, 36.1981], [-121.7814, 36.2263], [-121.7989, 36.2345], [-121.8104, 36.2324], [-121.8249, 36.2392], [-121.8356, 36.2492], [-121.8454, 36.2724], [-121.8522, 36.2794], [-121.8632, 36.2832], [-121.8736, 36.29], [-121.881, 36.2995], [-121.8997, 36.3044], [-121.8956, 36.3139], [-121.8971, 36.328], [-121.8937, 36.3321], [-121.8936, 36.3386], [-121.8979, 36.3439], [-121.9036, 36.3621], [-121.9061, 36.3771], [-121.9042, 36.3845], [-121.9083, 36.3964], [-121.9144, 36.403], [-121.9177, 36.4155], [-121.9153, 36.4232], [-121.929, 36.4478], [-121.9315, 36.463], [-121.938, 36.4683], [-121.9447, 36.4862], [-121.9463, 36.4919], [-121.9425, 36.4967], [-121.9442, 36.5057], [-121.9423, 36.5119], [-121.9569, 36.5176], [-121.9554, 36.5227], [-121.9275, 36.5239], [-121.9299, 36.5378], [-121.9331, 36.5385], [-121.9356, 36.5442], [-121.9313, 36.5472], [-121.9325, 36.5551], [-121.9346, 36.5612], [-121.9403, 36.5585], [-121.9428, 36.5631], [-121.9465, 36.5648], [-121.9539, 36.5596], [-121.9701, 36.5689], [-121.978, 36.5748], [-121.9811, 36.5837], [-121.9672, 36.5852], [-121.9666, 36.5921], [-121.9599, 36.6115], [-121.9564, 36.6141], [-121.9503, 36.6099], [-121.9425, 36.6264], [-121.9415, 36.6344], [-121.9377, 36.6392], [-121.9295, 36.638], [-121.9212, 36.6336], [-121.9205, 36.6289], [-121.9131, 36.6244], [-121.9022, 36.6208], [-121.8874, 36.602], [-121.8788, 36.6026], [-121.87, 36.6072], [-121.8539, 36.6196], [-121.8379, 36.6356], [-121.8271, 36.6562], [-121.8143, 36.6832], [-121.8099, 36.7188], [-121.8054, 36.7377], [-121.7924, 36.7309], [-121.7637, 36.7221], [-121.7613, 36.7303], [-121.7702, 36.7391], [-121.7751, 36.7375], [-121.7837, 36.738], [-121.7949, 36.7464], [-121.8032, 36.7505], [-121.7982, 36.7799], [-121.7898, 36.8062], [-121.8042, 36.836], [-121.8599, 36.9275], [-121.8871, 36.9549], [-121.9056, 36.9691], [-121.9372, 36.9783], [-121.9528, 36.971], [-121.9636, 36.9595], [-121.9742, 36.9552], [-122.0067, 36.9624], [-122.0212, 36.9627], [-122.0252, 36.9597], [-122.0241, 36.9561], [-122.0252, 36.951], [-122.0348, 36.9532], [-122.0468, 36.9482], [-122.0609, 36.9488], [-122.106, 36.9558], [-122.1208, 36.9633], [-122.135, 36.9657], [-122.1422, 36.9753], [-122.1536, 36.9771], [-122.2079, 37.0193], [-122.2221, 37.0243], [-122.2279, 37.0401], [-122.2538, 37.0591], [-122.281, 37.0966], [-122.2977, 37.1112], [-122.3084, 37.1167], [-122.3187, 37.1156], [-122.3277, 37.1128], [-122.3393, 37.1186], [-122.3379, 37.1349], [-122.3595, 37.1505], [-122.361, 37.1624], [-122.3694, 37.174], [-122.3834, 37.1823], [-122.3961, 37.1819], [-122.4045, 37.1945], [-122.4107, 37.2269], [-122.4165, 37.2339], [-122.4184, 37.2523], [-122.4101, 37.2688], [-122.4003, 37.3597], [-122.4087, 37.3642], [-122.4116, 37.3749], [-122.4444, 37.4375], [-122.4492, 37.4767], [-122.4632, 37.4966], [-122.4793, 37.5028], [-122.4942, 37.5008], [-122.4953, 37.4954], [-122.4993, 37.4931], [-122.5011, 37.5013], [-122.512, 37.51], [-122.5205, 37.5314], [-122.5148, 37.5609], [-122.52, 37.5741], [-122.519, 37.5897], [-122.5224, 37.5932], [-122.5175, 37.5945], [-122.5131, 37.5978], [-122.5076, 37.5977], [-122.5032, 37.6015], [-122.4959, 37.6274], [-122.4947, 37.6652], [-122.5019, 37.7035], [-122.5085, 37.7249], [-122.5136, 37.7523], [-122.5152, 37.7811], [-122.5059, 37.7865], [-122.4977, 37.7871], [-122.4859, 37.7908], [-122.4764, 37.8107], [-122.4634, 37.8053], [-122.4188, 37.8111], [-122.4086, 37.8104], [-122.3982, 37.8035], [-122.3879, 37.791], [-122.3871, 37.7787], [-122.3815, 37.7736], [-122.3829, 37.7638], [-122.3792, 37.756], [-122.3665, 37.7398], [-122.3545, 37.73], [-122.3625, 37.7149], [-122.3763, 37.7166], [-122.3795, 37.7075], [-122.3925, 37.7103], [-122.388, 37.6772], [-122.3802, 37.6767], [-122.381, 37.6669], [-122.3749, 37.6552], [-122.3814, 37.6474], [-122.3844, 37.6367], [-122.3837, 37.6315], [-122.3637, 37.6273], [-122.3541, 37.6135], [-122.3593, 37.6085], [-122.3712, 37.6129], [-122.3741, 37.6042], [-122.3623, 37.5997], [-122.3585, 37.5928], [-122.3304, 37.5894], [-122.3168, 37.5898], [-122.3158, 37.5839], [-122.2991, 37.5769], [-122.2579, 37.5715], [-122.251, 37.5681], [-122.2453, 37.5532], [-122.2396, 37.5469], [-122.2103, 37.5399], [-122.1993, 37.535], [-122.1989, 37.5268], [-122.2073, 37.5175], [-122.193, 37.5154], [-122.1831, 37.5076], [-122.1713, 37.5036], [-122.1587, 37.5034], [-122.1479, 37.4966], [-122.1341, 37.4978], [-122.1227, 37.4849], [-122.1119, 37.4675], [-122.1002, 37.4551], [-122.0809, 37.4487], [-122.0589, 37.4474], [-122.0386, 37.4514], [-122.0321, 37.4634], [-122.0408, 37.4679], [-122.0483, 37.4687], [-122.0522, 37.4714], [-122.0505, 37.4843], [-122.0517, 37.4892], [-122.0624, 37.5017], [-122.0691, 37.5036], [-122.0933, 37.5036], [-122.109, 37.518], [-122.1165, 37.5426], [-122.1463, 37.579], [-122.1522, 37.6161], [-122.1628, 37.6644], [-122.1919, 37.7003], [-122.2067, 37.7107], [-122.2144, 37.6991], [-122.2518, 37.7228], [-122.2623, 37.743], [-122.2489, 37.7483], [-122.2125, 37.7435], [-122.2173, 37.7585], [-122.2218, 37.7597], [-122.2263, 37.7554], [-122.2393, 37.7553], [-122.2716, 37.7628], [-122.2835, 37.7633], [-122.2999, 37.7722], [-122.2974, 37.7798], [-122.3076, 37.7809], [-122.3099, 37.7762], [-122.3315, 37.7824], [-122.3286, 37.7965], [-122.3247, 37.8011], [-122.325, 37.8038], [-122.3391, 37.8034], [-122.3407, 37.8071], [-122.3347, 37.8116], [-122.3224, 37.8109], [-122.3166, 37.8171], [-122.3284, 37.821], [-122.3197, 37.8251], [-122.3014, 37.8262], [-122.2955, 37.8313], [-122.3039, 37.8629], [-122.316, 37.8609], [-122.3177, 37.8679], [-122.3083, 37.8703], [-122.3139, 37.8858], [-122.3288, 37.9081], [-122.3648, 37.9037], [-122.3911, 37.9077], [-122.3876, 37.9202], [-122.3963, 37.928], [-122.4102, 37.9319], [-122.4213, 37.9483], [-122.4297, 37.9643], [-122.4138, 37.9621], [-122.3977, 37.9561], [-122.395, 37.9703], [-122.3688, 37.9803], [-122.3596, 37.9876], [-122.37, 38.0036], [-122.3663, 38.0123], [-122.336, 38.0038], [-122.3225, 38.0052], [-122.3168, 38.0101], [-122.299, 38.0112], [-122.277, 38.025], [-122.2756, 38.0391], [-122.2497, 38.0554], [-122.227, 38.0584], [-122.1862, 38.048], [-122.1686, 38.028], [-122.1479, 38.0236], [-122.1244, 38.0292], [-122.0818, 38.0479], [-122.0533, 38.0531], [-122.004, 38.0561], [-121.939, 38.0445], [-121.888, 38.0411], [-121.8781, 38.0343], [-121.8371, 38.0231], [-121.7791, 38.0155], [-121.7511, 38.0194], [-121.723, 38.0111], [-121.69, 38.0091], [-121.6814, 38.0175], [-121.6948, 38.0247], [-121.7105, 38.0221], [-121.7231, 38.0256], [-121.7206, 38.0321], [-121.7049, 38.0352], [-121.6949, 38.0434], [-121.6855, 38.0447], [-121.6815, 38.0483], [-121.6784, 38.057], [-121.6756, 38.0755], [-121.6711, 38.0839], [-121.6606, 38.0869], [-121.6377, 38.0863], [-121.6245, 38.0893], [-121.6241, 38.0947], [-121.6171, 38.0986], [-121.6067, 38.0994], [-121.5963, 38.0944], [-121.5821, 38.092], [-121.5765, 38.0743], [-121.5825, 38.0688], [-121.585, 38.0627], [-121.5992, 38.0591], [-121.6206, 38.0618], [-121.6322, 38.0442], [-121.623, 38.0364], [-121.6128, 38.0215], [-121.6051, 38.0179], [-121.5842, 38.0287], [-121.5781, 38.0624], [-121.5693, 38.0658], [-121.5559, 38.0575], [-121.5378, 38.051], [-121.5264, 38.041], [-121.5126, 38.0402], [-121.5009, 38.0311], [-121.4803, 38.0227], [-121.459, 38.0048], [-121.4453, 37.9963], [-121.4454, 38.0039], [-121.4587, 38.0206], [-121.4757, 38.0372], [-121.4866, 38.0447], [-121.5039, 38.0498], [-121.5132, 38.0548], [-121.5263, 38.0545], [-121.5293, 38.0604], [-121.5356, 38.0645], [-121.5424, 38.0633], [-121.5486, 38.0642], [-121.5651, 38.0811], [-121.5713, 38.0971], [-121.5865, 38.1024], [-121.6041, 38.1058], [-121.6272, 38.1056], [-121.6319, 38.1033], [-121.6395, 38.0945], [-121.6445, 38.0925], [-121.6649, 38.0992], [-121.6803, 38.0927], [-121.6886, 38.0751], [-121.6893, 38.0616], [-121.6993, 38.0508], [-121.7421, 38.0294], [-121.7675, 38.0304], [-121.7787, 38.036], [-121.7852, 38.0434], [-121.7842, 38.0521], [-121.7798, 38.0614], [-121.7692, 38.0687], [-121.7364, 38.0788], [-121.7167, 38.0928], [-121.703, 38.1056], [-121.6878, 38.1238], [-121.6826, 38.1472], [-121.6895, 38.1475], [-121.7049, 38.1223], [-121.747, 38.0877], [-121.8031, 38.0629], [-121.824, 38.0688], [-121.8461, 38.0725], [-121.8618, 38.0705], [-121.8673, 38.0646], [-121.8825, 38.0569], [-121.8982, 38.0532], [-121.9167, 38.0527], [-121.9288, 38.0584], [-121.921, 38.0624], [-121.9161, 38.067], [-121.9083, 38.0788], [-121.955, 38.0792], [-121.9713, 38.0749], [-121.9895, 38.0825], [-122.015, 38.0985], [-121.986, 38.1107], [-121.9894, 38.1252], [-122.0003, 38.1373], [-122.0162, 38.1396], [-122.0552, 38.1337], [-122.0654, 38.1273], [-122.069, 38.1218], [-122.0658, 38.1132], [-122.0755, 38.1005], [-122.1211, 38.0599], [-122.1303, 38.0421], [-122.1585, 38.0434], [-122.1659, 38.0545], [-122.1843, 38.0648], [-122.1896, 38.0614], [-122.2049, 38.0652], [-122.2236, 38.0657], [-122.2452, 38.0721], [-122.2609, 38.0694], [-122.2715, 38.0745], [-122.3007, 38.1082], [-122.3965, 38.1532], [-122.4106, 38.1338], [-122.4341, 38.1233], [-122.4493, 38.1245], [-122.4579, 38.1177], [-122.5023, 38.1135], [-122.4874, 38.1048], [-122.4825, 38.0769], [-122.5027, 38.0319], [-122.506, 38.0172], [-122.4697, 38.0054], [-122.4542, 37.9978], [-122.4453, 37.9851], [-122.4512, 37.9801], [-122.4692, 37.9827], [-122.4744, 37.9761], [-122.4925, 37.9698], [-122.4936, 37.9586], [-122.4837, 37.9486], [-122.4803, 37.9418], [-122.4917, 37.9355], [-122.5036, 37.9405], [-122.5034, 37.9248], [-122.4762, 37.916], [-122.4726, 37.9112], [-122.4743, 37.9052], [-122.4601, 37.8954], [-122.449, 37.8936], [-122.4388, 37.8821], [-122.4479, 37.8737], [-122.4595, 37.8711], [-122.459, 37.8625], [-122.4695, 37.867], [-122.4733, 37.8744], [-122.4723, 37.8799], [-122.4761, 37.8868], [-122.4901, 37.8939], [-122.499, 37.8936], [-122.4947, 37.8775], [-122.4993, 37.8725], [-122.4893, 37.8641], [-122.4781, 37.8597], [-122.4798, 37.8531], [-122.4704, 37.8318], [-122.4776, 37.8251], [-122.4878, 37.8253], [-122.5026, 37.8205], [-122.5118, 37.8245], [-122.5226, 37.822], [-122.5284, 37.8164], [-122.538, 37.8279], [-122.5737, 37.8559], [-122.5883, 37.8608], [-122.6013, 37.8732], [-122.6207, 37.8775], [-122.6452, 37.8988], [-122.6724, 37.9066], [-122.686, 37.904], [-122.6967, 37.8993], [-122.7004, 37.8921], [-122.7132, 37.9003], [-122.7277, 37.903], [-122.7342, 37.9201], [-122.7486, 37.9326], [-122.7653, 37.9374], [-122.7802, 37.9481], [-122.796, 37.9755], [-122.8105, 37.9852], [-122.8214, 37.9977], [-122.8394, 38.0063], [-122.9068, 38.0318], [-122.9211, 38.0349], [-122.9327, 38.0495], [-122.9321, 38.0588], [-122.9201, 38.0653], [-122.9354, 38.0707], [-122.9416, 38.0648], [-122.9485, 38.0607], [-122.9469, 38.0453], [-122.9425, 38.0412], [-122.9361, 38.0308], [-122.9494, 38.0294], [-122.9634, 38.0253], [-122.9791, 38.0145], [-122.984, 38.0032], [-122.9803, 37.998], [-122.9625, 37.992], [-122.9742, 37.9903], [-122.9975, 37.9938], [-123.0275, 37.9945], [-123.0216, 38.0005], [-123.016, 38.0007], [-122.9907, 38.0487], [-122.9496, 38.144], [-122.9503, 38.1645], [-122.9555, 38.1763], [-122.9649, 38.1826], [-122.9648, 38.1986], [-122.983, 38.2201], [-122.9932, 38.2295], [-122.9963, 38.2427], [-122.9853, 38.2378], [-122.9648, 38.2177], [-122.9256, 38.1751], [-122.8915, 38.1308], [-122.8688, 38.1103], [-122.8434, 38.092], [-122.8257, 38.0721], [-122.8323, 38.0959], [-122.8504, 38.1107], [-122.8884, 38.1546], [-122.9355, 38.2155], [-122.944, 38.2193], [-122.9507, 38.2173], [-122.9543, 38.2314], [-122.9646, 38.2324], [-122.9688, 38.2371], [-122.9685, 38.2509], [-122.9745, 38.2662], [-122.9871, 38.2777], [-123.0023, 38.2949], [-123.0295, 38.3127], [-123.0465, 38.312], [-123.0517, 38.3052], [-123.0529, 38.298], [-123.0624, 38.2959], [-123.076, 38.3225], [-123.0684, 38.3463], [-123.0709, 38.36], [-123.079, 38.3721], [-123.087, 38.3913], [-123.0958, 38.3958], [-123.1021, 38.4122], [-123.1128, 38.4206], [-123.1246, 38.4375], [-123.1287, 38.4493], [-123.1709, 38.4792], [-123.2527, 38.5107], [-123.2726, 38.529], [-123.3045, 38.549], [-123.3153, 38.5575], [-123.337, 38.5673], [-123.3417, 38.5866], [-123.356, 38.5971], [-123.3659, 38.6007], [-123.3695, 38.6121], [-123.4011, 38.6428], [-123.414, 38.6667], [-123.4325, 38.678], [-123.4336, 38.6868], [-123.4925, 38.7365], [-123.5233, 38.7467], [-123.5376, 38.7723], [-123.5588, 38.783], [-123.5662, 38.7952], [-123.5942, 38.8058], [-123.6165, 38.8273], [-123.6483, 38.8495], [-123.6631, 38.8725], [-123.6976, 38.9003], [-123.7117, 38.9143], [-123.7262, 38.9186], [-123.7273, 38.9332], [-123.7426, 38.9556], [-123.7252, 38.9604], [-123.7039, 38.9901], [-123.6891, 39.0279], [-123.6952, 39.0591], [-123.7216, 39.133], [-123.7378, 39.143], [-123.7356, 39.159], [-123.7678, 39.194], [-123.7779, 39.2221], [-123.7905, 39.2697], [-123.8033, 39.279], [-123.7975, 39.2977], [-123.8064, 39.3048], [-123.806, 39.3241], [-123.8249, 39.3473], [-123.8165, 39.444], [-123.7986, 39.4905], [-123.7764, 39.5293], [-123.7698, 39.5446], [-123.7694, 39.5637], [-123.7868, 39.5968], [-123.7865, 39.6552], [-123.7904, 39.6664], [-123.7906, 39.6774], [-123.796, 39.6919], [-123.8086, 39.7118], [-123.8238, 39.7178], [-123.83, 39.7265], [-123.8306, 39.7418], [-123.8376, 39.7616], [-123.8373, 39.7829], [-123.854, 39.8335], [-123.8802, 39.8443], [-123.9077, 39.8659], [-123.9307, 39.908], [-123.9556, 39.9245], [-123.9789, 39.9629], [-124.0012, 39.9781], [-124.0335, 40.0121], [-124.0451, 40.0187], [-124.0585, 40.0238], [-124.0694, 40.0213], [-124.0761, 40.0272], [-124.0804, 40.0356], [-124.0805, 40.0598], [-124.0874, 40.0775], [-124.1158, 40.1071], [-124.1383, 40.1159], [-124.1853, 40.1296], [-124.22, 40.1652], [-124.2564, 40.1844], [-124.3194, 40.2246], [-124.3272, 40.237], [-124.3426, 40.242], [-124.3635, 40.2615], [-124.3601, 40.2816], [-124.3483, 40.3189], [-124.3648, 40.3447], [-124.3662, 40.3775], [-124.3981, 40.4158], [-124.4092, 40.4438], [-124.396, 40.4654], [-124.388, 40.4833], [-124.3838, 40.5001], [-124.3858, 40.5095], [-124.37, 40.5369], [-124.358, 40.5631], [-124.35, 40.5778], [-124.3221, 40.6174], [-124.3195, 40.6286], [-124.3172, 40.6321], [-124.3058, 40.6374], [-124.3116, 40.6462], [-124.2927, 40.6768], [-124.2739, 40.7], [-124.2397, 40.7587], [-124.2309, 40.7501], [-124.2473, 40.7279], [-124.2585, 40.7069], [-124.2595, 40.6984], [-124.248, 40.6933], [-124.2344, 40.6919], [-124.2258, 40.6861], [-124.2217, 40.6901], [-124.2246, 40.6952], [-124.2138, 40.7014], [-124.2132, 40.7095], [-124.2218, 40.7224], [-124.2174, 40.7307], [-124.2205, 40.7372], [-124.2133, 40.7419], [-124.2029, 40.7452], [-124.1986, 40.7544], [-124.2011, 40.7619], [-124.1982, 40.769], [-124.1916, 40.7728], [-124.1889, 40.7906], [-124.1827, 40.7999], [-124.1755, 40.8036], [-124.1459, 40.8096], [-124.1369, 40.8072], [-124.1219, 40.8074], [-124.0874, 40.8252], [-124.0825, 40.8435], [-124.0845, 40.8484], [-124.0938, 40.854], [-124.1018, 40.8584], [-124.1085, 40.8548], [-124.119, 40.8519], [-124.1261, 40.854], [-124.1376, 40.8639], [-124.1513, 40.8633], [-124.155, 40.8617], [-124.1566, 40.8512], [-124.1666, 40.8422], [-124.1704, 40.8268], [-124.184, 40.8157], [-124.1936, 40.8024], [-124.1997, 40.7849], [-124.2233, 40.7571], [-124.2328, 40.7666], [-124.2168, 40.7864], [-124.1766, 40.8478], [-124.1338, 40.9364], [-124.1104, 41.0153], [-124.1114, 41.0417], [-124.117, 41.0482], [-124.1273, 41.0495], [-124.1346, 41.0479], [-124.1429, 41.0531], [-124.1469, 41.0602], [-124.1493, 41.076], [-124.1606, 41.0994], [-124.1603, 41.1136], [-124.1641, 41.1322], [-124.1629, 41.1391], [-124.1563, 41.1424], [-124.1477, 41.1409], [-124.1435, 41.145], [-124.1243, 41.1818], [-124.1133, 41.2212], [-124.0909, 41.2895], [-124.0822, 41.3418], [-124.0678, 41.3989], [-124.0622, 41.4359], [-124.0761, 41.49], [-124.082, 41.5215], [-124.0683, 41.5393], [-124.0887, 41.5491], [-124.0969, 41.5568], [-124.1031, 41.5666], [-124.1028, 41.6026], [-124.115, 41.6179], [-124.1399, 41.6643], [-124.1385, 41.6798], [-124.1458, 41.7064], [-124.1595, 41.7367], [-124.1879, 41.747], [-124.1963, 41.744], [-124.2011, 41.7393], [-124.2324, 41.7624], [-124.2629, 41.7764], [-124.2605, 41.7888], [-124.2479, 41.7939], [-124.234, 41.8132], [-124.2188, 41.85], [-124.211, 41.891], [-124.2022, 41.9604], [-124.2037, 41.9712], [-124.217, 42.0062], [-124.237, 42.0175], [-124.2609, 42.0338], [-124.2748, 42.0454], [-124.2931, 42.0465], [-124.336, 42.0915], [-124.3505, 42.098], [-124.3596, 42.113], [-124.3542, 42.1319], [-124.3662, 42.1501], [-124.3638, 42.1752], [-124.3762, 42.1966], [-124.3791, 42.2203], [-124.3952, 42.2394], [-124.4125, 42.2489], [-124.4103, 42.2589], [-124.4094, 42.2962], [-124.4233, 42.3178], [-124.4279, 42.32], [-124.4328, 42.3293], [-124.4307, 42.3496], [-124.4261, 42.3618], [-124.4273, 42.3966], [-124.425, 42.4199], [-124.4398, 42.4392], [-124.4235, 42.4541], [-124.4207, 42.491], [-124.4063, 42.5195], [-124.3944, 42.5666], [-124.3982, 42.5855], [-124.4034, 42.5949], [-124.3999, 42.6157], [-124.4145, 42.6624], [-124.4262, 42.6715], [-124.4409, 42.678], [-124.4544, 42.6869], [-124.4668, 42.7025], [-124.4729, 42.7303], [-124.4918, 42.7378], [-124.5055, 42.7365], [-124.515, 42.7487], [-124.5321, 42.8039], [-124.5389, 42.8162], [-124.5494, 42.8256], [-124.5668, 42.834], [-124.5477, 42.8454], [-124.4924, 42.9298], [-124.4637, 42.993], [-124.4449, 43.03], [-124.4375, 43.0561], [-124.4347, 43.0749], [-124.4244, 43.1193], [-124.4162, 43.1255], [-124.4185, 43.1422], [-124.3866, 43.2631], [-124.3951, 43.3001], [-124.4013, 43.3101], [-124.3765, 43.3402], [-124.3599, 43.3423], [-124.3421, 43.3521], [-124.3295, 43.3488], [-124.326, 43.3387], [-124.3264, 43.3123], [-124.3165, 43.2998], [-124.3083, 43.3279], [-124.3118, 43.3387], [-124.3087, 43.3549], [-124.3006, 43.3637], [-124.2873, 43.3706], [-124.2762, 43.3939], [-124.2528, 43.4175], [-124.2329, 43.4241], [-124.2223, 43.4252], [-124.218, 43.4164], [-124.2182, 43.386], [-124.2129, 43.3747], [-124.2004, 43.374], [-124.1778, 43.3692], [-124.1518, 43.3695], [-124.14, 43.3753], [-124.1697, 43.3798], [-124.1867, 43.3913], [-124.1943, 43.42], [-124.2086, 43.431], [-124.207, 43.4433], [-124.1976, 43.4525], [-124.2087, 43.4522], [-124.2331, 43.4472], [-124.2402, 43.4366], [-124.277, 43.4215], [-124.2835, 43.4031], [-124.3253, 43.3625], [-124.3352, 43.3653], [-124.298, 43.4179], [-124.2379, 43.5471], [-124.2235, 43.5864], [-124.2098, 43.6566], [-124.2023, 43.6628], [-124.1747, 43.673], [-124.1544, 43.6985], [-124.1493, 43.7119], [-124.1418, 43.7216], [-124.1398, 43.7331], [-124.1329, 43.7347], [-124.1262, 43.7285], [-124.1166, 43.7109], [-124.109, 43.7061], [-124.0725, 43.7047], [-124.0702, 43.7117], [-124.0855, 43.7129], [-124.1013, 43.7187], [-124.1285, 43.7491], [-124.1488, 43.7476], [-124.1605, 43.7367], [-124.1614, 43.7177], [-124.1715, 43.6976], [-124.1908, 43.6845], [-124.2029, 43.6808], [-124.176, 43.7625], [-124.151, 43.8817], [-124.1399, 43.982], [-124.1372, 43.9904], [-124.1243, 43.9962], [-124.1195, 44.0065], [-124.1334, 44.032], [-124.1335, 44.0443], [-124.1139, 44.1906], [-124.1141, 44.249], [-124.1072, 44.2863], [-124.1081, 44.2924], [-124.1136, 44.3015], [-124.1141, 44.3074], [-124.1115, 44.3133], [-124.1004, 44.3273], [-124.0844, 44.4117], [-124.0719, 44.4218], [-124.0653, 44.4295], [-124.0536, 44.433], [-124.035, 44.4162], [-124.0179, 44.4098], [-124.0276, 44.4392], [-124.0496, 44.4487], [-124.0834, 44.4278], [-124.0814, 44.4624], [-124.0844, 44.4981], [-124.0632, 44.6095], [-124.0526, 44.6182], [-124.0457, 44.6215], [-124.0311, 44.618], [-124.012, 44.5998], [-124.0097, 44.6099], [-124.0048, 44.6163], [-124.0067, 44.6238], [-124.0189, 44.6271], [-124.0232, 44.6231], [-124.0272, 44.6224], [-124.0483, 44.6326], [-124.0681, 44.6178], [-124.0708, 44.6206], [-124.0592, 44.6516], [-124.0578, 44.6636], [-124.0628, 44.6718], [-124.0747, 44.6728], [-124.078, 44.6749], [-124.0724, 44.6789], [-124.0671, 44.6895], [-124.0584, 44.7261], [-124.0594, 44.7462], [-124.0653, 44.7637], [-124.0734, 44.7777], [-124.0666, 44.8055], [-124.0652, 44.8233], [-124.0536, 44.8387], [-124.0465, 44.8584], [-124.0345, 44.8784], [-124.0318, 44.9049], [-124.0177, 44.9166], [-124.0182, 44.9275], [-124.0256, 44.9357], [-124.0245, 44.9438], [-124.015, 44.9677], [-124.0048, 45.0435], [-124.0157, 45.0544], [-124.0141, 45.0643], [-124.0042, 45.0826], [-123.9844, 45.1049], [-123.9711, 45.1537], [-123.9691, 45.2053], [-123.9764, 45.2166], [-123.9654, 45.2585], [-123.9604, 45.3], [-123.9719, 45.3314], [-123.9877, 45.3364], [-124.0018, 45.3376], [-124.0018, 45.3445], [-123.981, 45.3496], [-123.9728, 45.362], [-123.9678, 45.3918], [-123.9645, 45.4025], [-123.9579, 45.415], [-123.9534, 45.4134], [-123.9555, 45.4092], [-123.9608, 45.3786], [-123.9442, 45.3894], [-123.932, 45.4054], [-123.9184, 45.4177], [-123.9547, 45.4328], [-123.9711, 45.452], [-123.9705, 45.4945], [-123.9586, 45.5161], [-123.9543, 45.5484], [-123.9488, 45.5572], [-123.9457, 45.5257], [-123.9392, 45.4998], [-123.9219, 45.4949], [-123.9129, 45.4833], [-123.8905, 45.4755], [-123.8942, 45.4823], [-123.8833, 45.5001], [-123.8893, 45.5198], [-123.8975, 45.5246], [-123.9005, 45.5385], [-123.8961, 45.5603], [-123.9252, 45.5543], [-123.9579, 45.5762], [-123.9523, 45.5911], [-123.9446, 45.6213], [-123.9419, 45.6485], [-123.9207, 45.6627], [-123.9216, 45.6837], [-123.9182, 45.6896], [-123.9103, 45.6913], [-123.8933, 45.6836], [-123.8874, 45.6829], [-123.8795, 45.6865], [-123.8711, 45.6979], [-123.8859, 45.694], [-123.8973, 45.6958], [-123.9036, 45.701], [-123.908, 45.7083], [-123.9174, 45.7045], [-123.921, 45.6972], [-123.9303, 45.6934], [-123.9324, 45.6817], [-123.9324, 45.6685], [-123.9379, 45.6606], [-123.9394, 45.6677], [-123.9374, 45.699], [-123.9417, 45.727], [-123.9476, 45.736], [-123.9639, 45.7439], [-123.9693, 45.7529], [-123.9678, 45.7609], [-123.9722, 45.7626], [-123.9811, 45.7603], [-123.9822, 45.7678], [-123.9684, 45.7816], [-123.9667, 45.796], [-123.9591, 45.8157], [-123.9566, 45.8732], [-123.9597, 45.8973], [-123.9697, 45.9186], [-123.9905, 45.9379], [-123.9823, 45.9481], [-123.9729, 45.9527], [-123.9643, 45.9669], [-123.934, 45.9797], [-123.9285, 45.9926], [-123.9233, 46.014], [-123.9368, 46.0818], [-123.9506, 46.12], [-123.9905, 46.2005], [-124.0227, 46.2308], [-124.0173, 46.2354], [-124.0027, 46.2377], [-123.9881, 46.2267], [-123.9948, 46.2202], [-123.9849, 46.2101], [-123.9689, 46.2106], [-123.951, 46.205], [-123.9238, 46.1907], [-123.9159, 46.1806], [-123.9106, 46.1815], [-123.904, 46.1801], [-123.9007, 46.1686], [-123.8669, 46.1599], [-123.835, 46.1625], [-123.8251, 46.1569], [-123.8185, 46.1473], [-123.8133, 46.1278], [-123.8125, 46.1142], [-123.7987, 46.1024], [-123.8014, 46.1302], [-123.8006, 46.1436], [-123.7783, 46.1372], [-123.7783, 46.1434], [-123.807, 46.1675], [-123.8162, 46.1713], [-123.8436, 46.1731], [-123.8502, 46.1772], [-123.8608, 46.1809], [-123.8654, 46.1865], [-123.8561, 46.1892], [-123.8209, 46.1896], [-123.7981, 46.1935], [-123.7787, 46.2014], [-123.7668, 46.2041], [-123.7549, 46.1958], [-123.7272, 46.1704], [-123.706, 46.1708], [-123.6141, 46.1865], [-123.5995, 46.1918], [-123.6201, 46.1966], [-123.6206, 46.2048], [-123.6074, 46.2091], [-123.5815, 46.2066], [-123.5649, 46.2166], [-123.5421, 46.2262], [-123.5366, 46.234], [-123.5193, 46.2353], [-123.4849, 46.23], [-123.4731, 46.2175], [-123.4372, 46.1983], [-123.432, 46.1873], [-123.4301, 46.1767], [-123.4059, 46.1583], [-123.3855, 46.1462], [-123.326, 46.1389], [-123.2994, 46.141], [-123.2776, 46.1339], [-123.2564, 46.1333], [-123.2333, 46.1372], [-123.221, 46.1473], [-123.2055, 46.1646], [-123.1801, 46.1791], [-123.2075, 46.1784], [-123.2475, 46.1626], [-123.2694, 46.1504], [-123.2979, 46.1515], [-123.3289, 46.1656], [-123.3934, 46.2041], [-123.4124, 46.2203], [-123.4445, 46.2578], [-123.4557, 46.267], [-123.4789, 46.2759], [-123.6032, 46.2601], [-123.6627, 46.2703], [-123.6673, 46.2768], [-123.67, 46.2856], [-123.6752, 46.2943], [-123.693, 46.3052], [-123.7239, 46.3003], [-123.7262, 46.2902], [-123.7352, 46.2879], [-123.7475, 46.2911], [-123.7577, 46.2775], [-123.7645, 46.2733], [-123.778, 46.2741], [-123.7909, 46.283], [-123.8066, 46.2834], [-123.815, 46.2753], [-123.8184, 46.2688], [-123.8342, 46.2688], [-123.8415, 46.2614], [-123.851, 46.2598], [-123.8545, 46.2521], [-123.8623, 46.2487], [-123.873, 46.2402], [-123.8899, 46.2421], [-123.9252, 46.2515], [-123.9397, 46.2644], [-123.9487, 46.2698], [-123.9671, 46.2943], [-123.9851, 46.3091], [-124.0093, 46.3135], [-124.0228, 46.3143], [-124.0329, 46.3061], [-124.0403, 46.3042], [-124.0487, 46.2964], [-124.0515, 46.2859], [-124.0403, 46.281], [-124.0381, 46.2767], [-124.0414, 46.2728], [-124.0521, 46.2736], [-124.0616, 46.2767], [-124.0758, 46.2683], [-124.0802, 46.2717], [-124.0773, 46.295], [-124.0728, 46.307], [-124.0661, 46.3388], [-124.0621, 46.3877], [-124.0609, 46.4399], [-124.0626, 46.5959], [-124.0725, 46.6425], [-124.0629, 46.6549], [-124.0358, 46.6308], [-124.0441, 46.6236], [-124.0383, 46.6076], [-124.0256, 46.5909], [-124.0179, 46.5685], [-124.0262, 46.4923], [-124.0221, 46.4197], [-124.0143, 46.3851], [-123.9934, 46.3801], [-123.9777, 46.3824], [-123.9581, 46.3782], [-123.9479, 46.403], [-123.932, 46.4153], [-123.9269, 46.4401], [-123.9207, 46.4393], [-123.9106, 46.4284], [-123.8759, 46.4191], [-123.8465, 46.3966], [-123.8406, 46.4158], [-123.8568, 46.4265], [-123.8807, 46.4335], [-123.8981, 46.4416], [-123.9017, 46.4573], [-123.9177, 46.4641], [-123.9244, 46.4685], [-123.9358, 46.4723], [-123.9352, 46.4947], [-123.9221, 46.5026], [-123.908, 46.5083], [-123.9007, 46.5134], [-123.8964, 46.5212], [-123.8949, 46.5313], [-123.8964, 46.5444], [-123.9203, 46.5807], [-123.9447, 46.6059], [-123.9564, 46.6231], [-123.9385, 46.6199], [-123.911, 46.6054], [-123.8949, 46.6027], [-123.9159, 46.6284], [-123.9225, 46.6579], [-123.911, 46.682], [-123.8773, 46.6921], [-123.8434, 46.6967], [-123.8265, 46.6924], [-123.8192, 46.675], [-123.8119, 46.6626], [-123.7951, 46.6609], [-123.7765, 46.6672], [-123.764, 46.6784], [-123.7957, 46.682], [-123.8183, 46.6977], [-123.8398, 46.7174], [-123.8677, 46.7331], [-123.8836, 46.7375], [-123.9, 46.7474], [-123.9122, 46.741], [-123.913, 46.7278], [-123.9518, 46.7248], [-123.9761, 46.7411], [-123.982, 46.7204], [-123.9748, 46.7111], [-123.9633, 46.7072], [-123.9727, 46.7013], [-123.9878, 46.7057], [-124.0007, 46.7057], [-124.0143, 46.7107], [-124.0251, 46.7126], [-124.0299, 46.7202], [-124.0934, 46.7432], [-124.1006, 46.7615], [-124.1013, 46.8087], [-124.1141, 46.8491], [-124.1305, 46.886], [-124.1268, 46.8985], [-124.1118, 46.9123], [-124.0909, 46.9], [-124.0976, 46.8779], [-124.0774, 46.8588], [-124.0725, 46.8429], [-124.0581, 46.8445], [-124.0213, 46.8323], [-124.0138, 46.8425], [-124.0147, 46.8511], [-124.0316, 46.8703], [-124.057, 46.8621], [-124.0549, 46.8759], [-124.0469, 46.8911], [-124.0332, 46.898], [-124.0067, 46.8992], [-123.9919, 46.9038], [-123.9626, 46.918], [-123.8817, 46.9417], [-123.8131, 46.959], [-123.8281, 46.9652], [-123.8447, 46.9608], [-123.8679, 46.9696], [-123.9501, 46.9684], [-123.9559, 46.9724], [-123.945, 46.9728], [-123.9223, 46.9801], [-123.9652, 46.9842], [-124.0129, 46.9837], [-124.0194, 46.9941], [-124.0128, 47.0093], [-124.0277, 47.0281], [-124.0655, 47.0375], [-124.1169, 47.0429], [-124.1393, 47.0355], [-124.1482, 47.0244], [-124.1461, 47.0172], [-124.1367, 47.0019], [-124.1385, 46.9774], [-124.1366, 46.9679], [-124.1236, 46.9466], [-124.1111, 46.948], [-124.1048, 46.9447], [-124.1058, 46.9334], [-124.1221, 46.9413], [-124.138, 46.9446], [-124.1481, 46.9426], [-124.1534, 46.938], [-124.1534, 46.9301], [-124.1785, 46.9255], [-124.1756, 46.9357], [-124.1756, 46.9538], [-124.1723, 46.9814], [-124.1719, 47.0419], [-124.1793, 47.1069], [-124.1998, 47.1875], [-124.2117, 47.2266], [-124.2275, 47.2632], [-124.2429, 47.2901], [-124.2537, 47.3015], [-124.276, 47.3026], [-124.2993, 47.3482], [-124.2869, 47.3474], [-124.2783, 47.342], [-124.2717, 47.3426], [-124.2831, 47.3512], [-124.3084, 47.3527], [-124.3178, 47.3574], [-124.3487, 47.4998], [-124.3508, 47.5468], [-124.3749, 47.6077], [-124.3836, 47.636], [-124.4108, 47.6882], [-124.4158, 47.7256], [-124.4228, 47.7419], [-124.4354, 47.7445], [-124.4468, 47.7504], [-124.4559, 47.7618], [-124.4766, 47.7783], [-124.4835, 47.8129], [-124.5416, 47.8343], [-124.568, 47.8697], [-124.5931, 47.8762], [-124.6095, 47.8749], [-124.6381, 47.9079], [-124.672, 47.9907], [-124.6832, 48.0278], [-124.6938, 48.0745], [-124.6894, 48.1002], [-124.723, 48.1501], [-124.7346, 48.1704], [-124.7192, 48.1763], [-124.7001, 48.1919], [-124.6894, 48.2134], [-124.6898, 48.2189], [-124.6949, 48.2256], [-124.7055, 48.246], [-124.7036, 48.2499], [-124.6891, 48.2525], [-124.6825, 48.2635], [-124.6832, 48.2847], [-124.6798, 48.2937], [-124.6649, 48.3091], [-124.6615, 48.3195], [-124.6705, 48.3242], [-124.6697, 48.3332], [-124.6891, 48.3376], [-124.7183, 48.3574], [-124.7303, 48.3716], [-124.7275, 48.3877], [-124.6965, 48.3911], [-124.6382, 48.383], [-124.6196, 48.3689], [-124.608, 48.3663], [-124.5934, 48.3749], [-124.5749, 48.3704], [-124.458, 48.3168], [-124.3992, 48.2936], [-124.3468, 48.2811], [-124.2963, 48.2615], [-124.274, 48.2571], [-124.2508, 48.2629], [-124.2277, 48.2585], [-124.1114, 48.2159], [-124.0998, 48.2005], [-124.0502, 48.1773], [-123.9971, 48.1727], [-123.971, 48.1656], [-123.9439, 48.1655], [-123.9188, 48.1623], [-123.8734, 48.1616], [-123.8619, 48.1564], [-123.8183, 48.1608], [-123.7889, 48.1531], [-123.7003, 48.1649], [-123.6417, 48.1512], [-123.6339, 48.1414], [-123.5846, 48.1354], [-123.567, 48.1469], [-123.5524, 48.1514], [-123.535, 48.1455], [-123.5236, 48.1351], [-123.5055, 48.1326], [-123.4756, 48.1336], [-123.4359, 48.1424], [-123.4185, 48.1423], [-123.405, 48.139], [-123.4263, 48.1372], [-123.4534, 48.1315], [-123.4497, 48.1251], [-123.4217, 48.1178], [-123.358, 48.1174], [-123.3223, 48.1146], [-123.2875, 48.1182], [-123.2469, 48.1153], [-123.2236, 48.122], [-123.1706, 48.1644], [-123.15, 48.1771], [-123.1083, 48.1838], [-123.1307, 48.1737], [-123.1613, 48.1519], [-123.1118, 48.149], [-123.0892, 48.1285], [-123.063, 48.1176], [-123.0405, 48.0851], [-123.0453, 48.0597], [-123.0297, 48.0452], [-123.0079, 48.0386], [-122.9968, 48.0386], [-123.0057, 48.0787], [-122.9991, 48.0917], [-122.9569, 48.0975], [-122.9411, 48.0979], [-122.9275, 48.0951], [-122.9217, 48.0861], [-122.9188, 48.0702], [-122.9108, 48.0661], [-122.8997, 48.0662], [-122.887, 48.0626], [-122.8725, 48.0498], [-122.8573, 48.0295], [-122.8534, 48.0104], [-122.8733, 48.0011], [-122.8733, 47.9937], [-122.8544, 47.9953], [-122.8414, 48.0056], [-122.8249, 48.0352], [-122.8369, 48.0499], [-122.8771, 48.0797], [-122.8817, 48.0917], [-122.8778, 48.1066], [-122.8683, 48.1193], [-122.8563, 48.1246], [-122.8238, 48.1311], [-122.7949, 48.1412], [-122.7702, 48.1411], [-122.7504, 48.1172], [-122.7845, 48.1029], [-122.7914, 48.0967], [-122.792, 48.0829], [-122.7845, 48.0731], [-122.7754, 48.0656], [-122.7709, 48.0591], [-122.7646, 48.0446], [-122.7225, 47.9937], [-122.7143, 47.9873], [-122.6954, 47.9789], [-122.6883, 47.9732], [-122.6857, 47.9654], [-122.6825, 47.9441], [-122.6781, 47.9357], [-122.6262, 47.8896], [-122.6201, 47.8776], [-122.6282, 47.8735], [-122.6581, 47.8725], [-122.6678, 47.8708], [-122.6764, 47.8621], [-122.6839, 47.8432], [-122.692, 47.8326], [-122.7364, 47.7944], [-122.7504, 47.7746], [-122.7687, 47.738], [-122.7752, 47.7188], [-122.7777, 47.7025], [-122.7811, 47.692], [-122.7893, 47.6845], [-122.8004, 47.6799], [-122.8119, 47.6784], [-122.8285, 47.6832], [-122.8292, 47.6941], [-122.818, 47.7131], [-122.7998, 47.7773], [-122.7989, 47.8067], [-122.8057, 47.8435], [-122.8173, 47.8303], [-122.8185, 47.8109], [-122.8216, 47.7924], [-122.8392, 47.7821], [-122.8404, 47.8023], [-122.8468, 47.8203], [-122.8564, 47.8261], [-122.8671, 47.8093], [-122.8664, 47.7935], [-122.8583, 47.7755], [-122.8392, 47.7466], [-122.8619, 47.7333], [-122.8762, 47.7102], [-122.8866, 47.6881], [-122.904, 47.6732], [-122.91, 47.6501], [-122.918, 47.6448], [-122.9303, 47.642], [-122.9418, 47.6349], [-123.0211, 47.5657], [-123.0329, 47.55], [-123.0651, 47.4934], [-123.0806, 47.4788], [-123.1013, 47.4653], [-123.1194, 47.4495], [-123.1334, 47.4123], [-123.1584, 47.3721], [-123.1613, 47.3568], [-123.1302, 47.3406], [-123.0741, 47.3446], [-122.9051, 47.395], [-122.8716, 47.4099], [-122.8392, 47.432], [-122.8677, 47.4363], [-122.9071, 47.4238], [-122.9763, 47.391], [-123.0522, 47.367], [-123.0919, 47.3674], [-123.1135, 47.391], [-123.1105, 47.4051], [-123.0994, 47.4199], [-123.0726, 47.4455], [-123.0633, 47.4567], [-123.0226, 47.5229], [-122.949, 47.5971], [-122.8733, 47.6312], [-122.7982, 47.6517], [-122.7754, 47.6607], [-122.7635, 47.6691], [-122.7571, 47.6823], [-122.7428, 47.7269], [-122.7338, 47.7426], [-122.6349, 47.8397], [-122.6236, 47.8472], [-122.6132, 47.8503], [-122.5957, 47.8472], [-122.5941, 47.8398], [-122.597, 47.8307], [-122.5922, 47.823], [-122.571, 47.8198], [-122.5665, 47.8345], [-122.5714, 47.8571], [-122.5883, 47.9044], [-122.5922, 47.9118], [-122.611, 47.936], [-122.6132, 47.946], [-122.5534, 47.9208], [-122.5281, 47.9055], [-122.5177, 47.881], [-122.5165, 47.8664], [-122.5102, 47.8326], [-122.5042, 47.8225], [-122.4938, 47.814], [-122.4901, 47.8039], [-122.504, 47.7882], [-122.4845, 47.7821], [-122.4752, 47.7761], [-122.4692, 47.7684], [-122.4684, 47.7565], [-122.4829, 47.737], [-122.4929, 47.7353], [-122.5411, 47.7429], [-122.558, 47.7404], [-122.5558, 47.7287], [-122.5647, 47.7126], [-122.5797, 47.6982], [-122.5959, 47.692], [-122.6516, 47.7326], [-122.661, 47.7305], [-122.6581, 47.718], [-122.651, 47.7114], [-122.6419, 47.7067], [-122.6331, 47.6994], [-122.6284, 47.6929], [-122.5922, 47.5971], [-122.5996, 47.5902], [-122.5922, 47.5828], [-122.6169, 47.5741], [-122.6438, 47.5959], [-122.6815, 47.6517], [-122.6892, 47.6435], [-122.6946, 47.6341], [-122.6969, 47.6231], [-122.6958, 47.6101], [-122.69, 47.5966], [-122.6815, 47.5905], [-122.6468, 47.577], [-122.6391, 47.5771], [-122.639, 47.5748], [-122.6474, 47.5623], [-122.6569, 47.5517], [-122.6759, 47.5377], [-122.6815, 47.5275], [-122.6302, 47.5444], [-122.607, 47.5555], [-122.5859, 47.5691], [-122.5531, 47.5834], [-122.5432, 47.5668], [-122.5416, 47.541], [-122.5341, 47.5275], [-122.5079, 47.5203], [-122.5096, 47.5029], [-122.5227, 47.4818], [-122.5307, 47.463], [-122.5383, 47.4375], [-122.5516, 47.414], [-122.5562, 47.392], [-122.5375, 47.3706], [-122.5451, 47.3564], [-122.5552, 47.3466], [-122.5687, 47.3402], [-122.5859, 47.3364], [-122.5607, 47.3013], [-122.557, 47.2846], [-122.5685, 47.2641], [-122.5835, 47.2642], [-122.661, 47.2879], [-122.6863, 47.3012], [-122.6835, 47.3104], [-122.6695, 47.3195], [-122.661, 47.3326], [-122.6535, 47.3492], [-122.6386, 47.3632], [-122.6279, 47.38], [-122.6331, 47.4046], [-122.6406, 47.386], [-122.6536, 47.3765], [-122.6883, 47.3643], [-122.7104, 47.3452], [-122.7259, 47.3391], [-122.7291, 47.3206], [-122.733, 47.3124], [-122.7486, 47.2954], [-122.7531, 47.2812], [-122.7476, 47.2673], [-122.7233, 47.2385], [-122.7245, 47.2326], [-122.7309, 47.228], [-122.7367, 47.2197], [-122.7369, 47.2246], [-122.7414, 47.2223], [-122.7504, 47.2128], [-122.7426, 47.1979], [-122.743, 47.1917], [-122.7728, 47.1731], [-122.7987, 47.205], [-122.8148, 47.2509], [-122.8149, 47.2743], [-122.7956, 47.2807], [-122.7866, 47.2961], [-122.784, 47.3153], [-122.7845, 47.3428], [-122.7914, 47.3643], [-122.7981, 47.3715], [-122.8066, 47.3765], [-122.8111, 47.3838], [-122.8057, 47.3978], [-122.8201, 47.3833], [-122.8366, 47.3343], [-122.846, 47.3159], [-122.87, 47.2993], [-122.8856, 47.2913], [-122.9134, 47.2853], [-122.9205, 47.278], [-122.9498, 47.2023], [-122.9651, 47.1811], [-122.9906, 47.165], [-123.0433, 47.1544], [-123.0683, 47.1459], [-123.0788, 47.1303], [-123.0639, 47.1371], [-123.0409, 47.1442], [-123.0216, 47.1444], [-123.0179, 47.1303], [-123.0294, 47.1215], [-123.0489, 47.1182], [-123.0681, 47.1125], [-123.0788, 47.0961], [-123.059, 47.1027], [-122.9745, 47.1464], [-122.9689, 47.1477], [-122.9422, 47.178], [-122.9302, 47.1745], [-122.9347, 47.16], [-122.9791, 47.1015], [-122.9925, 47.0909], [-123.0105, 47.0825], [-122.9875, 47.081], [-122.9646, 47.09], [-122.9459, 47.1072], [-122.9354, 47.1303], [-122.9293, 47.1204], [-122.9273, 47.1098], [-122.9293, 47.0993], [-122.9354, 47.0893], [-122.9256, 47.0783], [-122.9182, 47.0561], [-122.9081, 47.0483], [-122.8933, 47.0473], [-122.893, 47.0574], [-122.9002, 47.0715], [-122.9081, 47.0825], [-122.8958, 47.0926], [-122.8965, 47.1049], [-122.9012, 47.1179], [-122.9012, 47.1303], [-122.8924, 47.1421], [-122.8529, 47.165], [-122.8474, 47.1552], [-122.848, 47.1461], [-122.8526, 47.1378], [-122.8597, 47.1303], [-122.8455, 47.1317], [-122.8308, 47.1368], [-122.821, 47.1421], [-122.8227, 47.1601], [-122.8171, 47.1657], [-122.7982, 47.1576], [-122.7728, 47.1278], [-122.7482, 47.12], [-122.7357, 47.1115], [-122.7264, 47.1004], [-122.7225, 47.0893], [-122.6859, 47.1044], [-122.6523, 47.1281], [-122.5716, 47.2093], [-122.5502, 47.2423], [-122.5371, 47.2786], [-122.5375, 47.3159], [-122.5204, 47.3055], [-122.4854, 47.2902], [-122.4485, 47.2685], [-122.4331, 47.2649], [-122.4186, 47.2695], [-122.4004, 47.2811], [-122.4176, 47.2893], [-122.4276, 47.2965], [-122.4296, 47.3049], [-122.422, 47.3159], [-122.4094, 47.325], [-122.3913, 47.3337], [-122.3721, 47.34], [-122.3395, 47.3466], [-122.3285, 47.3571], [-122.3236, 47.3725], [-122.3253, 47.391], [-122.3336, 47.4041], [-122.361, 47.43], [-122.3668, 47.4422], [-122.3667, 47.4853], [-122.3702, 47.4971], [-122.3884, 47.5208], [-122.4075, 47.5661], [-122.409, 47.5749], [-122.4037, 47.582], [-122.3905, 47.5937], [-122.3779, 47.5962], [-122.3666, 47.5857], [-122.3561, 47.5713], [-122.3458, 47.5623], [-122.3411, 47.583], [-122.34, 47.5989], [-122.3452, 47.612], [-122.3594, 47.6237], [-122.404, 47.6374], [-122.4135, 47.6417], [-122.4233, 47.6511], [-122.4288, 47.6604], [-122.4252, 47.6647], [-122.4137, 47.6675], [-122.4093, 47.6744], [-122.4068, 47.6833], [-122.3847, 47.709], [-122.3811, 47.7202], [-122.3876, 47.7523], [-122.3983, 47.7629], [-122.4061, 47.7779], [-122.4044, 47.7976], [-122.3995, 47.814], [-122.3919, 47.8276], [-122.3822, 47.8391], [-122.3526, 47.8563], [-122.3397, 47.8728], [-122.3342, 47.9105], [-122.3246, 47.9244], [-122.3245, 47.9341], [-122.3204, 47.9421], [-122.2772, 47.9674], [-122.2416, 47.9728], [-122.2329, 47.9784], [-122.2128, 47.9868], [-122.2091, 47.9997], [-122.2073, 48.0144], [-122.1917, 48.0263], [-122.1935, 48.031], [-122.2018, 48.0337], [-122.2075, 48.0375], [-122.2216, 48.0382], [-122.2381, 48.0263], [-122.3077, 48.0654], [-122.3402, 48.09], [-122.3623, 48.1225], [-122.3677, 48.1596], [-122.3657, 48.1906], [-122.3756, 48.2132], [-122.4169, 48.2255], [-122.4284, 48.2321], [-122.4359, 48.2346], [-122.4442, 48.2324], [-122.449, 48.2228], [-122.4461, 48.2022], [-122.4666, 48.192], [-122.4695, 48.1771], [-122.4657, 48.1591], [-122.4579, 48.1436], [-122.4481, 48.1342], [-122.4321, 48.1225], [-122.4146, 48.1125], [-122.3998, 48.1082], [-122.3841, 48.1015], [-122.3691, 48.0857], [-122.348, 48.0543], [-122.366, 48.0539], [-122.3774, 48.0602], [-122.3964, 48.0815], [-122.4056, 48.0878], [-122.4897, 48.1304], [-122.5104, 48.1474], [-122.5261, 48.171], [-122.5333, 48.1961], [-122.5312, 48.2199], [-122.5339, 48.2497], [-122.4988, 48.2529], [-122.4652, 48.26], [-122.4459, 48.2611], [-122.4299, 48.2591], [-122.4184, 48.2515], [-122.4097, 48.2414], [-122.4008, 48.2353], [-122.389, 48.2398], [-122.3937, 48.25], [-122.3906, 48.2602], [-122.3753, 48.2807], [-122.3794, 48.286], [-122.3818, 48.2968], [-122.3859, 48.3038], [-122.3918, 48.3098], [-122.4254, 48.3302], [-122.4551, 48.3425], [-122.4786, 48.3598], [-122.4914, 48.3651], [-122.5062, 48.368], [-122.5227, 48.369], [-122.5338, 48.3747], [-122.5535, 48.4013], [-122.567, 48.4099], [-122.567, 48.4174], [-122.5521, 48.4279], [-122.5589, 48.434], [-122.5845, 48.4378], [-122.5917, 48.4341], [-122.6078, 48.416], [-122.6155, 48.4099], [-122.6304, 48.4053], [-122.6466, 48.4038], [-122.6618, 48.4062], [-122.6736, 48.4136], [-122.6835, 48.4302], [-122.6786, 48.4389], [-122.6688, 48.4453], [-122.6633, 48.4549], [-122.6693, 48.4728], [-122.6829, 48.4792], [-122.697, 48.4814], [-122.7049, 48.4863], [-122.7024, 48.498], [-122.6891, 48.4998], [-122.6725, 48.499], [-122.6599, 48.503], [-122.633, 48.5163], [-122.6133, 48.5003], [-122.597, 48.4746], [-122.5807, 48.4583], [-122.5809, 48.4845], [-122.5683, 48.4895], [-122.551, 48.4815], [-122.5272, 48.4604], [-122.5143, 48.4532], [-122.5006, 48.4504], [-122.4889, 48.4549], [-122.4808, 48.4641], [-122.4801, 48.4703], [-122.4852, 48.4863], [-122.4884, 48.5129], [-122.4943, 48.5294], [-122.5035, 48.5436], [-122.5159, 48.5576], [-122.556, 48.5766], [-122.567, 48.5854], [-122.5466, 48.5887], [-122.5251, 48.5832], [-122.4853, 48.5598], [-122.4681, 48.5545], [-122.4476, 48.5622], [-122.4403, 48.5807], [-122.4443, 48.6033], [-122.4579, 48.6234], [-122.4665, 48.6287], [-122.4841, 48.6348], [-122.4926, 48.6433], [-122.4971, 48.6536], [-122.503, 48.6796], [-122.5026, 48.6849], [-122.5251, 48.6923], [-122.5211, 48.7091], [-122.4988, 48.7395], [-122.5086, 48.7557], [-122.5299, 48.7686], [-122.5547, 48.7773], [-122.5745, 48.7805], [-122.5936, 48.7741], [-122.6098, 48.7586], [-122.6397, 48.7224], [-122.6504, 48.7182], [-122.6601, 48.7226], [-122.6673, 48.7319], [-122.6702, 48.7429], [-122.6669, 48.7481], [-122.6529, 48.7583], [-122.6496, 48.7637], [-122.6582, 48.7773], [-122.677, 48.7934], [-122.696, 48.8008], [-122.7049, 48.7879], [-122.7006, 48.8122], [-122.7038, 48.8274], [-122.7142, 48.8382], [-122.7576, 48.8642], [-122.7682, 48.874], [-122.7725, 48.8865], [-122.7684, 48.8974], [-122.7499, 48.9125], [-122.7458, 48.9177], [-122.7589, 48.9359], [-122.8081, 48.9345], [-122.8135, 48.9518], [-122.801, 48.9623], [-122.7775, 48.9648], [-122.7316, 48.9592], [-122.7411, 48.9768], [-122.753, 48.9925], [-95.1771, 48.9927]]], [[[-123.0453, 48.9844], [-123.0885, 48.9722], [-123.0905, 48.9925], [-123.0353, 48.9925], [-123.0453, 48.9844]]], [[[-73.9722, 40.7407], [-73.9723, 40.7272], [-73.9758, 40.714], [-74.0169, 40.6993], [-74.012, 40.73], [-74.0032, 40.7559], [-73.987, 40.7787], [-73.9392, 40.8542], [-73.928, 40.8775], [-73.918, 40.8751], [-73.9167, 40.8633], [-73.9388, 40.8282], [-73.9401, 40.8139], [-73.9334, 40.7972], [-73.9722, 40.7407]]], [[[-71.3372, 41.5821], [-71.3372, 41.5925], [-71.3307, 41.6107], [-71.3359, 41.6264], [-71.3568, 41.6316], [-71.3594, 41.642], [-71.3555, 41.6602], [-71.3437, 41.6706], [-71.3307, 41.6472], [-71.3177, 41.6329], [-71.3034, 41.6264], [-71.3047, 41.6042], [-71.3151, 41.5808], [-71.3307, 41.5756], [-71.3372, 41.5821]]], [[[-69.6888, 43.8282], [-69.6732, 43.8529], [-69.6471, 43.8373], [-69.6523, 43.7904], [-69.6641, 43.7891], [-69.6849, 43.8113], [-69.6888, 43.8282]]], [[[-69.681, 43.9337], [-69.6993, 43.8715], [-69.7148, 43.8594], [-69.7305, 43.8907], [-69.7226, 43.9076], [-69.7005, 43.9272], [-69.694, 43.9454], [-69.6784, 43.9675], [-69.6693, 43.9558], [-69.6693, 43.9428], [-69.681, 43.9337]]], [[[-68.5989, 44.0469], [-68.6081, 44.0235], [-68.6341, 44.0183], [-68.6562, 44.0105], [-68.6627, 44.0196], [-68.6601, 44.0326], [-68.6536, 44.0522], [-68.651, 44.0652], [-68.6406, 44.0782], [-68.6263, 44.0912], [-68.6068, 44.0886], [-68.6016, 44.0704], [-68.5989, 44.0469]]], [[[-68.8411, 44.1381], [-68.8516, 44.1251], [-68.8633, 44.1199], [-68.901, 44.1342], [-68.9193, 44.1251], [-68.9375, 44.1055], [-68.9427, 44.1173], [-68.9401, 44.1251], [-68.9284, 44.142], [-68.8568, 44.1811], [-68.8203, 44.1785], [-68.8112, 44.1693], [-68.8112, 44.1485], [-68.8411, 44.1381]]], [[[-68.4036, 44.1342], [-68.4323, 44.129], [-68.4427, 44.1446], [-68.4544, 44.1511], [-68.4635, 44.1498], [-68.4896, 44.1407], [-68.5026, 44.1485], [-68.5065, 44.1602], [-68.4922, 44.1693], [-68.4752, 44.1667], [-68.4726, 44.1772], [-68.4596, 44.185], [-68.444, 44.1811], [-68.4388, 44.1745], [-68.4271, 44.1758], [-68.4167, 44.1824], [-68.4023, 44.1758], [-68.3906, 44.1628], [-68.3919, 44.1459], [-68.4036, 44.1342]]], [[[-68.9336, 44.2436], [-68.9245, 44.2813], [-68.9414, 44.2813], [-68.9427, 44.2904], [-68.9245, 44.3074], [-68.901, 44.3113], [-68.8854, 44.2995], [-68.901, 44.28], [-68.9206, 44.237], [-68.9336, 44.2357], [-68.9336, 44.2436]]], [[[-68.4752, 44.3243], [-68.4844, 44.3139], [-68.4974, 44.3204], [-68.5091, 44.323], [-68.5221, 44.323], [-68.5299, 44.3308], [-68.5299, 44.3451], [-68.5247, 44.3594], [-68.5117, 44.379], [-68.5026, 44.3803], [-68.4961, 44.3764], [-68.4922, 44.3647], [-68.487, 44.3347], [-68.4752, 44.3243]]], [[[-68.8854, 44.3308], [-68.9036, 44.3191], [-68.9167, 44.3321], [-68.9167, 44.3451], [-68.9114, 44.366], [-68.8841, 44.392], [-68.8685, 44.3816], [-68.8594, 44.3581], [-68.8854, 44.3308]]], [[[-67.5937, 44.4571], [-67.6159, 44.5053], [-67.6146, 44.5144], [-67.6002, 44.5183], [-67.582, 44.5144], [-67.5781, 44.491], [-67.5664, 44.4792], [-67.5664, 44.461], [-67.5846, 44.4441], [-67.5937, 44.4571]]], [[[-67.276, 44.6029], [-67.3021, 44.5964], [-67.3216, 44.6029], [-67.319, 44.612], [-67.3034, 44.6251], [-67.2838, 44.6199], [-67.2708, 44.6133], [-67.276, 44.6029]]], [[[-67.0382, 44.9549], [-67.0295, 44.9445], [-67.0034, 44.9254], [-66.9861, 44.9098], [-66.9896, 44.8976], [-67.0121, 44.8994], [-67.0173, 44.908], [-67.0451, 44.9272], [-67.0451, 44.9445], [-67.0382, 44.9549]]], [[[-81.7367, 24.5695], [-81.7337, 24.5642], [-81.732, 24.5562], [-81.7377, 24.5578], [-81.7413, 24.5607], [-81.7462, 24.5699], [-81.7484, 24.5641], [-81.7525, 24.5699], [-81.7599, 24.5562], [-81.7694, 24.5502], [-81.7844, 24.5461], [-81.8146, 24.5425], [-81.8103, 24.5582], [-81.8019, 24.5603], [-81.7912, 24.5571], [-81.7804, 24.5562], [-81.7729, 24.5597], [-81.7525, 24.5761], [-81.7462, 24.5761], [-81.7367, 24.5695]]], [[[-81.6839, 24.5911], [-81.6568, 24.5978], [-81.6501, 24.5761], [-81.7257, 24.5562], [-81.7115, 24.5699], [-81.7115, 24.5761], [-81.7169, 24.581], [-81.7183, 24.5862], [-81.7163, 24.5917], [-81.7115, 24.5978], [-81.7053, 24.5978], [-81.6958, 24.5906], [-81.6839, 24.5911]]], [[[-81.5308, 24.6152], [-81.5651, 24.6022], [-81.6365, 24.5836], [-81.6365, 24.5903], [-81.6169, 24.6055], [-81.6055, 24.6096], [-81.5954, 24.604], [-81.5675, 24.6177], [-81.5545, 24.6313], [-81.5692, 24.64], [-81.5812, 24.6518], [-81.5517, 24.6444], [-81.5387, 24.6365], [-81.5334, 24.6245], [-81.5272, 24.6245], [-81.5225, 24.6379], [-81.5257, 24.6479], [-81.5365, 24.653], [-81.5545, 24.6518], [-81.5545, 24.6592], [-81.549, 24.6649], [-81.5505, 24.6688], [-81.5675, 24.6723], [-81.5607, 24.6934], [-81.5545, 24.6934], [-81.555, 24.6882], [-81.547, 24.6859], [-81.5401, 24.6752], [-81.506, 24.6388], [-81.506, 24.6313], [-81.5308, 24.6152]]], [[[-81.1039, 24.7068], [-81.1361, 24.707], [-81.1156, 24.7157], [-81.0614, 24.7314], [-81.0399, 24.7344], [-81.0406, 24.7274], [-81.0437, 24.7243], [-81.0671, 24.7159], [-81.0762, 24.7091], [-81.0825, 24.6994], [-81.0877, 24.6859], [-81.0928, 24.7009], [-81.1039, 24.7068]]], [[[-81.4173, 24.7487], [-81.3877, 24.7275], [-81.3555, 24.6862], [-81.3406, 24.6467], [-81.3627, 24.6313], [-81.3642, 24.6612], [-81.4303, 24.7548], [-81.4275, 24.7514], [-81.4173, 24.7487]]], [[[-80.9443, 24.7617], [-80.9589, 24.7493], [-81.0331, 24.7207], [-80.9556, 24.7687], [-80.9238, 24.7753], [-80.9238, 24.7691], [-80.9279, 24.7657], [-80.9443, 24.7617]]], [[[-80.8023, 24.8269], [-80.7997, 24.8253], [-80.7935, 24.8306], [-80.7873, 24.8306], [-80.7871, 24.826], [-80.7935, 24.8169], [-80.8022, 24.8099], [-80.8185, 24.8058], [-80.855, 24.8033], [-80.845, 24.8144], [-80.8004, 24.8436], [-80.8023, 24.8269]]], [[[-80.3658, 25.1812], [-80.3615, 25.1657], [-80.3615, 25.1595], [-80.4428, 25.0864], [-80.4536, 25.081], [-80.4645, 25.0838], [-80.4713, 25.073], [-80.4803, 25.0498], [-80.4881, 25.0395], [-80.5192, 25.0149], [-80.556, 24.9709], [-80.5786, 24.9503], [-80.598, 24.9501], [-80.6035, 24.9611], [-80.594, 24.9666], [-80.5676, 24.9739], [-80.5557, 25.009], [-80.5502, 25.0149], [-80.5341, 25.0166], [-80.5265, 25.0217], [-80.5123, 25.0429], [-80.4876, 25.0666], [-80.4809, 25.0784], [-80.4844, 25.0913], [-80.463, 25.094], [-80.4524, 25.0992], [-80.4434, 25.1112], [-80.4482, 25.1186], [-80.4486, 25.1221], [-80.4448, 25.1221], [-80.4372, 25.1186], [-80.4335, 25.1303], [-80.439, 25.1398], [-80.4504, 25.1435], [-80.4645, 25.1384], [-80.4586, 25.1562], [-80.4134, 25.1474], [-80.3943, 25.1909], [-80.3573, 25.2274], [-80.3478, 25.2483], [-80.3502, 25.2628], [-80.3653, 25.2748], [-80.369, 25.2861], [-80.3627, 25.2922], [-80.3306, 25.2995], [-80.3175, 25.307], [-80.2906, 25.3428], [-80.2734, 25.3526], [-80.2516, 25.3445], [-80.2581, 25.3352], [-80.2727, 25.3237], [-80.2794, 25.3122], [-80.2913, 25.2826], [-80.3205, 25.2483], [-80.3533, 25.2056], [-80.3658, 25.1812]]], [[[-80.2035, 25.4366], [-80.2169, 25.4155], [-80.2312, 25.4034], [-80.238, 25.406], [-80.2244, 25.4161], [-80.2157, 25.432], [-80.1999, 25.4898], [-80.197, 25.4947], [-80.1882, 25.4984], [-80.1866, 25.4933], [-80.1939, 25.4592], [-80.2035, 25.4366]]], [[[-80.1818, 25.6813], [-80.1803, 25.6919], [-80.1697, 25.7008], [-80.1789, 25.7065], [-80.1833, 25.7076], [-80.1833, 25.7138], [-80.1701, 25.7228], [-80.1629, 25.7349], [-80.1561, 25.7349], [-80.1583, 25.6793], [-80.1629, 25.6728], [-80.1756, 25.6734], [-80.1818, 25.6813]]], [[[-82.0768, 26.4562], [-82.0684, 26.468], [-82.0268, 26.4475], [-82.0455, 26.4438], [-82.0709, 26.4246], [-82.0882, 26.4195], [-82.1036, 26.4226], [-82.1639, 26.4543], [-82.175, 26.4625], [-82.1841, 26.4733], [-82.1913, 26.4884], [-82.2007, 26.5196], [-82.2049, 26.5505], [-82.1963, 26.5445], [-82.1908, 26.5365], [-82.1844, 26.5158], [-82.1759, 26.4949], [-82.1641, 26.4796], [-82.1488, 26.4686], [-82.1292, 26.4611], [-82.0963, 26.4545], [-82.0768, 26.4562]]], [[[-82.246, 26.6945], [-82.2445, 26.6708], [-82.2293, 26.6338], [-82.2255, 26.6113], [-82.2391, 26.6342], [-82.2477, 26.6544], [-82.2602, 26.7013], [-82.2555, 26.7012], [-82.246, 26.6945]]], [[[-82.1457, 26.6401], [-82.1647, 26.6719], [-82.1776, 26.7013], [-82.164, 26.7013], [-82.1439, 26.6946], [-82.1245, 26.6765], [-82.1136, 26.6544], [-82.1232, 26.6187], [-82.1116, 26.5964], [-82.096, 26.5749], [-82.0882, 26.5605], [-82.081, 26.509], [-82.082, 26.4915], [-82.0951, 26.4958], [-82.1085, 26.5163], [-82.1236, 26.5654], [-82.1367, 26.5847], [-82.1324, 26.6098], [-82.1457, 26.6401]]], [[[-82.258, 26.7585], [-82.2591, 26.7373], [-82.2664, 26.715], [-82.2746, 26.7362], [-82.2778, 26.7851], [-82.2875, 26.8031], [-82.2815, 26.8095], [-82.2784, 26.81], [-82.2738, 26.8031], [-82.2629, 26.7801], [-82.258, 26.7585]]], [[[-97.1707, 26.1795], [-97.1644, 26.1315], [-97.1634, 26.1136], [-97.1664, 26.1028], [-97.1793, 26.1198], [-97.1883, 26.1493], [-97.213, 26.2927], [-97.2272, 26.3374], [-97.2399, 26.3649], [-97.2492, 26.3908], [-97.2604, 26.468], [-97.2684, 26.4904], [-97.2921, 26.5292], [-97.3013, 26.5505], [-97.3132, 26.6068], [-97.3293, 26.633], [-97.3379, 26.654], [-97.3501, 26.6974], [-97.3634, 26.7212], [-97.3559, 26.7286], [-97.3668, 26.7407], [-97.3702, 26.7559], [-97.3682, 26.76], [-97.3583, 26.7625], [-97.3559, 26.7659], [-97.357, 26.7716], [-97.3674, 26.7912], [-97.3975, 26.831], [-97.3881, 26.8655], [-97.3854, 26.9004], [-97.3939, 26.9943], [-97.4031, 27.0309], [-97.405, 27.0508], [-97.398, 27.0884], [-97.3971, 27.1073], [-97.405, 27.1252], [-97.397, 27.1462], [-97.3916, 27.1931], [-97.3771, 27.2078], [-97.3839, 27.1879], [-97.3763, 26.9316], [-97.3429, 26.7567], [-97.2387, 26.4458], [-97.2399, 26.4338], [-97.2313, 26.4211], [-97.2249, 26.3991], [-97.1983, 26.2761], [-97.1827, 26.2312], [-97.1707, 26.1795]]], [[[-82.6766, 27.4218], [-82.681, 27.4341], [-82.6642, 27.4269], [-82.6543, 27.4197], [-82.6301, 27.3797], [-82.5931, 27.3398], [-82.5892, 27.3244], [-82.6067, 27.3367], [-82.649, 27.3813], [-82.6575, 27.3968], [-82.6766, 27.4218]]], [[[-97.0526, 27.8442], [-97.044, 27.8353], [-97.0549, 27.8248], [-97.178, 27.6528], [-97.2594, 27.4962], [-97.3203, 27.3576], [-97.3466, 27.2742], [-97.3516, 27.2352], [-97.3659, 27.2242], [-97.3881, 27.2239], [-97.3975, 27.2289], [-97.3898, 27.2456], [-97.3703, 27.3484], [-97.3388, 27.4091], [-97.3124, 27.478], [-97.2572, 27.5928], [-97.2451, 27.6232], [-97.244, 27.6326], [-97.2496, 27.6438], [-97.2541, 27.6597], [-97.2306, 27.6512], [-97.2192, 27.6439], [-97.212, 27.633], [-97.2057, 27.633], [-97.151, 27.7399], [-97.1238, 27.7695], [-97.0819, 27.8041], [-97.0754, 27.8145], [-97.0675, 27.8409], [-97.0526, 27.8442]]], [[[-80.4099, 27.7565], [-80.4385, 27.8305], [-80.4509, 27.852], [-80.4446, 27.8575], [-80.4372, 27.8596], [-80.4372, 27.8546], [-80.4298, 27.8459], [-80.4222, 27.805], [-80.4019, 27.7641], [-80.3615, 27.7012], [-80.3472, 27.6641], [-80.3376, 27.6066], [-80.1672, 27.197], [-80.1629, 27.1737], [-80.1773, 27.2022], [-80.1976, 27.2239], [-80.2082, 27.2629], [-80.269, 27.3823], [-80.2728, 27.3968], [-80.2759, 27.4018], [-80.2895, 27.4118], [-80.2926, 27.4173], [-80.2941, 27.4299], [-80.3069, 27.4617], [-80.3478, 27.6125], [-80.3729, 27.6566], [-80.3778, 27.6865], [-80.3868, 27.7067], [-80.3911, 27.7274], [-80.4099, 27.7565]]], [[[-96.8548, 28.1307], [-96.8454, 28.1212], [-96.8426, 28.1128], [-96.8457, 28.1029], [-96.8472, 28.0805], [-96.8501, 28.0712], [-96.9382, 27.9831], [-96.9792, 27.9278], [-97.0146, 27.8909], [-97.0287, 27.8715], [-97.0344, 27.852], [-97.043, 27.8703], [-97.0298, 27.9006], [-96.9935, 27.9483], [-96.964, 27.9767], [-96.953, 27.9942], [-96.9534, 28.0003], [-96.9726, 28.005], [-96.9726, 28.0099], [-96.9141, 28.0991], [-96.9003, 28.102], [-96.8929, 28.1092], [-96.8802, 28.1301], [-96.8676, 28.1356], [-96.8548, 28.1307]]], [[[-80.6407, 28.2042], [-80.6486, 28.2227], [-80.632, 28.1904], [-80.629, 28.1811], [-80.6365, 28.1811], [-80.6407, 28.2042]]], [[[-96.4123, 28.3975], [-96.4076, 28.3964], [-96.4038, 28.3871], [-96.403, 28.3608], [-96.4038, 28.3524], [-96.4067, 28.3444], [-96.4169, 28.3288], [-96.4895, 28.2971], [-96.5223, 28.2896], [-96.5535, 28.2714], [-96.6086, 28.2294], [-96.7026, 28.1855], [-96.7277, 28.1616], [-96.7812, 28.1265], [-96.8087, 28.1033], [-96.8209, 28.0883], [-96.8284, 28.0712], [-96.8358, 28.0712], [-96.8325, 28.0888], [-96.8243, 28.1075], [-96.8132, 28.1237], [-96.8017, 28.1339], [-96.8017, 28.1401], [-96.809, 28.1514], [-96.8124, 28.1701], [-96.8078, 28.1876], [-96.7911, 28.1953], [-96.7707, 28.1975], [-96.7385, 28.2069], [-96.7222, 28.209], [-96.7104, 28.2134], [-96.6721, 28.2337], [-96.6639, 28.2397], [-96.6543, 28.2571], [-96.612, 28.2775], [-96.6024, 28.2875], [-96.5948, 28.2927], [-96.5485, 28.3114], [-96.5281, 28.3301], [-96.515, 28.3368], [-96.4932, 28.3393], [-96.4554, 28.336], [-96.4432, 28.3414], [-96.4311, 28.3598], [-96.4315, 28.389], [-96.4277, 28.3933], [-96.4123, 28.3975]]], [[[-96.3129, 28.4586], [-96.2753, 28.4787], [-96.2325, 28.4895], [-96.2325, 28.4827], [-96.2446, 28.4802], [-96.2479, 28.4778], [-96.2467, 28.4752], [-96.276, 28.4571], [-96.2839, 28.4477], [-96.3082, 28.4417], [-96.3337, 28.4189], [-96.3501, 28.4089], [-96.3697, 28.4069], [-96.3697, 28.4145], [-96.3129, 28.4586]]], [[[-80.6429, 28.5981], [-80.629, 28.5988], [-80.6122, 28.5688], [-80.6185, 28.5377], [-80.6495, 28.4752], [-80.6582, 28.4375], [-80.6642, 28.3151], [-80.67, 28.2875], [-80.668, 28.2759], [-80.6515, 28.24], [-80.6498, 28.2252], [-80.6649, 28.2526], [-80.7002, 28.3481], [-80.7147, 28.3698], [-80.7196, 28.3883], [-80.7283, 28.4691], [-80.7374, 28.4848], [-80.7399, 28.5175], [-80.7323, 28.5446], [-80.7109, 28.5441], [-80.7047, 28.5606], [-80.6986, 28.5678], [-80.6775, 28.5789], [-80.6555, 28.5933], [-80.6429, 28.5981]]], [[[-90.8796, 29.0513], [-90.9151, 29.0513], [-90.9437, 29.0608], [-90.9032, 29.0572], [-90.8796, 29.0513]]], [[[-90.3026, 29.0849], [-90.2838, 29.086], [-90.2838, 29.0786], [-90.3465, 29.0581], [-90.3186, 29.0786], [-90.3026, 29.0849]]], [[[-89.963, 29.2641], [-89.9555, 29.2573], [-89.9761, 29.2451], [-90.0104, 29.2294], [-90.0238, 29.2164], [-90.0306, 29.2164], [-90.0243, 29.2385], [-90.0017, 29.2491], [-89.9766, 29.2569], [-89.963, 29.271], [-89.9555, 29.271], [-89.963, 29.2641]]], [[[-94.8917, 29.2249], [-94.9472, 29.1939], [-95.076, 29.114], [-95.1083, 29.0886], [-95.1165, 29.089], [-95.1023, 29.1112], [-95.0813, 29.1361], [-95.034, 29.1629], [-94.9678, 29.2079], [-94.9431, 29.2229], [-94.9287, 29.2369], [-94.9172, 29.2553], [-94.8751, 29.2846], [-94.8668, 29.3], [-94.862, 29.3051], [-94.8398, 29.3105], [-94.828, 29.3176], [-94.8216, 29.3311], [-94.8243, 29.3433], [-94.8415, 29.3461], [-94.8415, 29.3529], [-94.8365, 29.3524], [-94.8341, 29.3598], [-94.8279, 29.3598], [-94.827, 29.3539], [-94.8143, 29.3529], [-94.7244, 29.3332], [-94.8917, 29.2249]]], [[[-89.1604, 29.4975], [-89.1662, 29.4824], [-89.1826, 29.4731], [-89.2032, 29.4691], [-89.2218, 29.4696], [-89.1878, 29.4804], [-89.173, 29.4893], [-89.1678, 29.5037], [-89.1632, 29.5045], [-89.1604, 29.4975]]], [[[-91.898, 29.517], [-91.9082, 29.5211], [-91.9184, 29.53], [-92.0205, 29.5688], [-92.0365, 29.5821], [-92.0354, 29.5962], [-92.0123, 29.6137], [-91.9933, 29.6188], [-91.9737, 29.6205], [-91.9491, 29.6273], [-91.9293, 29.6471], [-91.9171, 29.6481], [-91.8614, 29.6372], [-91.8456, 29.6282], [-91.82, 29.6061], [-91.7899, 29.5946], [-91.7887, 29.5925], [-91.7585, 29.5867], [-91.734, 29.585], [-91.7202, 29.5817], [-91.714, 29.5737], [-91.7232, 29.559], [-91.7596, 29.5412], [-91.7731, 29.531], [-91.7784, 29.5143], [-91.7786, 29.5006], [-91.7808, 29.4934], [-91.7877, 29.4905], [-91.8021, 29.4901], [-91.8405, 29.4838], [-91.898, 29.517]]], [[[-85.1719, 29.6689], [-85.2023, 29.681], [-85.2128, 29.6887], [-85.1715, 29.6833], [-85.1531, 29.6846], [-85.1383, 29.6955], [-85.1137, 29.692], [-85.0861, 29.6857], [-85.0836, 29.675], [-85.0958, 29.6624], [-85.1013, 29.6533], [-85.1036, 29.644], [-85.1087, 29.634], [-85.1204, 29.634], [-85.1505, 29.6445], [-85.1719, 29.6689]]], [[[-84.7052, 29.7585], [-84.6927, 29.7644], [-84.6927, 29.757], [-84.6984, 29.7546], [-84.7066, 29.748], [-84.7064, 29.744], [-84.7289, 29.7358], [-84.7882, 29.6955], [-84.8878, 29.6579], [-84.9088, 29.6425], [-84.9695, 29.6118], [-84.9909, 29.6061], [-85.0492, 29.6059], [-85.0713, 29.6118], [-85.0973, 29.6273], [-85.0812, 29.624], [-85.054, 29.6094], [-85.0316, 29.6109], [-84.9875, 29.6204], [-84.7746, 29.7098], [-84.7713, 29.7138], [-84.7709, 29.7183], [-84.7682, 29.7219], [-84.75, 29.7255], [-84.7423, 29.7344], [-84.7241, 29.7403], [-84.7052, 29.7585]]], [[[-89.4352, 29.7723], [-89.4273, 29.744], [-89.4403, 29.7485], [-89.4524, 29.767], [-89.4586, 29.7712], [-89.4669, 29.7664], [-89.4767, 29.7437], [-89.49, 29.7365], [-89.494, 29.7788], [-89.4906, 29.7938], [-89.4757, 29.8054], [-89.4634, 29.7989], [-89.4552, 29.7917], [-89.4413, 29.7846], [-89.4352, 29.7723]]], [[[-89.2772, 29.8121], [-89.2765, 29.8054], [-89.2907, 29.7712], [-89.337, 29.8066], [-89.3354, 29.8122], [-89.3044, 29.8054], [-89.2772, 29.8121]]], [[[-84.5836, 29.8218], [-84.5764, 29.8198], [-84.5863, 29.8], [-84.6087, 29.7893], [-84.6647, 29.7787], [-84.6568, 29.7871], [-84.617, 29.8054], [-84.5934, 29.8185], [-84.5836, 29.8218]]], [[[-89.2388, 29.9363], [-89.2355, 29.9316], [-89.2406, 29.9293], [-89.2553, 29.9293], [-89.2741, 29.9263], [-89.2939, 29.9201], [-89.2955, 29.9246], [-89.279, 29.9372], [-89.2611, 29.9433], [-89.2344, 29.9484], [-89.2388, 29.9414], [-89.2388, 29.9363]]], [[[-89.2958, 29.9422], [-89.3041, 29.9324], [-89.3226, 29.9172], [-89.3279, 29.9159], [-89.3094, 29.9365], [-89.2938, 29.9621], [-89.2781, 29.9821], [-89.2729, 29.9821], [-89.2806, 29.9658], [-89.2958, 29.9422]]], [[[-88.8401, 30.0255], [-88.8321, 30.0019], [-88.8178, 29.9835], [-88.8109, 29.9152], [-88.821, 29.8327], [-88.8296, 29.8103], [-88.8546, 29.7692], [-88.8536, 29.7802], [-88.8594, 29.7917], [-88.8299, 29.8434], [-88.824, 29.8607], [-88.824, 29.9289], [-88.8178, 29.9351], [-88.8321, 29.9623], [-88.8363, 29.9784], [-88.8314, 29.9897], [-88.8382, 29.9972], [-88.848, 30.0331], [-88.8576, 30.048], [-88.8724, 30.0587], [-88.8505, 30.0468], [-88.8401, 30.0255]]], [[[-89.4249, 30.1426], [-89.4313, 30.1334], [-89.4394, 30.1365], [-89.433, 30.1457], [-89.4264, 30.1484], [-89.4249, 30.1426]]], [[[-89.1918, 30.0491], [-89.2012, 30.0416], [-89.2156, 30.045], [-89.2221, 30.0338], [-89.2289, 30.036], [-89.243, 30.0524], [-89.253, 30.0703], [-89.2604, 30.0729], [-89.2672, 30.0706], [-89.2726, 30.0657], [-89.2765, 30.0587], [-89.2838, 30.0595], [-89.2944, 30.0661], [-89.3013, 30.064], [-89.307, 30.0593], [-89.3118, 30.0524], [-89.3321, 30.049], [-89.3393, 30.0527], [-89.3453, 30.0661], [-89.3199, 30.071], [-89.3089, 30.0761], [-89.3044, 30.0832], [-89.2849, 30.084], [-89.2767, 30.0895], [-89.2839, 30.1071], [-89.2686, 30.1116], [-89.2545, 30.118], [-89.2293, 30.1343], [-89.2099, 30.1548], [-89.1964, 30.165], [-89.1808, 30.1685], [-89.1808, 30.1617], [-89.1944, 30.1553], [-89.2071, 30.1464], [-89.2355, 30.1207], [-89.2499, 30.102], [-89.2362, 30.0935], [-89.2186, 30.0867], [-89.2218, 30.0729], [-89.2156, 30.0587], [-89.2022, 30.0679], [-89.1945, 30.0797], [-89.1883, 30.0797], [-89.1874, 30.0632], [-89.1918, 30.0491]]], [[[-88.9427, 30.2138], [-88.9693, 30.2106], [-88.9674, 30.2143], [-88.9278, 30.2176], [-88.9427, 30.2138]]], [[[-88.4274, 30.2163], [-88.4342, 30.2094], [-88.4697, 30.2108], [-88.503, 30.2163], [-88.503, 30.2238], [-88.4274, 30.2163]]], [[[-89.0655, 30.247], [-89.0648, 30.2368], [-89.0682, 30.2258], [-89.0846, 30.1958], [-89.0925, 30.1977], [-89.0989, 30.2033], [-89.0846, 30.2163], [-89.0922, 30.2238], [-89.0989, 30.2163], [-89.108, 30.2271], [-89.1214, 30.2309], [-89.1536, 30.2299], [-89.1536, 30.2368], [-89.1013, 30.2351], [-89.077, 30.2408], [-89.0648, 30.2578], [-89.058, 30.2578], [-89.0575, 30.2527], [-89.0655, 30.247]]], [[[-88.5597, 30.2311], [-88.5379, 30.2244], [-88.5563, 30.2167], [-88.7563, 30.2442], [-88.7563, 30.2504], [-88.7313, 30.2572], [-88.6978, 30.2579], [-88.6652, 30.2524], [-88.6431, 30.2405], [-88.6212, 30.2315], [-88.5597, 30.2311]]], [[[-88.091, 30.2447], [-88.3113, 30.2368], [-88.297, 30.2447], [-88.2048, 30.2578], [-88.1496, 30.2578], [-88.1346, 30.26], [-88.109, 30.2761], [-88.0711, 30.2578], [-88.0711, 30.2504], [-88.091, 30.2447]]], [[[-86.5218, 30.4013], [-86.5301, 30.3969], [-86.5403, 30.3954], [-86.5514, 30.3968], [-86.5628, 30.4013], [-87.2412, 30.3261], [-87.2965, 30.3323], [-87.2782, 30.3381], [-87.1971, 30.3398], [-87.0812, 30.3566], [-87.0228, 30.3746], [-86.9517, 30.3739], [-86.8907, 30.3931], [-86.8753, 30.395], [-86.8314, 30.3936], [-86.724, 30.4062], [-86.7006, 30.4149], [-86.6938, 30.4081], [-86.6592, 30.4158], [-86.5218, 30.4013]]], [[[-81.4816, 30.8489], [-81.4924, 30.8742], [-81.4822, 30.9044], [-81.4327, 30.9388], [-81.4241, 30.9704], [-81.4173, 30.9704], [-81.4171, 30.9499], [-81.4194, 30.9253], [-81.4283, 30.8926], [-81.432, 30.8631], [-81.4416, 30.8274], [-81.457, 30.7998], [-81.4571, 30.7846], [-81.4508, 30.7545], [-81.4542, 30.7348], [-81.4617, 30.7258], [-81.4691, 30.7293], [-81.4787, 30.806], [-81.478, 30.8317], [-81.4816, 30.8489]]], [[[-118.3636, 32.8168], [-118.3842, 32.8244], [-118.4015, 32.82], [-118.4042, 32.8124], [-118.425, 32.8024], [-118.429, 32.8029], [-118.4384, 32.8169], [-118.4499, 32.8188], [-118.4743, 32.8381], [-118.4991, 32.8506], [-118.5068, 32.8652], [-118.5086, 32.8765], [-118.5202, 32.8855], [-118.5312, 32.9034], [-118.5376, 32.9058], [-118.5469, 32.9188], [-118.5482, 32.9372], [-118.5517, 32.9454], [-118.5755, 32.969], [-118.5799, 32.9878], [-118.5868, 33.0033], [-118.5938, 33.0139], [-118.6082, 33.0144], [-118.6072, 33.0309], [-118.5957, 33.0353], [-118.5899, 33.03], [-118.5772, 33.0325], [-118.5644, 33.0238], [-118.5655, 33.0184], [-118.5602, 33.0063], [-118.5498, 33.0016], [-118.545, 32.9856], [-118.516, 32.9582], [-118.5044, 32.9413], [-118.4836, 32.9216], [-118.4667, 32.9148], [-118.4507, 32.8976], [-118.4071, 32.8643], [-118.382, 32.8477], [-118.3588, 32.8278], [-118.3509, 32.8187], [-118.3636, 32.8168]]], [[[-79.361, 33.0057], [-79.3684, 33.0057], [-79.3681, 33.0249], [-79.3631, 33.043], [-79.3531, 33.0576], [-79.3378, 33.0661], [-79.3351, 33.0632], [-79.3404, 33.0602], [-79.3416, 33.0452], [-79.361, 33.0057]]], [[[-119.4622, 33.2565], [-119.4434, 33.2422], [-119.4345, 33.2313], [-119.4343, 33.224], [-119.4392, 33.2198], [-119.4468, 33.2193], [-119.4566, 33.216], [-119.4729, 33.2153], [-119.491, 33.2188], [-119.4954, 33.2173], [-119.5025, 33.2209], [-119.5151, 33.2221], [-119.5234, 33.2279], [-119.5442, 33.2313], [-119.5669, 33.2475], [-119.567, 33.2525], [-119.5742, 33.2588], [-119.5727, 33.2648], [-119.5789, 33.2761], [-119.5779, 33.2793], [-119.5624, 33.2717], [-119.5506, 33.2801], [-119.5429, 33.2802], [-119.5321, 33.2863], [-119.5133, 33.2765], [-119.4978, 33.2661], [-119.4886, 33.2672], [-119.4825, 33.2636], [-119.4622, 33.2565]]], [[[-118.5351, 33.4293], [-118.543, 33.4329], [-118.5592, 33.4329], [-118.5667, 33.4369], [-118.5729, 33.4379], [-118.5741, 33.4466], [-118.5844, 33.4529], [-118.5959, 33.4667], [-118.6021, 33.4715], [-118.6039, 33.4766], [-118.578, 33.4764], [-118.5634, 33.4734], [-118.5359, 33.4773], [-118.5301, 33.47], [-118.5244, 33.4667], [-118.5177, 33.4598], [-118.4997, 33.4518], [-118.4988, 33.4427], [-118.4931, 33.4416], [-118.4856, 33.4449], [-118.4843, 33.4471], [-118.4769, 33.4474], [-118.4725, 33.442], [-118.4681, 33.4424], [-118.4448, 33.4286], [-118.4373, 33.4294], [-118.4339, 33.4272], [-118.4211, 33.4279], [-118.3944, 33.416], [-118.3891, 33.4175], [-118.3826, 33.4105], [-118.374, 33.4102], [-118.3692, 33.4084], [-118.3669, 33.3989], [-118.3696, 33.3949], [-118.3683, 33.389], [-118.3634, 33.3883], [-118.3551, 33.3773], [-118.3436, 33.3668], [-118.3318, 33.3591], [-118.3265, 33.3489], [-118.3263, 33.3446], [-118.3228, 33.3431], [-118.3173, 33.3434], [-118.3087, 33.3364], [-118.3043, 33.3193], [-118.3079, 33.3187], [-118.3106, 33.3142], [-118.3043, 33.309], [-118.3121, 33.3055], [-118.3147, 33.3016], [-118.326, 33.2986], [-118.346, 33.3052], [-118.3549, 33.3129], [-118.3748, 33.3195], [-118.4105, 33.3204], [-118.4227, 33.3166], [-118.4438, 33.3188], [-118.4636, 33.3235], [-118.4842, 33.3461], [-118.4896, 33.3585], [-118.4844, 33.3684], [-118.4862, 33.3724], [-118.4801, 33.3801], [-118.4749, 33.3824], [-118.4793, 33.3868], [-118.4872, 33.4028], [-118.4845, 33.4054], [-118.4871, 33.4083], [-118.4863, 33.416], [-118.4907, 33.4196], [-118.5039, 33.4232], [-118.5157, 33.423], [-118.5208, 33.4275], [-118.5351, 33.4293]]], [[[-77.942, 33.9168], [-77.9624, 33.8569], [-77.97, 33.848], [-77.9813, 33.8538], [-77.9977, 33.859], [-78.0123, 33.8656], [-78.0178, 33.8759], [-78.0101, 33.892], [-77.9952, 33.8993], [-77.9797, 33.8982], [-77.97, 33.8896], [-77.9633, 33.8945], [-77.942, 33.9168]]], [[[-120.0499, 34.0156], [-120.047, 34.0038], [-120.034, 33.9896], [-120.0083, 33.979], [-119.9804, 33.9835], [-119.9788, 33.9594], [-119.9707, 33.9529], [-119.9688, 33.9411], [-119.9996, 33.9415], [-120.0189, 33.9342], [-120.0497, 33.9148], [-120.0713, 33.9118], [-120.0806, 33.9064], [-120.1013, 33.9069], [-120.109, 33.8997], [-120.1099, 33.8931], [-120.1242, 33.8951], [-120.1334, 33.9028], [-120.1756, 33.9222], [-120.1894, 33.9448], [-120.1981, 33.9521], [-120.2102, 33.9725], [-120.2194, 33.9767], [-120.2255, 33.9885], [-120.2372, 33.9917], [-120.2485, 34.0011], [-120.2366, 34.0088], [-120.2176, 34.0105], [-120.2011, 34.0047], [-120.1858, 34.0089], [-120.171, 34.0074], [-120.1455, 34.0245], [-120.1361, 34.0247], [-120.0967, 34.0179], [-120.0725, 34.0249], [-120.0579, 34.0378], [-120.0441, 34.0373], [-120.0423, 34.0281], [-120.0499, 34.0156]]], [[[-120.3303, 34.0472], [-120.3113, 34.0345], [-120.3066, 34.0264], [-120.3083, 34.0182], [-120.3512, 34.019], [-120.3604, 34.0148], [-120.3738, 34.0178], [-120.3824, 34.0241], [-120.3928, 34.026], [-120.4062, 34.0314], [-120.4152, 34.0325], [-120.4238, 34.0249], [-120.4382, 34.0296], [-120.4461, 34.0302], [-120.4492, 34.0359], [-120.438, 34.0385], [-120.4153, 34.0545], [-120.4034, 34.0515], [-120.394, 34.0533], [-120.38, 34.0609], [-120.369, 34.0713], [-120.3691, 34.0762], [-120.3622, 34.0717], [-120.359, 34.065], [-120.3563, 34.0585], [-120.3607, 34.0531], [-120.356, 34.0471], [-120.3446, 34.0465], [-120.3358, 34.0487], [-120.3303, 34.0472]]], [[[-119.5478, 34.0038], [-119.5595, 33.9943], [-119.5803, 33.9936], [-119.5895, 33.989], [-119.6577, 33.9861], [-119.667, 33.9831], [-119.6733, 33.9781], [-119.6821, 33.9763], [-119.6849, 33.9739], [-119.7002, 33.9687], [-119.7065, 33.9687], [-119.7127, 33.9617], [-119.7195, 33.9591], [-119.7422, 33.9624], [-119.7535, 33.9623], [-119.7592, 33.9573], [-119.772, 33.9596], [-119.7883, 33.9598], [-119.8016, 33.9632], [-119.8172, 33.9593], [-119.8252, 33.9665], [-119.8405, 33.9696], [-119.8508, 33.9674], [-119.8667, 33.9789], [-119.8741, 33.98], [-119.8813, 33.9913], [-119.8871, 34.0088], [-119.8771, 34.0244], [-119.8772, 34.0325], [-119.8863, 34.0381], [-119.8992, 34.0496], [-119.9191, 34.0575], [-119.9215, 34.0547], [-119.9285, 34.0558], [-119.933, 34.0602], [-119.9243, 34.0669], [-119.9172, 34.0788], [-119.9046, 34.0743], [-119.887, 34.0743], [-119.8564, 34.0706], [-119.8352, 34.0636], [-119.8244, 34.0551], [-119.807, 34.0519], [-119.7877, 34.0562], [-119.7593, 34.0558], [-119.7528, 34.0523], [-119.7443, 34.0522], [-119.737, 34.0464], [-119.7321, 34.0486], [-119.7118, 34.0423], [-119.7038, 34.0346], [-119.6924, 34.0282], [-119.6854, 34.0199], [-119.677, 34.0208], [-119.6666, 34.0168], [-119.6544, 34.0191], [-119.6332, 34.0136], [-119.6156, 34.0195], [-119.6079, 34.0295], [-119.6101, 34.0396], [-119.5886, 34.0497], [-119.5754, 34.0507], [-119.5649, 34.0553], [-119.5325, 34.0414], [-119.5215, 34.0343], [-119.5294, 34.0252], [-119.5427, 34.0202], [-119.5478, 34.0038]]], [[[-77.8566, 34.1426], [-77.8442, 34.1667], [-77.8192, 34.1775], [-77.8187, 34.1727], [-77.826, 34.1706], [-77.8459, 34.1238], [-77.8602, 34.1004], [-77.8744, 34.0881], [-77.864, 34.1137], [-77.8566, 34.1426]]], [[[-77.3741, 34.5231], [-77.353, 34.5276], [-77.3525, 34.5223], [-77.3605, 34.5201], [-77.3863, 34.5017], [-77.4678, 34.4654], [-77.5007, 34.4587], [-77.5146, 34.4538], [-77.6178, 34.3776], [-77.6342, 34.3625], [-77.6147, 34.3955], [-77.5787, 34.4254], [-77.4498, 34.4957], [-77.4137, 34.504], [-77.3741, 34.5231]]], [[[-76.5421, 34.6529], [-76.5377, 34.6422], [-76.5517, 34.6369], [-76.5927, 34.6635], [-76.6432, 34.6784], [-76.6548, 34.6846], [-76.6548, 34.6915], [-76.6343, 34.6915], [-76.5653, 34.671], [-76.5548, 34.6642], [-76.5421, 34.6529]]], [[[-76.6815, 34.7051], [-76.6815, 34.6982], [-76.8019, 34.7051], [-76.8275, 34.7029], [-77.0998, 34.6498], [-77.0824, 34.6655], [-77.0544, 34.6749], [-76.8975, 34.6982], [-76.7336, 34.7176], [-76.6815, 34.7051]]], [[[-76.234, 34.9317], [-76.216, 34.9403], [-76.2023, 34.9447], [-76.2228, 34.9174], [-76.2497, 34.9032], [-76.2999, 34.8586], [-76.3221, 34.8491], [-76.3404, 34.8384], [-76.396, 34.7876], [-76.5196, 34.6158], [-76.5306, 34.5891], [-76.5392, 34.6082], [-76.5251, 34.6378], [-76.4078, 34.7944], [-76.3047, 34.8832], [-76.2623, 34.9067], [-76.2495, 34.9219], [-76.234, 34.9317]]], [[[-76.0597, 35.0715], [-76.0372, 35.0613], [-76.0406, 35.0577], [-76.0514, 35.0546], [-76.1256, 35.0115], [-76.1409, 34.9925], [-76.147, 34.9925], [-76.1373, 35.0034], [-76.1064, 35.0303], [-76.0965, 35.0496], [-76.0815, 35.0622], [-76.0781, 35.0716], [-76.0725, 35.0748], [-76.0597, 35.0715]]], [[[-75.9398, 35.1269], [-75.8863, 35.157], [-75.7989, 35.1842], [-75.7703, 35.1979], [-75.7821, 35.1859], [-75.7982, 35.178], [-75.8174, 35.1629], [-75.9081, 35.1365], [-76.0173, 35.075], [-76.006, 35.0852], [-75.9988, 35.0971], [-75.99, 35.1234], [-75.967, 35.1177], [-75.9398, 35.1269]]], [[[-75.4549, 35.6231], [-75.4518, 35.5825], [-75.4706, 35.5048], [-75.4908, 35.3364], [-75.5156, 35.2602], [-75.5254, 35.244], [-75.5438, 35.2333], [-75.5537, 35.232], [-75.5853, 35.2333], [-75.6232, 35.2191], [-75.6444, 35.2158], [-75.6822, 35.2012], [-75.704, 35.196], [-75.7175, 35.1869], [-75.7256, 35.1849], [-75.7357, 35.1877], [-75.7334, 35.194], [-75.7247, 35.2009], [-75.7157, 35.2054], [-75.706, 35.2062], [-75.7016, 35.21], [-75.693, 35.222], [-75.6903, 35.2314], [-75.685, 35.2333], [-75.682, 35.2315], [-75.6798, 35.2252], [-75.6754, 35.2258], [-75.6126, 35.2526], [-75.5431, 35.2731], [-75.5163, 35.291], [-75.5171, 35.3215], [-75.5109, 35.3337], [-75.4988, 35.3829], [-75.4944, 35.4205], [-75.4845, 35.4567], [-75.4822, 35.4791], [-75.4888, 35.5092], [-75.4891, 35.5207], [-75.4853, 35.5321], [-75.4717, 35.5543], [-75.4686, 35.5651], [-75.4693, 35.5888], [-75.4758, 35.6301], [-75.501, 35.7033], [-75.5028, 35.7227], [-75.52, 35.7567], [-75.5261, 35.7757], [-75.5171, 35.7807], [-75.4995, 35.7675], [-75.4867, 35.7438], [-75.4787, 35.7172], [-75.4735, 35.6749], [-75.4549, 35.6231]]], [[[-75.7278, 35.9346], [-75.7299, 35.9394], [-75.7218, 35.9453], [-75.713, 35.947], [-75.7038, 35.9457], [-75.6952, 35.9425], [-75.6741, 35.9333], [-75.661, 35.9248], [-75.6593, 35.9154], [-75.647, 35.8992], [-75.6126, 35.8633], [-75.6219, 35.8449], [-75.6221, 35.8347], [-75.6254, 35.8301], [-75.644, 35.8292], [-75.6593, 35.836], [-75.6662, 35.8523], [-75.6706, 35.8713], [-75.6785, 35.8869], [-75.7078, 35.9134], [-75.7157, 35.9248], [-75.7278, 35.9346]]], [[[-75.685, 37.4149], [-75.7192, 37.3683], [-75.7246, 37.3739], [-75.6843, 37.4367], [-75.6765, 37.4551], [-75.6703, 37.4628], [-75.6561, 37.4615], [-75.6604, 37.4432], [-75.685, 37.4149]]], [[[-75.5998, 37.5751], [-75.6022, 37.5624], [-75.6425, 37.5114], [-75.6596, 37.483], [-75.6706, 37.4771], [-75.6744, 37.4858], [-75.6439, 37.5348], [-75.6342, 37.5584], [-75.6134, 37.578], [-75.5998, 37.5751]]], [[[-75.9813, 37.9928], [-75.9898, 37.9732], [-75.9957, 37.9451], [-76.005, 37.9505], [-76.0102, 37.9607], [-76.0214, 37.9611], [-76.0169, 37.9504], [-76.0198, 37.9376], [-76.0172, 37.9288], [-76.0228, 37.9283], [-76.0264, 37.9135], [-76.0295, 37.915], [-76.0315, 37.9297], [-76.0275, 37.9508], [-76.0331, 37.9547], [-76.0368, 37.9507], [-76.0436, 37.9492], [-76.0453, 37.9801], [-76.0514, 37.9941], [-76.0461, 37.9994], [-76.0306, 37.9998], [-76.0136, 37.9916], [-76.003, 38.001], [-76.0135, 38.0105], [-76.0395, 38.0211], [-76.0403, 38.0292], [-76.0174, 38.0387], [-76.0105, 38.0358], [-76.0054, 38.0265], [-75.9872, 38.0188], [-75.9813, 37.9928]]], [[[-76.0836, 38.1607], [-76.079, 38.1828], [-76.0645, 38.1945], [-76.0486, 38.2004], [-76.0238, 38.1785], [-76.0298, 38.1659], [-76.0259, 38.1534], [-76.0332, 38.1486], [-76.0628, 38.1589], [-76.0836, 38.1607]]], [[[-75.0987, 38.3026], [-75.0924, 38.3026], [-75.1027, 38.2731], [-75.1387, 38.2188], [-75.1712, 38.1483], [-75.1897, 38.0898], [-75.2289, 38.0475], [-75.3136, 37.9191], [-75.326, 37.8923], [-75.3421, 37.8757], [-75.3523, 37.8676], [-75.3654, 37.8629], [-75.3785, 37.8558], [-75.3929, 37.8647], [-75.4001, 37.8741], [-75.3888, 37.8784], [-75.369, 37.8695], [-75.3583, 37.8742], [-75.35, 37.8893], [-75.3745, 37.8978], [-75.368, 37.9091], [-75.3391, 37.9162], [-75.3305, 37.9224], [-75.3253, 37.9327], [-75.3183, 37.9404], [-75.3048, 37.9736], [-75.2976, 37.9849], [-75.2786, 38.0076], [-75.2545, 38.0309], [-75.2296, 38.0699], [-75.1998, 38.1038], [-75.1949, 38.114], [-75.1903, 38.1427], [-75.1793, 38.1682], [-75.1533, 38.207], [-75.1144, 38.2802], [-75.0987, 38.3026]]], [[[-74.3516, 39.4702], [-74.3021, 39.4647], [-74.3049, 39.4598], [-74.3179, 39.454], [-74.3309, 39.4261], [-74.3592, 39.4016], [-74.3934, 39.3891], [-74.4255, 39.3937], [-74.4481, 39.4199], [-74.4309, 39.4254], [-74.4217, 39.4169], [-74.4136, 39.4048], [-74.3998, 39.3994], [-74.3866, 39.4065], [-74.3717, 39.4366], [-74.3588, 39.4472], [-74.3675, 39.465], [-74.3516, 39.4702]]], [[[-74.1095, 39.7489], [-74.0981, 39.7557], [-74.1058, 39.7292], [-74.1297, 39.7013], [-74.1479, 39.6659], [-74.1843, 39.6156], [-74.2564, 39.5222], [-74.2545, 39.5346], [-74.2546, 39.5474], [-74.2401, 39.5754], [-74.16, 39.6855], [-74.1329, 39.7147], [-74.1183, 39.738], [-74.1095, 39.7489]]], [[[-73.3895, 40.6168], [-73.5741, 40.5751], [-73.5664, 40.5903], [-73.3394, 40.6446], [-73.2695, 40.6493], [-73.2484, 40.6477], [-73.2561, 40.6391], [-73.3203, 40.6351], [-73.3895, 40.6168]]], [[[-74.0835, 40.6495], [-74.0767, 40.6487], [-74.0731, 40.6444], [-74.0714, 40.638], [-74.0746, 40.634], [-74.0719, 40.6233], [-74.0615, 40.6146], [-74.0536, 40.6027], [-74.1021, 40.5546], [-74.1339, 40.5327], [-74.1397, 40.5346], [-74.148, 40.5346], [-74.1799, 40.5199], [-74.1924, 40.5115], [-74.2091, 40.5095], [-74.2284, 40.5023], [-74.243, 40.4994], [-74.2508, 40.5014], [-74.2529, 40.5074], [-74.2483, 40.5129], [-74.2394, 40.5169], [-74.2389, 40.5273], [-74.2416, 40.5392], [-74.2328, 40.5479], [-74.2187, 40.5531], [-74.2072, 40.5603], [-74.2015, 40.5699], [-74.1979, 40.585], [-74.1918, 40.6283], [-74.1824, 40.6374], [-74.1709, 40.6434], [-74.1536, 40.6375], [-74.1261, 40.6335], [-74.1103, 40.6378], [-74.0835, 40.6495]]], [[[-72.7792, 40.7668], [-72.7571, 40.7688], [-72.7572, 40.7601], [-72.8049, 40.7508], [-72.9135, 40.7129], [-73.041, 40.6726], [-73.1475, 40.6443], [-73.2458, 40.6238], [-73.2975, 40.6226], [-73.305, 40.6299], [-73.2553, 40.6297], [-73.1766, 40.651], [-73.0403, 40.682], [-73.0139, 40.6905], [-72.9489, 40.7154], [-72.8324, 40.7477], [-72.7792, 40.7668]]], [[[-71.9033, 41.0847], [-71.8574, 41.0717], [-71.8649, 41.0621], [-71.885, 41.0454], [-71.9295, 41.0378], [-72.0089, 41.0074], [-72.0871, 40.9834], [-72.4067, 40.8621], [-72.4608, 40.8526], [-72.4484, 40.8682], [-72.4474, 40.8791], [-72.4591, 40.8854], [-72.4847, 40.8874], [-72.4966, 40.8841], [-72.5006, 40.876], [-72.4984, 40.8658], [-72.4915, 40.856], [-72.4908, 40.8469], [-72.5023, 40.8391], [-72.5418, 40.8205], [-72.6053, 40.8013], [-72.724, 40.7704], [-72.732, 40.77], [-72.7379, 40.7738], [-72.7317, 40.7776], [-72.6505, 40.7975], [-72.6636, 40.8008], [-72.7003, 40.7996], [-72.727, 40.8078], [-72.7652, 40.7831], [-72.8019, 40.7827], [-72.828, 40.7897], [-72.8136, 40.7816], [-72.8179, 40.7684], [-72.8528, 40.7494], [-72.8791, 40.7457], [-72.8893, 40.7656], [-72.9104, 40.7583], [-72.9263, 40.7564], [-72.9468, 40.7419], [-73.0122, 40.7496], [-73.0226, 40.7476], [-73.0334, 40.7314], [-73.0833, 40.7247], [-73.0991, 40.7204], [-73.1147, 40.728], [-73.1294, 40.7301], [-73.1404, 40.7262], [-73.1454, 40.7052], [-73.158, 40.6997], [-73.1795, 40.7047], [-73.2119, 40.7056], [-73.2333, 40.7145], [-73.247, 40.707], [-73.275, 40.6869], [-73.3175, 40.6836], [-73.3722, 40.6624], [-73.5045, 40.6438], [-73.5611, 40.638], [-73.6272, 40.6144], [-73.6434, 40.6049], [-73.6529, 40.6014], [-73.6644, 40.6038], [-73.656, 40.6089], [-73.6554, 40.618], [-73.6679, 40.626], [-73.6958, 40.6215], [-73.7109, 40.6102], [-73.7104, 40.5951], [-73.5755, 40.5932], [-73.5818, 40.5845], [-73.7073, 40.5828], [-73.7523, 40.5857], [-73.768, 40.5896], [-73.8126, 40.5837], [-73.8971, 40.5547], [-73.9395, 40.542], [-73.9395, 40.5555], [-73.8505, 40.5809], [-73.7898, 40.6003], [-73.7762, 40.6106], [-73.7688, 40.6185], [-73.7714, 40.6233], [-73.7981, 40.6381], [-73.8154, 40.6456], [-73.8296, 40.6488], [-73.8688, 40.6401], [-73.8772, 40.6361], [-73.8913, 40.6236], [-73.8929, 40.6143], [-73.8835, 40.6004], [-73.8778, 40.5821], [-73.8919, 40.5769], [-73.8976, 40.5833], [-73.9264, 40.5837], [-73.9322, 40.5777], [-73.9416, 40.5746], [-73.9881, 40.5694], [-74.0038, 40.5706], [-74.0117, 40.5793], [-74.0007, 40.5833], [-73.9981, 40.5896], [-74.0049, 40.5972], [-74.03, 40.6055], [-74.04, 40.6198], [-74.0358, 40.6389], [-74.0238, 40.6492], [-74.0128, 40.6647], [-74.0155, 40.6778], [-74.0019, 40.6901], [-73.9977, 40.6961], [-73.9693, 40.7087], [-73.9594, 40.7247], [-73.9568, 40.7432], [-73.9302, 40.7731], [-73.9086, 40.7887], [-73.8871, 40.7799], [-73.8703, 40.7823], [-73.8609, 40.7764], [-73.8231, 40.7974], [-73.779, 40.7922], [-73.7575, 40.7711], [-73.7501, 40.7913], [-73.7643, 40.81], [-73.7555, 40.8328], [-73.7398, 40.8343], [-73.7294, 40.8241], [-73.7218, 40.8112], [-73.7146, 40.8048], [-73.703, 40.8102], [-73.6969, 40.8219], [-73.7004, 40.8336], [-73.7331, 40.8437], [-73.7313, 40.8544], [-73.7202, 40.8662], [-73.7053, 40.8667], [-73.6744, 40.8568], [-73.6655, 40.8385], [-73.6533, 40.8239], [-73.6461, 40.8309], [-73.6534, 40.8678], [-73.6327, 40.8996], [-73.5653, 40.9145], [-73.5205, 40.9176], [-73.5127, 40.9051], [-73.5153, 40.9004], [-73.5286, 40.8917], [-73.5407, 40.8953], [-73.5491, 40.891], [-73.535, 40.8786], [-73.5113, 40.8773], [-73.5076, 40.8936], [-73.4934, 40.892], [-73.4929, 40.8816], [-73.4798, 40.8772], [-73.4724, 40.8824], [-73.4755, 40.8907], [-73.4681, 40.8936], [-73.4691, 40.9013], [-73.4941, 40.9271], [-73.4857, 40.9456], [-73.4621, 40.9364], [-73.4313, 40.9333], [-73.4408, 40.9147], [-73.4203, 40.9004], [-73.3887, 40.906], [-73.3709, 40.9001], [-73.3583, 40.9004], [-73.3547, 40.9141], [-73.3606, 40.9251], [-73.3996, 40.9254], [-73.41, 40.9399], [-73.4078, 40.9472], [-73.4019, 40.9544], [-73.3952, 40.9544], [-73.3798, 40.947], [-73.3741, 40.9361], [-73.351, 40.9309], [-73.3259, 40.9293], [-73.2932, 40.9247], [-73.2634, 40.9136], [-73.2353, 40.9078], [-73.2246, 40.9083], [-73.1787, 40.919], [-73.1595, 40.9302], [-73.1481, 40.9456], [-73.1528, 40.9625], [-73.1354, 40.9685], [-73.1131, 40.9735], [-73.0987, 40.9695], [-73.1044, 40.9488], [-73.0913, 40.9484], [-73.0821, 40.9516], [-73.0792, 40.9586], [-73.0846, 40.9693], [-73.0762, 40.9719], [-73.0484, 40.963], [-73.009, 40.9671], [-72.9004, 40.9633], [-72.8301, 40.9692], [-72.7811, 40.9651], [-72.6961, 40.981], [-72.6283, 40.9836], [-72.6061, 40.9899], [-72.5413, 41.0238], [-72.4717, 41.056], [-72.4539, 41.0744], [-72.4452, 41.0858], [-72.4129, 41.0898], [-72.383, 41.1089], [-72.3587, 41.1311], [-72.3434, 41.1407], [-72.2895, 41.1612], [-72.2755, 41.1626], [-72.26, 41.1608], [-72.2472, 41.1557], [-72.2417, 41.1468], [-72.2469, 41.1354], [-72.2602, 41.125], [-72.2762, 41.1171], [-72.2895, 41.1133], [-72.3044, 41.1319], [-72.3436, 41.1142], [-72.4123, 41.0649], [-72.4153, 41.0544], [-72.4, 41.0513], [-72.3851, 41.0445], [-72.3905, 41.0315], [-72.4121, 41.0341], [-72.4311, 41.0304], [-72.4374, 41.0257], [-72.4388, 41.016], [-72.4335, 40.9932], [-72.4377, 40.9842], [-72.4467, 40.9914], [-72.4549, 41.0037], [-72.4665, 41.0038], [-72.4725, 40.9904], [-72.4949, 40.9898], [-72.5105, 40.9849], [-72.5207, 40.9852], [-72.5436, 40.9666], [-72.5431, 40.9566], [-72.58, 40.9329], [-72.6159, 40.9277], [-72.6246, 40.9078], [-72.6029, 40.9084], [-72.593, 40.9058], [-72.5843, 40.9004], [-72.5636, 40.9124], [-72.5439, 40.9101], [-72.5238, 40.903], [-72.5014, 40.8974], [-72.4808, 40.8979], [-72.4571, 40.9103], [-72.4499, 40.9198], [-72.4437, 40.9317], [-72.441, 40.943], [-72.4293, 40.9469], [-72.4082, 40.9506], [-72.3861, 40.9718], [-72.3672, 40.9946], [-72.3421, 40.9998], [-72.3265, 40.9992], [-72.3211, 41.0059], [-72.3321, 41.0307], [-72.3215, 41.0358], [-72.3067, 41.0355], [-72.3013, 41.0203], [-72.2985, 41.006], [-72.2701, 41.0024], [-72.2634, 41.0155], [-72.2486, 41.0176], [-72.2425, 41.0291], [-72.2402, 41.0378], [-72.2337, 41.0441], [-72.2138, 41.0398], [-72.1868, 41.0092], [-72.18, 41.0471], [-72.1669, 41.0566], [-72.1554, 41.055], [-72.1229, 41.0174], [-72.1182, 41.0069], [-72.109, 41.0014], [-72.088, 41.0048], [-72.0499, 41.0177], [-72.0117, 41.0421], [-71.9927, 41.0496], [-71.9757, 41.0434], [-71.9588, 41.0463], [-71.9581, 41.0697], [-71.9453, 41.0735], [-71.9334, 41.0649], [-71.9189, 41.0587], [-71.9189, 41.0649], [-71.9309, 41.0788], [-71.9033, 41.0847]]], [[[-71.5599, 41.1837], [-71.5519, 41.1757], [-71.5445, 41.1629], [-71.5491, 41.152], [-71.5995, 41.1458], [-71.6137, 41.1552], [-71.6127, 41.1675], [-71.608, 41.1806], [-71.5975, 41.1877], [-71.5912, 41.1973], [-71.5827, 41.204], [-71.5792, 41.2256], [-71.5726, 41.2288], [-71.5535, 41.2146], [-71.5595, 41.201], [-71.5662, 41.1938], [-71.5599, 41.1837]]], [[[-72.0388, 41.2494], [-72.0366, 41.2609], [-72.0262, 41.2669], [-72.0221, 41.2769], [-72.0113, 41.2762], [-72.0034, 41.267], [-71.9981, 41.2741], [-71.994, 41.2831], [-71.9539, 41.2867], [-71.9398, 41.2922], [-71.9207, 41.2914], [-71.928, 41.282], [-71.9466, 41.2766], [-71.9702, 41.2736], [-71.9987, 41.2517], [-72.0228, 41.2535], [-72.0388, 41.2494]]], [[[-70.0397, 41.3944], [-70.0289, 41.3861], [-70.0053, 41.3427], [-69.975, 41.3022], [-69.9578, 41.2757], [-69.9671, 41.2495], [-70.0011, 41.2393], [-70.043, 41.2433], [-70.0976, 41.2418], [-70.1377, 41.2472], [-70.2563, 41.2928], [-70.2781, 41.3079], [-70.2724, 41.3113], [-70.2563, 41.3092], [-70.2408, 41.3009], [-70.2173, 41.2974], [-70.1611, 41.293], [-70.1243, 41.2959], [-70.1068, 41.2952], [-70.0978, 41.2904], [-70.0897, 41.29], [-70.0819, 41.2925], [-70.0714, 41.3016], [-70.046, 41.3076], [-70.0314, 41.3175], [-70.0201, 41.3308], [-70.014, 41.3446], [-70.0323, 41.3395], [-70.0603, 41.3166], [-70.0761, 41.3111], [-70.0443, 41.351], [-70.0372, 41.3729], [-70.0541, 41.3927], [-70.0524, 41.3966], [-70.0397, 41.3944]]], [[[-70.4707, 41.4203], [-70.4557, 41.4296], [-70.446, 41.4135], [-70.4449, 41.382], [-70.4467, 41.3674], [-70.4529, 41.3589], [-70.4655, 41.3603], [-70.4813, 41.3696], [-70.4948, 41.3823], [-70.5006, 41.3936], [-70.4869, 41.4027], [-70.4707, 41.4203]]], [[[-70.5493, 41.4145], [-70.5174, 41.4135], [-70.5074, 41.3626], [-70.525, 41.3591], [-70.666, 41.357], [-70.6963, 41.3515], [-70.7239, 41.3427], [-70.7477, 41.331], [-70.7759, 41.3044], [-70.7864, 41.3041], [-70.8047, 41.3126], [-70.815, 41.3207], [-70.8341, 41.3399], [-70.8462, 41.3467], [-70.8462, 41.3541], [-70.782, 41.3542], [-70.7545, 41.3725], [-70.7422, 41.3848], [-70.7153, 41.4204], [-70.7026, 41.4278], [-70.6896, 41.4331], [-70.6599, 41.4565], [-70.6051, 41.474], [-70.593, 41.4717], [-70.6037, 41.4482], [-70.5888, 41.4542], [-70.5795, 41.4659], [-70.5704, 41.4739], [-70.5559, 41.4687], [-70.5458, 41.4539], [-70.5463, 41.4443], [-70.5565, 41.4365], [-70.5764, 41.4278], [-70.5633, 41.4187], [-70.5493, 41.4145]]], [[[-71.3604, 41.5146], [-71.3656, 41.4953], [-71.3714, 41.4824], [-71.3841, 41.4695], [-71.3926, 41.4633], [-71.3988, 41.4619], [-71.401, 41.4685], [-71.3952, 41.4909], [-71.3988, 41.5029], [-71.3922, 41.5059], [-71.3844, 41.5172], [-71.3953, 41.5264], [-71.3927, 41.5427], [-71.3777, 41.5779], [-71.3684, 41.5762], [-71.3624, 41.5725], [-71.3591, 41.5664], [-71.3573, 41.5366], [-71.3604, 41.5146]]], [[[-69.9613, 41.647], [-69.9594, 41.6326], [-69.9762, 41.6123], [-70.0021, 41.5538], [-70.0215, 41.5507], [-69.981, 41.6277], [-69.973, 41.6537], [-69.9651, 41.6514], [-69.9613, 41.647]]], [[[-71.2736, 41.621], [-71.2678, 41.6326], [-71.2578, 41.6407], [-71.2327, 41.6528], [-71.2206, 41.6605], [-71.2206, 41.64], [-71.2326, 41.6059], [-71.2336, 41.5308], [-71.238, 41.5003], [-71.2336, 41.4892], [-71.2648, 41.4961], [-71.286, 41.482], [-71.3032, 41.4664], [-71.3231, 41.4687], [-71.335, 41.4591], [-71.3462, 41.4547], [-71.3546, 41.4583], [-71.3578, 41.4725], [-71.3513, 41.4779], [-71.32, 41.4885], [-71.3088, 41.4954], [-71.3214, 41.5085], [-71.3256, 41.52], [-71.3223, 41.5304], [-71.3092, 41.5461], [-71.3088, 41.5678], [-71.3058, 41.5717], [-71.2855, 41.5817], [-71.2794, 41.5931], [-71.2736, 41.621]]], [[[-123.9639, 46.4801], [-123.9482, 46.4642], [-123.9455, 46.4176], [-123.9641, 46.4068], [-123.9747, 46.4402], [-123.9978, 46.4534], [-123.991, 46.4732], [-123.9903, 46.4883], [-123.9811, 46.4975], [-123.974, 46.4929], [-123.9712, 46.4848], [-123.9639, 46.4801]]], [[[-122.4062, 47.4003], [-122.3874, 47.394], [-122.3668, 47.3835], [-122.3743, 47.3832], [-122.4178, 47.3708], [-122.4495, 47.3477], [-122.4692, 47.3364], [-122.4747, 47.3496], [-122.4738, 47.3629], [-122.4664, 47.3732], [-122.4522, 47.3773], [-122.4422, 47.3825], [-122.4398, 47.3928], [-122.4464, 47.4006], [-122.463, 47.3978], [-122.4556, 47.391], [-122.4854, 47.3798], [-122.4897, 47.3739], [-122.4902, 47.3538], [-122.4922, 47.3442], [-122.4966, 47.3364], [-122.5034, 47.3315], [-122.5105, 47.3321], [-122.5183, 47.3373], [-122.5273, 47.3463], [-122.5315, 47.3569], [-122.5276, 47.3664], [-122.5177, 47.3804], [-122.5102, 47.4558], [-122.504, 47.4675], [-122.489, 47.4827], [-122.471, 47.4958], [-122.4556, 47.5009], [-122.4621, 47.4868], [-122.4576, 47.4802], [-122.4486, 47.4754], [-122.4413, 47.4667], [-122.4391, 47.4562], [-122.4381, 47.4359], [-122.4351, 47.4257], [-122.4224, 47.4088], [-122.4062, 47.4003]]], [[[-122.4933, 47.5942], [-122.4886, 47.5896], [-122.4804, 47.5869], [-122.4886, 47.5814], [-122.4988, 47.5712], [-122.5209, 47.574], [-122.5423, 47.5955], [-122.5576, 47.5979], [-122.5705, 47.5961], [-122.5779, 47.6015], [-122.5696, 47.6181], [-122.5677, 47.6296], [-122.5746, 47.6379], [-122.5793, 47.6487], [-122.5805, 47.663], [-122.5789, 47.6694], [-122.5619, 47.6856], [-122.558, 47.6957], [-122.5589, 47.706], [-122.5578, 47.7138], [-122.5479, 47.717], [-122.5377, 47.7148], [-122.5265, 47.7093], [-122.5168, 47.7024], [-122.511, 47.6959], [-122.5058, 47.6633], [-122.4996, 47.6487], [-122.4899, 47.6413], [-122.5033, 47.63], [-122.511, 47.6276], [-122.5002, 47.6193], [-122.5006, 47.6117], [-122.4969, 47.6071], [-122.4933, 47.5942]]], [[[-122.7092, 48.1022], [-122.7012, 48.0976], [-122.6869, 48.0732], [-122.6771, 48.0487], [-122.6732, 48.0237], [-122.6815, 48.0073], [-122.7002, 48.0078], [-122.7176, 48.023], [-122.7308, 48.0424], [-122.7367, 48.0557], [-122.7409, 48.0744], [-122.7389, 48.0825], [-122.7293, 48.083], [-122.723, 48.0762], [-122.7203, 48.0548], [-122.7163, 48.0483], [-122.702, 48.0492], [-122.7016, 48.0644], [-122.712, 48.0836], [-122.7293, 48.0967], [-122.7189, 48.1022], [-122.7092, 48.1022]]], [[[-122.3468, 47.9506], [-122.3495, 47.946], [-122.3552, 47.942], [-122.3785, 47.9147], [-122.3819, 47.9078], [-122.3867, 47.9049], [-122.393, 47.9051], [-122.3958, 47.9165], [-122.4004, 47.9192], [-122.4223, 47.9123], [-122.4354, 47.9105], [-122.4413, 47.9155], [-122.4433, 47.9369], [-122.4497, 47.9595], [-122.4605, 47.9779], [-122.4761, 47.9869], [-122.4885, 47.9851], [-122.5071, 47.9709], [-122.5177, 47.9663], [-122.5303, 47.9674], [-122.5392, 47.9722], [-122.5481, 47.98], [-122.562, 47.9874], [-122.5802, 48.0049], [-122.5933, 48.0254], [-122.5922, 48.0421], [-122.6098, 48.0605], [-122.6149, 48.0749], [-122.6002, 48.1301], [-122.6072, 48.1538], [-122.623, 48.1633], [-122.6444, 48.1614], [-122.6684, 48.1506], [-122.6932, 48.1802], [-122.6998, 48.1848], [-122.7101, 48.1871], [-122.7235, 48.1927], [-122.7441, 48.2059], [-122.7557, 48.2296], [-122.7512, 48.2499], [-122.6684, 48.3629], [-122.6566, 48.3851], [-122.6308, 48.3847], [-122.6167, 48.3896], [-122.6055, 48.3984], [-122.5958, 48.4019], [-122.5865, 48.3908], [-122.5846, 48.3834], [-122.579, 48.3771], [-122.5777, 48.3567], [-122.516, 48.322], [-122.5176, 48.294], [-122.5309, 48.2838], [-122.5464, 48.2814], [-122.5621, 48.2862], [-122.5759, 48.2977], [-122.594, 48.3079], [-122.609, 48.2991], [-122.6204, 48.2819], [-122.6274, 48.2673], [-122.6413, 48.288], [-122.6468, 48.2808], [-122.6514, 48.2499], [-122.6659, 48.2422], [-122.7237, 48.2338], [-122.7101, 48.2214], [-122.6961, 48.2202], [-122.665, 48.2264], [-122.6519, 48.2241], [-122.6283, 48.2143], [-122.5955, 48.2054], [-122.5806, 48.1885], [-122.571, 48.1662], [-122.5587, 48.1213], [-122.5546, 48.0661], [-122.5466, 48.017], [-122.5355, 48.0059], [-122.522, 48.0119], [-122.5102, 48.0352], [-122.5229, 48.0571], [-122.524, 48.0794], [-122.514, 48.0908], [-122.4932, 48.0797], [-122.477, 48.0653], [-122.46, 48.0535], [-122.3811, 48.0158], [-122.3655, 47.9997], [-122.3594, 47.9766], [-122.3507, 47.9609], [-122.3468, 47.9506]]], [[[-122.8494, 48.4616], [-122.8363, 48.4599], [-122.821, 48.4726], [-122.8083, 48.4582], [-122.8061, 48.442], [-122.8131, 48.4273], [-122.8277, 48.4174], [-122.8899, 48.4241], [-122.8835, 48.4415], [-122.8987, 48.4479], [-122.9214, 48.451], [-122.9376, 48.4583], [-122.9425, 48.4758], [-122.937, 48.4932], [-122.9249, 48.5071], [-122.9103, 48.5136], [-122.9162, 48.5239], [-122.917, 48.5336], [-122.9103, 48.5471], [-122.8871, 48.5637], [-122.877, 48.5659], [-122.8607, 48.5396], [-122.859, 48.5213], [-122.8619, 48.4893], [-122.8585, 48.4728], [-122.8494, 48.4616]]], [[[-122.6745, 48.5688], [-122.6859, 48.557], [-122.6881, 48.547], [-122.6941, 48.5435], [-122.7143, 48.5419], [-122.7229, 48.5482], [-122.737, 48.5771], [-122.7354, 48.5904], [-122.7268, 48.6015], [-122.7155, 48.606], [-122.7029, 48.6004], [-122.6964, 48.5923], [-122.6937, 48.5859], [-122.6745, 48.5688]]], [[[-122.9991, 48.4726], [-122.9829, 48.4636], [-122.965, 48.4583], [-122.965, 48.4515], [-122.9793, 48.4564], [-123.0165, 48.4515], [-123.03, 48.4538], [-123.0537, 48.4726], [-123.0654, 48.4785], [-123.0704, 48.4801], [-123.0916, 48.4788], [-123.1027, 48.4803], [-123.1297, 48.4897], [-123.1393, 48.4958], [-123.1544, 48.5131], [-123.1666, 48.5435], [-123.1739, 48.5734], [-123.1776, 48.5988], [-123.1584, 48.6146], [-123.1291, 48.6201], [-123.1021, 48.6091], [-123.0938, 48.5976], [-123.0766, 48.5841], [-123.0578, 48.5729], [-123.0246, 48.5628], [-123.0043, 48.5395], [-122.9777, 48.5313], [-122.98, 48.5251], [-122.9923, 48.5136], [-123.0023, 48.5092], [-123.0106, 48.5116], [-123.0166, 48.5114], [-123.0202, 48.4993], [-122.9991, 48.4726]]], [[[-122.7572, 48.6501], [-122.8004, 48.6296], [-122.8045, 48.6237], [-122.8054, 48.6169], [-122.8089, 48.6113], [-122.821, 48.6091], [-122.8311, 48.6127], [-122.8414, 48.6209], [-122.8659, 48.6496], [-122.8799, 48.6772], [-122.8824, 48.688], [-122.8868, 48.6963], [-122.8964, 48.6998], [-122.9059, 48.6973], [-122.9103, 48.688], [-122.9056, 48.6661], [-122.9103, 48.6575], [-122.8619, 48.6017], [-122.8744, 48.5937], [-122.8875, 48.59], [-122.9171, 48.5887], [-122.9333, 48.5928], [-122.9414, 48.6026], [-122.9513, 48.6234], [-122.9684, 48.6346], [-122.9801, 48.6386], [-122.9855, 48.633], [-122.9862, 48.6193], [-122.9896, 48.6046], [-122.9971, 48.5972], [-123.0096, 48.6054], [-123.0222, 48.6184], [-123.0265, 48.6265], [-123.0264, 48.6365], [-123.0209, 48.6425], [-122.9971, 48.6606], [-122.9778, 48.6678], [-122.9293, 48.7084], [-122.918, 48.7114], [-122.8966, 48.7121], [-122.8578, 48.7087], [-122.7458, 48.6644], [-122.7509, 48.6547], [-122.7572, 48.6501]]], [[[-122.6131, 48.6484], [-122.6205, 48.6459], [-122.6336, 48.6517], [-122.6622, 48.6703], [-122.6794, 48.6882], [-122.7031, 48.7079], [-122.7165, 48.7152], [-122.7203, 48.7249], [-122.7152, 48.7391], [-122.6985, 48.7347], [-122.6714, 48.7048], [-122.6623, 48.6977], [-122.6352, 48.6833], [-122.6214, 48.6685], [-122.6153, 48.6586], [-122.6131, 48.6484]]], [[[-68.7827, 44.0847], [-68.773, 44.0819], [-68.7746, 44.0619], [-68.7867, 44.0524], [-68.8006, 44.0466], [-68.8071, 44.0375], [-68.8155, 44.0319], [-68.8346, 44.0351], [-68.8693, 44.0484], [-68.8601, 44.0652], [-68.868, 44.0794], [-68.8867, 44.0899], [-68.9102, 44.0955], [-68.9016, 44.114], [-68.8841, 44.1138], [-68.8481, 44.0955], [-68.8274, 44.0898], [-68.7827, 44.0847]]], [[[-68.6165, 44.2371], [-68.6143, 44.224], [-68.6085, 44.2128], [-68.6201, 44.2084], [-68.6564, 44.1992], [-68.6506, 44.1903], [-68.6431, 44.1846], [-68.6228, 44.1775], [-68.6228, 44.1713], [-68.6621, 44.1562], [-68.682, 44.1526], [-68.7163, 44.1673], [-68.7202, 44.1721], [-68.7109, 44.1905], [-68.7133, 44.201], [-68.7246, 44.2191], [-68.6905, 44.2191], [-68.6951, 44.2286], [-68.6968, 44.2395], [-68.6953, 44.2504], [-68.6905, 44.26], [-68.6789, 44.2696], [-68.6675, 44.2701], [-68.6421, 44.26], [-68.6231, 44.2499], [-68.6165, 44.2371]]], [[[-68.1853, 44.357], [-68.1765, 44.3283], [-68.1989, 44.3086], [-68.2408, 44.2945], [-68.2833, 44.2924], [-68.3069, 44.3084], [-68.3137, 44.3084], [-68.3201, 44.2849], [-68.3094, 44.2709], [-68.2965, 44.2611], [-68.2963, 44.2501], [-68.3088, 44.2379], [-68.326, 44.2259], [-68.3413, 44.2236], [-68.3478, 44.2402], [-68.3684, 44.2327], [-68.3801, 44.2464], [-68.4141, 44.2586], [-68.4236, 44.2743], [-68.4085, 44.2783], [-68.4055, 44.2853], [-68.4124, 44.2919], [-68.4273, 44.2948], [-68.4348, 44.3], [-68.4339, 44.312], [-68.4287, 44.3257], [-68.4101, 44.3601], [-68.4014, 44.3718], [-68.3926, 44.3767], [-68.3789, 44.3795], [-68.3675, 44.3864], [-68.3643, 44.3953], [-68.3758, 44.4041], [-68.355, 44.4233], [-68.3159, 44.437], [-68.274, 44.4393], [-68.2448, 44.4245], [-68.2419, 44.405], [-68.1853, 44.357]]], [[[-122.6756, 47.1763], [-122.6714, 47.165], [-122.6771, 47.1396], [-122.6898, 47.1296], [-122.7011, 47.124], [-122.7068, 47.124], [-122.7422, 47.1437], [-122.7464, 47.1537], [-122.7294, 47.1622], [-122.7181, 47.1806], [-122.7054, 47.182], [-122.6855, 47.1806], [-122.6756, 47.1763]]], [[[-122.8695, 47.2429], [-122.8483, 47.2202], [-122.8483, 47.1933], [-122.8597, 47.1777], [-122.8738, 47.1679], [-122.8795, 47.1721], [-122.8908, 47.2004], [-122.8979, 47.2089], [-122.912, 47.2188], [-122.9219, 47.2287], [-122.9219, 47.2372], [-122.9149, 47.2556], [-122.912, 47.2697], [-122.9049, 47.2783], [-122.8908, 47.2783], [-122.8823, 47.2839], [-122.8653, 47.2895], [-122.8469, 47.298], [-122.8526, 47.2853], [-122.8668, 47.2783], [-122.8695, 47.2429]]], [[[-82.1188, 24.5536], [-82.1288, 24.5508], [-82.1283, 24.5537], [-82.1138, 24.5573], [-82.1188, 24.5536]]], [[[-82.1348, 24.593], [-82.1457, 24.5927], [-82.1429, 24.5959], [-82.1317, 24.5981], [-82.1194, 24.5947], [-82.1096, 24.5861], [-82.1077, 24.5753], [-82.1105, 24.5655], [-82.1116, 24.571], [-82.1196, 24.5851], [-82.1348, 24.593]]], [[[-81.4106, 24.6554], [-81.4148, 24.6477], [-81.4245, 24.655], [-81.4176, 24.6594], [-81.4106, 24.6554]]], [[[-81.2584, 24.6676], [-81.2663, 24.6604], [-81.276, 24.6556], [-81.2775, 24.6576], [-81.2652, 24.6713], [-81.2602, 24.6717], [-81.2584, 24.6676]]], [[[-81.4393, 24.6604], [-81.4414, 24.6505], [-81.4468, 24.6508], [-81.4491, 24.6552], [-81.4607, 24.6644], [-81.462, 24.671], [-81.4538, 24.6777], [-81.4574, 24.6779], [-81.4554, 24.6813], [-81.4481, 24.6806], [-81.4422, 24.6715], [-81.4393, 24.6604]]], [[[-81.4784, 24.6541], [-81.4813, 24.6498], [-81.4854, 24.657], [-81.4911, 24.6623], [-81.4974, 24.664], [-81.5065, 24.6601], [-81.5111, 24.6613], [-81.5161, 24.6655], [-81.5202, 24.6741], [-81.519, 24.6873], [-81.515, 24.6977], [-81.5116, 24.6984], [-81.4932, 24.6921], [-81.4824, 24.6833], [-81.4797, 24.6725], [-81.4784, 24.6541]]], [[[-81.3155, 24.6796], [-81.3178, 24.675], [-81.3255, 24.6843], [-81.3347, 24.6898], [-81.3409, 24.7001], [-81.3369, 24.7038], [-81.3295, 24.7033], [-81.3207, 24.6945], [-81.3155, 24.6796]]], [[[-80.7108, 24.8643], [-80.7183, 24.8594], [-80.7336, 24.8503], [-80.7384, 24.8507], [-80.736, 24.8574], [-80.7297, 24.8628], [-80.7211, 24.8667], [-80.7008, 24.881], [-80.6993, 24.8763], [-80.7108, 24.8643]]], [[[-80.6177, 24.936], [-80.6262, 24.9241], [-80.647, 24.9047], [-80.6571, 24.9011], [-80.6255, 24.9362], [-80.6185, 24.9416], [-80.6177, 24.936]]], [[[-81.0398, 25.2967], [-81.0517, 25.2783], [-81.0587, 25.274], [-81.0669, 25.2768], [-81.0746, 25.2887], [-81.0784, 25.3017], [-81.0729, 25.31], [-81.0598, 25.3117], [-81.0428, 25.3074], [-81.0398, 25.2967]]], [[[-81.0857, 25.3269], [-81.0907, 25.3128], [-81.1086, 25.324], [-81.1222, 25.3366], [-81.1165, 25.3419], [-81.1104, 25.3403], [-81.1127, 25.3382], [-81.1087, 25.3376], [-81.0973, 25.3401], [-81.089, 25.3389], [-81.0857, 25.3269]]], [[[-81.3707, 25.8101], [-81.3774, 25.807], [-81.3876, 25.8061], [-81.3999, 25.7949], [-81.3997, 25.7918], [-81.4068, 25.7967], [-81.4177, 25.8088], [-81.4252, 25.8115], [-81.4333, 25.8048], [-81.4396, 25.8039], [-81.4405, 25.8424], [-81.4295, 25.8509], [-81.4122, 25.8432], [-81.3871, 25.8241], [-81.3732, 25.8161], [-81.3707, 25.8101]]], [[[-81.4669, 25.8293], [-81.4796, 25.8476], [-81.4953, 25.8487], [-81.5028, 25.8555], [-81.5079, 25.852], [-81.512, 25.8361], [-81.5121, 25.8403], [-81.5198, 25.8487], [-81.5169, 25.8598], [-81.4898, 25.8698], [-81.4744, 25.8725], [-81.4652, 25.8657], [-81.458, 25.8504], [-81.4561, 25.8419], [-81.4505, 25.8323], [-81.4534, 25.8255], [-81.4596, 25.8228], [-81.4669, 25.8293]]], [[[-81.66, 25.8865], [-81.672, 25.8673], [-81.6774, 25.8615], [-81.6903, 25.8631], [-81.6962, 25.8658], [-81.7016, 25.8775], [-81.7086, 25.8838], [-81.7108, 25.8897], [-81.7084, 25.8987], [-81.6761, 25.9013], [-81.6634, 25.8969], [-81.66, 25.8865]]], [[[-81.5336, 25.8786], [-81.5458, 25.8537], [-81.5485, 25.8575], [-81.5465, 25.8727], [-81.5478, 25.8817], [-81.554, 25.8845], [-81.5587, 25.8891], [-81.561, 25.8948], [-81.5583, 25.9034], [-81.5459, 25.9024], [-81.5392, 25.8953], [-81.5431, 25.893], [-81.536, 25.885], [-81.5336, 25.8786]]], [[[-82.6723, 28.7152], [-82.6782, 28.7143], [-82.6819, 28.7169], [-82.6819, 28.7209], [-82.696, 28.7256], [-82.6959, 28.7289], [-82.6856, 28.73], [-82.6893, 28.7318], [-82.689, 28.7353], [-82.6832, 28.7377], [-82.6776, 28.7361], [-82.6727, 28.737], [-82.666, 28.7344], [-82.6671, 28.7224], [-82.6723, 28.7152]]], [[[-82.6916, 28.7731], [-82.6955, 28.7764], [-82.6976, 28.7823], [-82.6949, 28.7876], [-82.6881, 28.7882], [-82.6799, 28.7847], [-82.6735, 28.7771], [-82.6738, 28.7667], [-82.6822, 28.7603], [-82.6974, 28.7615], [-82.6916, 28.7731]]], [[[-90.6422, 29.0729], [-90.6563, 29.0632], [-90.6728, 29.0573], [-90.7494, 29.041], [-90.7652, 29.041], [-90.7672, 29.0471], [-90.74, 29.0529], [-90.735, 29.0576], [-90.7141, 29.0654], [-90.7082, 29.0654], [-90.7054, 29.0618], [-90.6968, 29.0592], [-90.6841, 29.0609], [-90.6736, 29.0679], [-90.6571, 29.0668], [-90.6521, 29.0672], [-90.6422, 29.0729]]], [[[-90.4134, 29.0486], [-90.4202, 29.0487], [-90.4646, 29.0578], [-90.5124, 29.0749], [-90.511, 29.0803], [-90.4523, 29.0696], [-90.4286, 29.0612], [-90.414, 29.0524], [-90.4134, 29.0486]]], [[[-83.0297, 29.1398], [-83.05, 29.132], [-83.0582, 29.1362], [-83.0575, 29.1501], [-83.0503, 29.1557], [-83.043, 29.1513], [-83.0329, 29.1413], [-83.0297, 29.1398]]], [[[-90.4536, 29.238], [-90.4463, 29.2603], [-90.4346, 29.2645], [-90.4338, 29.2551], [-90.4468, 29.2421], [-90.4525, 29.224], [-90.4536, 29.238]]], [[[-89.9132, 29.2902], [-89.9145, 29.2849], [-89.9293, 29.2766], [-89.939, 29.2772], [-89.9338, 29.2846], [-89.9228, 29.2893], [-89.9132, 29.2902]]], [[[-89.9915, 29.4557], [-89.9917, 29.4486], [-89.9958, 29.4448], [-90.001, 29.4457], [-90.0157, 29.4438], [-90.0213, 29.4483], [-90.0249, 29.4569], [-90.0315, 29.4633], [-90.0392, 29.4644], [-90.0443, 29.4614], [-90.05, 29.4614], [-90.0577, 29.4662], [-90.0621, 29.4728], [-90.0613, 29.4772], [-90.0588, 29.478], [-90.0642, 29.4787], [-90.0919, 29.4735], [-90.1018, 29.4783], [-90.119, 29.4962], [-90.1199, 29.5055], [-90.1135, 29.5107], [-90.0818, 29.5113], [-90.0611, 29.5045], [-90.049, 29.4966], [-90.0204, 29.4866], [-90.0146, 29.4786], [-90.0181, 29.4744], [-90.0284, 29.4754], [-90.0281, 29.4719], [-90.0181, 29.4613], [-90.0091, 29.4576], [-89.9984, 29.4612], [-89.9973, 29.4656], [-89.9957, 29.4647], [-89.9949, 29.4566], [-89.9932, 29.4584], [-89.9915, 29.4557]]], [[[-89.0499, 29.565], [-89.0841, 29.5294], [-89.0914, 29.5239], [-89.0985, 29.5209], [-89.0548, 29.5636], [-89.0499, 29.565]]], [[[-88.9645, 29.6428], [-88.9783, 29.6317], [-88.9796, 29.6329], [-88.9645, 29.6428]]], [[[-88.8741, 29.7475], [-88.8896, 29.7253], [-88.9254, 29.6831], [-88.9388, 29.6733], [-88.8741, 29.7475]]], [[[-81.2208, 31.5277], [-81.2029, 31.5343], [-81.185, 31.5301], [-81.1746, 31.5214], [-81.1986, 31.4831], [-81.2137, 31.4536], [-81.2353, 31.4338], [-81.2617, 31.3878], [-81.2796, 31.3855], [-81.2912, 31.3952], [-81.3003, 31.4115], [-81.2891, 31.44], [-81.2714, 31.4619], [-81.2513, 31.5046], [-81.2349, 31.5265], [-81.2208, 31.5277]]], [[[-81.1364, 31.6984], [-81.1313, 31.693], [-81.1337, 31.6799], [-81.1335, 31.6569], [-81.1282, 31.6286], [-81.1383, 31.6122], [-81.1496, 31.587], [-81.161, 31.5673], [-81.1751, 31.5705], [-81.1676, 31.6], [-81.178, 31.6119], [-81.1795, 31.6359], [-81.1719, 31.6524], [-81.1606, 31.6699], [-81.1493, 31.6983], [-81.1364, 31.6984]]], [[[-118.2239, 33.7561], [-118.2439, 33.7508], [-118.2363, 33.728], [-118.2501, 33.7236], [-118.2456, 33.7149], [-118.2576, 33.7166], [-118.2613, 33.725], [-118.2591, 33.7294], [-118.2443, 33.7343], [-118.249, 33.7494], [-118.2539, 33.7462], [-118.2511, 33.7363], [-118.2606, 33.7335], [-118.2686, 33.7289], [-118.2709, 33.7396], [-118.2675, 33.747], [-118.255, 33.7581], [-118.2503, 33.7576], [-118.2266, 33.7655], [-118.2239, 33.7561]]], [[[-75.8943, 37.1612], [-75.9018, 37.1756], [-75.9062, 37.1946], [-75.9054, 37.2344], [-75.8956, 37.253], [-75.8895, 37.2804], [-75.874, 37.2904], [-75.8587, 37.2825], [-75.8518, 37.2708], [-75.8541, 37.2609], [-75.8672, 37.2541], [-75.8767, 37.2407], [-75.8832, 37.2186], [-75.8771, 37.2056], [-75.8693, 37.1984], [-75.8576, 37.1941], [-75.8395, 37.1928], [-75.8232, 37.1963], [-75.8173, 37.207], [-75.8117, 37.2091], [-75.8108, 37.2002], [-75.8162, 37.1861], [-75.8496, 37.1636], [-75.8713, 37.1429], [-75.8865, 37.1231], [-75.9145, 37.1123], [-75.9286, 37.1122], [-75.9263, 37.1178], [-75.9154, 37.1185], [-75.9076, 37.123], [-75.9038, 37.1292], [-75.8928, 37.1407], [-75.8943, 37.1612]]], [[[-72.3278, 41.1051], [-72.3227, 41.0946], [-72.3052, 41.0842], [-72.2805, 41.0789], [-72.2828, 41.069], [-72.2785, 41.0585], [-72.2824, 41.0479], [-72.2757, 41.0393], [-72.2755, 41.0318], [-72.2863, 41.0342], [-72.2979, 41.0415], [-72.3177, 41.0488], [-72.3408, 41.0485], [-72.3588, 41.0458], [-72.3713, 41.055], [-72.3724, 41.0686], [-72.3619, 41.0799], [-72.3416, 41.0907], [-72.3402, 41.1037], [-72.3278, 41.1051]]], [[[-72.0784, 41.1], [-72.079, 41.0948], [-72.0851, 41.0917], [-72.085, 41.0835], [-72.0815, 41.0749], [-72.0861, 41.0682], [-72.1008, 41.0542], [-72.1026, 41.0813], [-72.1081, 41.0905], [-72.1224, 41.0929], [-72.136, 41.0928], [-72.1415, 41.0968], [-72.1281, 41.1092], [-72.131, 41.1205], [-72.1091, 41.1069], [-72.0784, 41.1]]], [[[-70.814, 41.2632], [-70.8018, 41.2568], [-70.8018, 41.2481], [-70.8109, 41.248], [-70.8231, 41.2508], [-70.8323, 41.2567], [-70.8305, 41.2604], [-70.8219, 41.2604], [-70.814, 41.2632]]], [[[-70.8486, 41.4343], [-70.8545, 41.4292], [-70.876, 41.4225], [-70.9064, 41.4224], [-70.9279, 41.4186], [-70.9387, 41.4112], [-70.9485, 41.4141], [-70.9407, 41.4208], [-70.926, 41.4289], [-70.9113, 41.4297], [-70.8976, 41.4364], [-70.8712, 41.4387], [-70.8595, 41.4483], [-70.8486, 41.4343]]], [[[-70.6949, 41.517], [-70.6792, 41.5105], [-70.6998, 41.5023], [-70.7184, 41.492], [-70.7586, 41.4757], [-70.7576, 41.4684], [-70.7683, 41.4595], [-70.7908, 41.4492], [-70.833, 41.4425], [-70.8399, 41.4505], [-70.8281, 41.4572], [-70.8134, 41.455], [-70.7821, 41.4786], [-70.7106, 41.5192], [-70.6949, 41.517]]], [[[-123.3884, 46.1904], [-123.3662, 46.1792], [-123.3489, 46.1664], [-123.3243, 46.1547], [-123.3157, 46.1485], [-123.338, 46.1476], [-123.3579, 46.1505], [-123.3769, 46.1561], [-123.3966, 46.1689], [-123.411, 46.1751], [-123.423, 46.1878], [-123.4171, 46.2048], [-123.405, 46.2009], [-123.3884, 46.1904]]], [[[-123.4443, 46.2359], [-123.4367, 46.2204], [-123.4408, 46.2132], [-123.4684, 46.225], [-123.4778, 46.2361], [-123.4824, 46.2493], [-123.4807, 46.2559], [-123.4712, 46.2548], [-123.4443, 46.2359]]]]}}, {"type": "Feature", "properties": {"country": "CA"}, "geometry": {"type": "MultiPolygon", "coordinates": [[[[-95.1593, 49.0118], [-95.1619, 49.0011], [-95.1685, 48.995], [-95.1771, 48.9927], [-122.753, 48.9925], [-122.7595, 49.0012], [-122.7818, 49.0173], [-122.8036, 49.0101], [-122.8232, 49.007], [-122.853, 49.017], [-122.876, 49.0365], [-122.8756, 49.0548], [-122.8653, 49.0701], [-122.8677, 49.0805], [-122.8817, 49.0865], [-122.9066, 49.0883], [-122.93, 49.0869], [-122.9513, 49.083], [-123.0328, 49.0506], [-123.0486, 49.0352], [-123.0441, 49.0173], [-123.0321, 48.9952], [-123.0353, 48.9925], [-123.0905, 48.9925], [-123.0937, 49.0051], [-123.1005, 49.0212], [-123.1083, 49.0337], [-123.1246, 49.0468], [-123.1388, 49.0538], [-123.143, 49.0609], [-123.1295, 49.0747], [-123.0757, 49.1057], [-123.0543, 49.1232], [-123.0407, 49.151], [-123.0811, 49.1284], [-123.1234, 49.1159], [-123.1671, 49.1156], [-123.212, 49.13], [-123.212, 49.1367], [-123.2001, 49.1485], [-123.2047, 49.1898], [-123.1983, 49.2056], [-123.1798, 49.2099], [-123.157, 49.2053], [-123.1376, 49.1957], [-123.1434, 49.2075], [-123.1754, 49.2237], [-123.211, 49.2366], [-123.2359, 49.25], [-123.2469, 49.2746], [-123.2183, 49.2792], [-123.1753, 49.2766], [-123.1431, 49.2801], [-123.1619, 49.3], [-123.1549, 49.3085], [-123.1385, 49.309], [-123.1295, 49.3049], [-123.1234, 49.2944], [-123.1086, 49.2888], [-123.0904, 49.2886], [-123.0742, 49.2944], [-123.0674, 49.2875], [-123.0565, 49.2943], [-123.0394, 49.2959], [-123.021, 49.2934], [-123.0065, 49.2875], [-122.9608, 49.2819], [-122.9219, 49.2995], [-122.8925, 49.3337], [-122.8627, 49.4064], [-122.8577, 49.4235], [-122.8557, 49.4418], [-122.8599, 49.4499], [-122.869, 49.4564], [-122.8783, 49.4573], [-122.8824, 49.4486], [-122.8796, 49.4172], [-122.8824, 49.4042], [-122.9381, 49.3258], [-123.0207, 49.3068], [-123.212, 49.3428], [-123.2284, 49.3435], [-123.27, 49.3354], [-123.2766, 49.3515], [-123.2836, 49.3633], [-123.2939, 49.3701], [-123.2838, 49.3826], [-123.2565, 49.3966], [-123.2455, 49.4111], [-123.2411, 49.4261], [-123.2401, 49.4416], [-123.2522, 49.5118], [-123.2511, 49.5229], [-123.2401, 49.555], [-123.2258, 49.5847], [-123.2182, 49.596], [-123.2247, 49.597], [-123.2262, 49.5985], [-123.2257, 49.6035], [-123.2151, 49.6099], [-123.2069, 49.6216], [-123.2047, 49.6358], [-123.212, 49.6501], [-123.17, 49.675], [-123.154, 49.6929], [-123.171, 49.7053], [-123.1881, 49.6916], [-123.2028, 49.6823], [-123.2284, 49.6749], [-123.2392, 49.6674], [-123.2474, 49.6583], [-123.2529, 49.6501], [-123.2466, 49.6256], [-123.2455, 49.6131], [-123.2486, 49.5978], [-123.2564, 49.593], [-123.2666, 49.5914], [-123.2873, 49.5809], [-123.3158, 49.5826], [-123.328, 49.5818], [-123.3357, 49.5766], [-123.349, 49.5601], [-123.3553, 49.5551], [-123.3806, 49.5586], [-123.3966, 49.5583], [-123.4097, 49.5478], [-123.4382, 49.5368], [-123.4481, 49.5309], [-123.4895, 49.515], [-123.5027, 49.5054], [-123.4857, 49.4936], [-123.4913, 49.4731], [-123.4732, 49.4345], [-123.4823, 49.4142], [-123.4999, 49.3999], [-123.5162, 49.3917], [-123.5336, 49.3885], [-123.5546, 49.39], [-123.7811, 49.4655], [-123.8067, 49.4705], [-123.8652, 49.4733], [-123.8856, 49.4773], [-123.9034, 49.4862], [-123.9195, 49.5075], [-123.9308, 49.5135], [-123.9638, 49.5211], [-123.9755, 49.5309], [-123.9932, 49.5502], [-124.027, 49.6035], [-124.0343, 49.6112], [-124.0531, 49.6228], [-124.0611, 49.6308], [-124.0661, 49.644], [-124.068, 49.6623], [-124.0638, 49.6785], [-124.0511, 49.6855], [-124.0443, 49.6912], [-124.0292, 49.7204], [-124.0201, 49.7326], [-124.0061, 49.7408], [-123.9901, 49.7451], [-123.9549, 49.7469], [-123.9393, 49.7436], [-123.9321, 49.7357], [-123.9279, 49.7256], [-123.9208, 49.7158], [-123.8693, 49.6718], [-123.8406, 49.6381], [-123.8351, 49.6339], [-123.8273, 49.5952], [-123.8284, 49.5818], [-123.8197, 49.567], [-123.8051, 49.5286], [-123.7942, 49.5135], [-123.7771, 49.5053], [-123.7672, 49.5132], [-123.7526, 49.5408], [-123.7634, 49.5569], [-123.7716, 49.5754], [-123.7723, 49.5939], [-123.7601, 49.6097], [-123.751, 49.6127], [-123.7185, 49.6165], [-123.6937, 49.6348], [-123.638, 49.6411], [-123.5898, 49.6536], [-123.5502, 49.6749], [-123.5335, 49.7053], [-123.6645, 49.6562], [-123.7945, 49.644], [-123.8079, 49.6469], [-123.8121, 49.6671], [-123.8232, 49.6832], [-123.8836, 49.7394], [-123.9184, 49.7563], [-123.9276, 49.7636], [-123.9337, 49.7833], [-123.9227, 49.7996], [-123.8898, 49.8288], [-123.8818, 49.8474], [-123.8805, 49.8654], [-123.8836, 49.9011], [-123.8906, 49.9215], [-123.9075, 49.931], [-123.9278, 49.9365], [-123.945, 49.9449], [-123.9579, 49.9671], [-123.9536, 49.9897], [-123.9356, 50.0073], [-123.8957, 50.0175], [-123.8781, 50.0312], [-123.8659, 50.0342], [-123.82, 50.0382], [-123.8079, 50.0411], [-123.772, 50.0729], [-123.7545, 50.0937], [-123.7563, 50.1032], [-123.7774, 50.1116], [-123.8148, 50.1492], [-123.8284, 50.1584], [-123.8876, 50.1818], [-123.9289, 50.1905], [-123.9706, 50.2144], [-123.9935, 50.2198], [-123.9844, 50.206], [-123.9722, 50.1927], [-123.945, 50.1721], [-123.9247, 50.1641], [-123.8815, 50.1538], [-123.8625, 50.1441], [-123.8457, 50.1205], [-123.8371, 50.116], [-123.8133, 50.1078], [-123.8079, 50.1032], [-123.8147, 50.0903], [-123.8332, 50.0755], [-123.8693, 50.0548], [-123.9811, 50.0214], [-123.9932, 50.0108], [-123.9996, 49.9933], [-124.0001, 49.9736], [-123.9962, 49.953], [-123.989, 49.9338], [-123.9791, 49.9182], [-123.9619, 49.904], [-123.9261, 49.8862], [-123.9109, 49.8698], [-123.9179, 49.8614], [-123.9299, 49.8384], [-123.9382, 49.8288], [-123.9782, 49.809], [-123.986, 49.8083], [-124.0011, 49.8118], [-124.0085, 49.8206], [-124.0133, 49.8424], [-124.0135, 49.8481], [-124.0106, 49.8547], [-124.0133, 49.8636], [-124.0171, 49.8686], [-124.0344, 49.8835], [-124.0256, 49.894], [-124.0204, 49.9078], [-124.023, 49.9199], [-124.0375, 49.925], [-124.0452, 49.9174], [-124.0748, 49.8698], [-124.0641, 49.8636], [-124.0527, 49.8522], [-124.0482, 49.8411], [-124.0577, 49.8362], [-124.073, 49.8349], [-124.0849, 49.8305], [-124.0892, 49.8219], [-124.0816, 49.8083], [-124.1022, 49.7982], [-124.1478, 49.7844], [-124.171, 49.781], [-124.2497, 49.781], [-124.274, 49.7742], [-124.2675, 49.7517], [-124.283, 49.7466], [-124.3043, 49.7527], [-124.3272, 49.7744], [-124.3551, 49.7745], [-124.4037, 49.7673], [-124.4303, 49.7716], [-124.4776, 49.7904], [-124.5133, 49.7975], [-124.5208, 49.8048], [-124.5255, 49.8148], [-124.5285, 49.8377], [-124.5322, 49.8444], [-124.5831, 49.8825], [-124.6055, 49.8933], [-124.6269, 49.8977], [-124.6349, 49.902], [-124.6497, 49.9207], [-124.661, 49.925], [-124.6754, 49.9272], [-124.7322, 49.9543], [-124.7644, 49.9774], [-124.8221, 50.0401], [-124.8289, 50.0548], [-124.8204, 50.0715], [-124.8009, 50.0622], [-124.7792, 50.0441], [-124.7634, 50.0342], [-124.7424, 50.0278], [-124.7038, 49.9969], [-124.6849, 49.9865], [-124.7019, 50.0232], [-124.7045, 50.041], [-124.683, 50.0525], [-124.6769, 50.0619], [-124.6725, 50.0732], [-124.6719, 50.0827], [-124.6774, 50.0889], [-124.7054, 50.1032], [-124.6933, 50.1144], [-124.6764, 50.1196], [-124.6656, 50.1268], [-124.6719, 50.1441], [-124.6488, 50.1526], [-124.6283, 50.1694], [-124.6175, 50.1889], [-124.6234, 50.2056], [-124.6052, 50.2329], [-124.6029, 50.2403], [-124.6079, 50.2506], [-124.6262, 50.2659], [-124.6302, 50.2779], [-124.6399, 50.2939], [-124.6622, 50.3042], [-124.6873, 50.3126], [-124.7054, 50.3223], [-124.7134, 50.3314], [-124.7115, 50.3337], [-124.7033, 50.3354], [-124.6775, 50.3547], [-124.6733, 50.361], [-124.6719, 50.3738], [-124.6598, 50.3921], [-124.6318, 50.4018], [-124.5997, 50.4052], [-124.5757, 50.4048], [-124.546, 50.397], [-124.534, 50.3974], [-124.5238, 50.4019], [-124.5063, 50.4161], [-124.4962, 50.4191], [-124.4766, 50.4218], [-124.4293, 50.4372], [-124.4112, 50.4457], [-124.3568, 50.4862], [-124.3485, 50.4973], [-124.359, 50.5093], [-124.383, 50.4979], [-124.4248, 50.4663], [-124.5043, 50.4385], [-124.5893, 50.4253], [-124.672, 50.4309], [-124.6849, 50.4222], [-124.6935, 50.4022], [-124.7315, 50.371], [-124.7401, 50.3601], [-124.7499, 50.3521], [-124.8084, 50.3223], [-124.8301, 50.3176], [-124.8978, 50.3284], [-124.9413, 50.326], [-124.9518, 50.3284], [-124.9627, 50.3408], [-124.9589, 50.3495], [-124.9499, 50.3582], [-124.9455, 50.3707], [-124.9521, 50.3918], [-124.9667, 50.4124], [-124.986, 50.4276], [-125.007, 50.4321], [-124.9977, 50.4111], [-124.9905, 50.3839], [-124.9952, 50.3603], [-125.0386, 50.3417], [-125.0617, 50.3276], [-125.0815, 50.3247], [-125.089, 50.3502], [-125.0855, 50.3638], [-125.0784, 50.3676], [-125.0697, 50.3694], [-125.0616, 50.3769], [-125.0651, 50.4154], [-125.0685, 50.4242], [-125.0635, 50.4455], [-125.0607, 50.4698], [-125.0574, 50.4773], [-125.0417, 50.4868], [-124.9704, 50.5009], [-124.9592, 50.5106], [-124.953, 50.5372], [-124.9368, 50.5473], [-124.891, 50.555], [-124.8858, 50.5593], [-124.8699, 50.583], [-124.8743, 50.6078], [-124.8733, 50.6137], [-124.8655, 50.6299], [-124.864, 50.6716], [-124.8562, 50.6928], [-124.8289, 50.7197], [-124.8236, 50.7345], [-124.8357, 50.7542], [-124.8961, 50.7736], [-124.9064, 50.7786], [-124.9108, 50.7847], [-124.9105, 50.7936], [-124.9086, 50.7976], [-124.8854, 50.8191], [-124.8632, 50.8313], [-124.8528, 50.8399], [-124.8251, 50.8697], [-124.8089, 50.8796], [-124.7873, 50.8846], [-124.8035, 50.9155], [-124.8138, 50.9272], [-124.8323, 50.9318], [-124.8489, 50.9313], [-124.8606, 50.9274], [-124.8675, 50.9164], [-124.8699, 50.8945], [-124.8771, 50.8842], [-124.9183, 50.8437], [-124.9353, 50.8344], [-124.9713, 50.8204], [-124.9865, 50.8083], [-124.9664, 50.8034], [-124.9562, 50.7987], [-124.9518, 50.7918], [-124.9503, 50.7654], [-124.9486, 50.7611], [-124.9281, 50.758], [-124.9093, 50.7492], [-124.9, 50.7353], [-124.9131, 50.7059], [-124.9237, 50.6697], [-124.9251, 50.658], [-124.9183, 50.6446], [-124.9093, 50.6366], [-124.9082, 50.6274], [-124.9337, 50.6015], [-124.9396, 50.598], [-124.9486, 50.5966], [-124.9513, 50.5983], [-124.9545, 50.6045], [-124.9592, 50.6035], [-124.9631, 50.5995], [-124.9667, 50.5908], [-125.0275, 50.5587], [-125.0404, 50.5312], [-125.1022, 50.4989], [-125.1237, 50.4737], [-125.1124, 50.4544], [-125.1278, 50.437], [-125.1549, 50.4244], [-125.1783, 50.4191], [-125.1969, 50.4206], [-125.2082, 50.4267], [-125.2267, 50.4526], [-125.2427, 50.4665], [-125.2472, 50.4737], [-125.2465, 50.4809], [-125.2389, 50.4959], [-125.2435, 50.5041], [-125.2557, 50.5067], [-125.2671, 50.4982], [-125.2848, 50.4765], [-125.2987, 50.4666], [-125.3047, 50.4667], [-125.3109, 50.4709], [-125.3254, 50.4737], [-125.3422, 50.4892], [-125.3476, 50.5203], [-125.3567, 50.5431], [-125.3844, 50.5346], [-125.3827, 50.5261], [-125.3855, 50.512], [-125.391, 50.4973], [-125.3974, 50.4868], [-125.4136, 50.4739], [-125.4322, 50.4661], [-125.5182, 50.4556], [-125.5441, 50.4556], [-125.5626, 50.4594], [-125.5771, 50.4707], [-125.5731, 50.4783], [-125.5603, 50.4849], [-125.5482, 50.4936], [-125.5412, 50.5063], [-125.5295, 50.5423], [-125.5284, 50.555], [-125.5315, 50.5647], [-125.54, 50.5804], [-125.5421, 50.5892], [-125.5346, 50.6171], [-125.5267, 50.6361], [-125.5174, 50.6508], [-125.505, 50.6624], [-125.4874, 50.6723], [-125.4622, 50.6799], [-125.4527, 50.6853], [-125.4247, 50.7133], [-125.4546, 50.7204], [-125.4796, 50.707], [-125.5038, 50.6881], [-125.5315, 50.6785], [-125.5556, 50.6662], [-125.5687, 50.6382], [-125.5709, 50.608], [-125.5626, 50.5892], [-125.5724, 50.5727], [-125.5773, 50.5522], [-125.5857, 50.535], [-125.6223, 50.5224], [-125.6219, 50.5107], [-125.6103, 50.4936], [-125.6132, 50.4792], [-125.6177, 50.4713], [-125.6439, 50.4484], [-125.6566, 50.4429], [-125.6702, 50.4394], [-125.7033, 50.4379], [-125.7202, 50.4457], [-125.7736, 50.488], [-125.7953, 50.4936], [-125.7857, 50.5063], [-125.7523, 50.5087], [-125.7401, 50.5203], [-125.7872, 50.5316], [-125.8141, 50.5331], [-125.8363, 50.5277], [-125.8424, 50.5224], [-125.8544, 50.5075], [-125.8636, 50.501], [-125.9546, 50.4757], [-126.0077, 50.4715], [-126.0574, 50.4785], [-126.0895, 50.501], [-126.1112, 50.4914], [-126.1312, 50.4897], [-126.2423, 50.501], [-126.2608, 50.5072], [-126.2806, 50.5194], [-126.276, 50.5251], [-126.2596, 50.5296], [-126.2438, 50.5383], [-126.2278, 50.5443], [-126.2092, 50.5383], [-126.1789, 50.5203], [-126.1857, 50.5488], [-126.1853, 50.5637], [-126.1789, 50.5755], [-126.1716, 50.5779], [-126.1379, 50.583], [-126.1147, 50.5937], [-126.1037, 50.5966], [-126.0972, 50.5952], [-126.0863, 50.5892], [-126.0628, 50.6035], [-125.9775, 50.6132], [-125.9581, 50.6183], [-125.9386, 50.6301], [-125.9599, 50.6456], [-125.9853, 50.6439], [-126.0349, 50.6301], [-126.0624, 50.6273], [-126.1317, 50.6035], [-126.1603, 50.5977], [-126.2438, 50.5966], [-126.2518, 50.6009], [-126.2648, 50.6196], [-126.2773, 50.6259], [-126.269, 50.6303], [-126.2471, 50.6375], [-126.2215, 50.6426], [-126.1188, 50.6468], [-126.0485, 50.6649], [-126.0187, 50.666], [-125.939, 50.6518], [-125.9145, 50.654], [-125.8264, 50.6771], [-125.7503, 50.6853], [-125.7416, 50.6843], [-125.727, 50.6796], [-125.7165, 50.6785], [-125.7056, 50.6817], [-125.6991, 50.6894], [-125.6836, 50.7258], [-125.6787, 50.7336], [-125.6718, 50.7399], [-125.6586, 50.7457], [-125.6319, 50.751], [-125.6202, 50.7577], [-125.6081, 50.7809], [-125.62, 50.7991], [-125.6397, 50.8162], [-125.6513, 50.8362], [-125.6454, 50.8549], [-125.6278, 50.8627], [-125.5597, 50.8656], [-125.55, 50.8733], [-125.5455, 50.8881], [-125.5346, 50.9119], [-125.5273, 50.9185], [-125.5189, 50.9217], [-125.5116, 50.9268], [-125.5073, 50.9392], [-125.508, 50.9507], [-125.5121, 50.9608], [-125.5383, 50.9949], [-125.5626, 51.0553], [-125.5775, 51.0723], [-125.637, 51.1037], [-125.6351, 51.08], [-125.6308, 51.0627], [-125.6103, 51.015], [-125.583, 50.9665], [-125.5732, 50.9585], [-125.5504, 50.947], [-125.5421, 50.9392], [-125.5574, 50.9198], [-125.5756, 50.9072], [-125.5983, 50.9003], [-125.6273, 50.8983], [-125.6388, 50.8953], [-125.6696, 50.8789], [-125.6793, 50.8703], [-125.685, 50.8443], [-125.6857, 50.8288], [-125.6823, 50.8219], [-125.6505, 50.8045], [-125.6444, 50.7987], [-125.6477, 50.7824], [-125.6565, 50.7779], [-125.6695, 50.7778], [-125.6854, 50.7747], [-125.7088, 50.7582], [-125.7435, 50.7172], [-125.7674, 50.7065], [-125.7674, 50.7133], [-125.8796, 50.7091], [-125.9049, 50.6892], [-125.9213, 50.6849], [-125.9398, 50.6834], [-125.953, 50.6853], [-125.9662, 50.6961], [-125.9741, 50.7077], [-125.9851, 50.7151], [-126.0076, 50.7133], [-126.0201, 50.7072], [-126.0466, 50.6891], [-126.0591, 50.6853], [-126.1866, 50.6719], [-126.2123, 50.6751], [-126.2267, 50.6928], [-126.2101, 50.7094], [-126.1676, 50.7182], [-126.1479, 50.7304], [-126.1258, 50.7485], [-126.0553, 50.7747], [-126.0312, 50.7894], [-126.0345, 50.7951], [-126.0799, 50.7952], [-126.104, 50.7899], [-126.1273, 50.7799], [-126.1518, 50.774], [-126.1789, 50.781], [-126.1964, 50.798], [-126.1945, 50.8146], [-126.1847, 50.8326], [-126.1789, 50.8532], [-126.1838, 50.8679], [-126.1966, 50.8615], [-126.214, 50.8485], [-126.2329, 50.8437], [-126.2382, 50.8476], [-126.2403, 50.8635], [-126.2701, 50.8642], [-126.3127, 50.8566], [-126.3647, 50.8558], [-126.3883, 50.852], [-126.4598, 50.822], [-126.4887, 50.8167], [-126.5112, 50.8256], [-126.5218, 50.8317], [-126.5474, 50.8374], [-126.5563, 50.8437], [-126.5594, 50.8533], [-126.557, 50.8687], [-126.5624, 50.8771], [-126.5498, 50.8886], [-126.4989, 50.9223], [-126.4896, 50.9208], [-126.48, 50.9158], [-126.4669, 50.9119], [-126.3607, 50.9043], [-126.3189, 50.9142], [-126.2233, 50.905], [-126.2037, 50.9102], [-126.1842, 50.9229], [-126.1731, 50.9388], [-126.1789, 50.9535], [-126.1919, 50.9495], [-126.2267, 50.9318], [-126.2433, 50.9281], [-126.4054, 50.9392], [-126.4595, 50.9517], [-126.4835, 50.9647], [-126.5056, 51.0115], [-126.5149, 51.0623], [-126.5147, 51.0764], [-126.5215, 51.0764], [-126.5445, 51.0316], [-126.5522, 51.0051], [-126.5454, 50.9836], [-126.5268, 50.9559], [-126.5351, 50.9417], [-126.5527, 50.9313], [-126.5624, 50.915], [-126.5754, 50.9064], [-126.6742, 50.8782], [-126.6962, 50.8774], [-126.7199, 50.8818], [-126.7474, 50.8908], [-126.7488, 50.8974], [-126.7569, 50.9042], [-126.7699, 50.9097], [-126.804, 50.9134], [-126.8153, 50.9178], [-126.8331, 50.9355], [-126.8462, 50.9434], [-126.8586, 50.9431], [-126.8695, 50.9381], [-126.8784, 50.9318], [-126.8887, 50.9202], [-126.8922, 50.912], [-126.8992, 50.9069], [-127.0272, 50.9064], [-127.0522, 50.915], [-127.0646, 50.922], [-127.0804, 50.9269], [-127.1112, 50.9318], [-127.1361, 50.9308], [-127.1517, 50.9324], [-127.1658, 50.9392], [-127.1742, 50.9259], [-127.1563, 50.9151], [-127.1286, 50.9078], [-127.0847, 50.902], [-127.0339, 50.8883], [-127.0075, 50.8846], [-126.9535, 50.8846], [-126.926, 50.8766], [-126.922, 50.8723], [-126.9361, 50.8703], [-126.9575, 50.8635], [-127.0012, 50.8318], [-127.0218, 50.8219], [-127.0423, 50.8229], [-127.0674, 50.8308], [-127.131, 50.8661], [-127.2135, 50.8771], [-127.2237, 50.8814], [-127.2484, 50.8983], [-127.2551, 50.9182], [-127.2631, 50.9187], [-127.2853, 50.9119], [-127.3104, 50.9129], [-127.3296, 50.9158], [-127.429, 50.9431], [-127.4469, 50.9535], [-127.4263, 50.9637], [-127.4171, 50.9704], [-127.4159, 50.9765], [-127.4237, 50.9832], [-127.4329, 50.987], [-127.443, 50.9883], [-127.4732, 50.9841], [-127.5061, 50.991], [-127.5308, 51.0037], [-127.5323, 51.018], [-127.5188, 51.0413], [-127.51, 51.0708], [-127.4996, 51.0954], [-127.4811, 51.1037], [-127.4811, 51.1099], [-127.5027, 51.1198], [-127.527, 51.1165], [-127.553, 51.1083], [-127.6346, 51.0966], [-127.6619, 51.0975], [-127.6865, 51.1099], [-127.6899, 51.129], [-127.777, 51.1672], [-127.7828, 51.1862], [-127.7939, 51.1979], [-127.7926, 51.2088], [-127.7879, 51.2202], [-127.7895, 51.2334], [-127.7702, 51.2404], [-127.7364, 51.2579], [-127.6263, 51.2753], [-127.6077, 51.2856], [-127.5714, 51.3006], [-127.4159, 51.2893], [-127.4056, 51.2873], [-127.3873, 51.2778], [-127.378, 51.2751], [-127.221, 51.2893], [-127.1794, 51.3091], [-127.1459, 51.3193], [-127.1385, 51.3228], [-127.1266, 51.3388], [-127.1178, 51.3604], [-127.1141, 51.3821], [-127.1173, 51.3985], [-127.1327, 51.3849], [-127.1651, 51.3448], [-127.176, 51.3364], [-127.2007, 51.3315], [-127.2558, 51.3088], [-127.2818, 51.3023], [-127.5152, 51.3166], [-127.5152, 51.3228], [-127.4936, 51.3315], [-127.472, 51.343], [-127.4643, 51.3532], [-127.4845, 51.3576], [-127.5137, 51.3532], [-127.5626, 51.3339], [-127.5903, 51.3297], [-127.6488, 51.3362], [-127.6803, 51.3361], [-127.7036, 51.3262], [-127.7215, 51.3214], [-127.7519, 51.3219], [-127.7797, 51.3306], [-127.7895, 51.3501], [-127.7784, 51.3649], [-127.7554, 51.3781], [-127.7289, 51.3874], [-127.7073, 51.3911], [-127.6802, 51.3926], [-127.6643, 51.3981], [-127.6212, 51.443], [-127.6045, 51.4562], [-127.5849, 51.4645], [-127.5599, 51.4674], [-127.5519, 51.4709], [-127.5548, 51.4892], [-127.5528, 51.4975], [-127.5217, 51.5161], [-127.5152, 51.5283], [-127.515, 51.5492], [-127.5196, 51.5695], [-127.5212, 51.5891], [-127.5118, 51.6074], [-127.492, 51.6206], [-127.468, 51.6284], [-127.3157, 51.6557], [-127.0435, 51.6686], [-126.7093, 51.6445], [-126.6772, 51.6457], [-126.6553, 51.6555], [-126.6517, 51.6647], [-126.6518, 51.6754], [-126.6482, 51.6791], [-126.6307, 51.6772], [-126.6245, 51.6784], [-126.6119, 51.7075], [-126.6034, 51.7138], [-126.6376, 51.7616], [-126.6381, 51.7733], [-126.6466, 51.7836], [-126.6661, 51.8026], [-126.6627, 51.7916], [-126.6587, 51.7883], [-126.6677, 51.7664], [-126.661, 51.7496], [-126.6495, 51.7351], [-126.6444, 51.72], [-126.6487, 51.7066], [-126.6566, 51.7014], [-126.6668, 51.6988], [-126.6785, 51.6927], [-126.6993, 51.6654], [-127.0955, 51.7042], [-127.2585, 51.6859], [-127.285, 51.6909], [-127.3288, 51.7113], [-127.3501, 51.7138], [-127.3545, 51.6887], [-127.3856, 51.6738], [-127.4232, 51.6719], [-127.4469, 51.6859], [-127.4402, 51.6884], [-127.4369, 51.6918], [-127.4368, 51.6939], [-127.4395, 51.6927], [-127.4325, 51.6976], [-127.4264, 51.7064], [-127.4327, 51.7064], [-127.4345, 51.7459], [-127.4327, 51.7548], [-127.4224, 51.7597], [-127.3749, 51.7685], [-127.3624, 51.7802], [-127.3371, 51.8572], [-127.3501, 51.8702], [-127.3624, 51.8571], [-127.376, 51.8375], [-127.3871, 51.8164], [-127.3917, 51.7991], [-127.3939, 51.7838], [-127.4003, 51.7777], [-127.442, 51.7751], [-127.4491, 51.777], [-127.4533, 51.7746], [-127.4599, 51.7616], [-127.4767, 51.7134], [-127.4927, 51.6987], [-127.522, 51.7033], [-127.5504, 51.7108], [-127.5829, 51.7119], [-127.616, 51.7078], [-127.6456, 51.7001], [-127.6456, 51.6927], [-127.6212, 51.6893], [-127.5742, 51.6763], [-127.5494, 51.6723], [-127.4989, 51.6769], [-127.4767, 51.6752], [-127.4674, 51.6623], [-127.4784, 51.6516], [-127.5456, 51.6343], [-127.5588, 51.6188], [-127.5751, 51.5884], [-127.5903, 51.5766], [-127.5903, 51.5692], [-127.5731, 51.5579], [-127.567, 51.5439], [-127.5716, 51.5281], [-127.6227, 51.4782], [-127.6429, 51.4652], [-127.6664, 51.4599], [-127.7139, 51.4578], [-127.7281, 51.4599], [-127.7616, 51.4941], [-127.7455, 51.5053], [-127.6807, 51.5052], [-127.6592, 51.5084], [-127.6592, 51.5146], [-127.67, 51.5183], [-127.6864, 51.5297], [-127.7002, 51.5351], [-127.7181, 51.5363], [-127.7914, 51.5269], [-127.7964, 51.5283], [-127.8027, 51.5377], [-127.7991, 51.5438], [-127.7924, 51.549], [-127.7895, 51.5556], [-127.802, 51.589], [-127.8026, 51.6039], [-127.8264, 51.5987], [-127.8331, 51.6087], [-127.8333, 51.6267], [-127.8374, 51.645], [-127.8505, 51.6583], [-127.8636, 51.6643], [-127.8737, 51.6734], [-127.8777, 51.6965], [-127.8771, 51.7148], [-127.8743, 51.7224], [-127.8681, 51.7303], [-127.8649, 51.7377], [-127.8746, 51.7506], [-127.8777, 51.7582], [-127.8777, 51.7852], [-127.8797, 51.7921], [-127.8893, 51.8056], [-127.892, 51.8162], [-127.8777, 51.8436], [-127.8845, 51.8606], [-127.8826, 51.8655], [-127.8715, 51.8702], [-127.8669, 51.8886], [-127.8602, 51.9065], [-127.8496, 51.9201], [-127.8168, 51.9298], [-127.7822, 51.949], [-127.7654, 51.9534], [-127.7118, 51.9489], [-127.6849, 51.95], [-127.6661, 51.9596], [-127.6735, 51.967], [-127.6592, 51.992], [-127.6479, 52.057], [-127.6381, 52.0837], [-127.6149, 52.1075], [-127.5826, 52.1278], [-127.5474, 52.1433], [-127.5152, 52.152], [-127.4933, 52.1539], [-127.477, 52.1506], [-127.468, 52.1412], [-127.4674, 52.1247], [-127.4755, 52.1066], [-127.4891, 52.0981], [-127.5072, 52.0961], [-127.5657, 52.1], [-127.5765, 52.0937], [-127.6244, 52.0285], [-127.5903, 52.0501], [-127.5607, 52.0778], [-127.5495, 52.0823], [-127.4653, 52.0832], [-127.4305, 52.0888], [-127.4053, 52.1042], [-127.4395, 52.1513], [-127.4432, 52.1589], [-127.4495, 52.1632], [-127.4537, 52.1726], [-127.4517, 52.1819], [-127.4398, 52.1862], [-127.4134, 52.1911], [-127.3983, 52.1964], [-127.3917, 52.2033], [-127.3815, 52.2197], [-127.3573, 52.2292], [-127.2836, 52.2377], [-127.2637, 52.246], [-127.2462, 52.258], [-127.1864, 52.3093], [-127.1726, 52.3165], [-127.1483, 52.319], [-127.0951, 52.3115], [-127.0431, 52.3098], [-127.0198, 52.3062], [-126.9976, 52.2975], [-126.9574, 52.2686], [-126.943, 52.2531], [-126.9372, 52.2347], [-126.9466, 52.2128], [-126.9077, 52.1785], [-126.7788, 52.0976], [-126.7543, 52.0769], [-126.7407, 52.0698], [-126.7107, 52.0468], [-126.6996, 52.0353], [-126.681, 52.0001], [-126.6723, 51.9875], [-126.672, 52.0117], [-126.6698, 52.031], [-126.6722, 52.0473], [-126.6859, 52.0627], [-126.7075, 52.0714], [-126.7165, 52.077], [-126.7233, 52.0951], [-126.7413, 52.1182], [-126.7508, 52.1278], [-126.7926, 52.1532], [-126.8851, 52.1945], [-126.9125, 52.2271], [-126.9032, 52.2452], [-126.9026, 52.2579], [-126.9086, 52.2689], [-126.93, 52.2934], [-126.9385, 52.3059], [-126.939, 52.3201], [-126.9255, 52.337], [-126.9176, 52.3402], [-126.8846, 52.3444], [-126.8803, 52.3477], [-126.8781, 52.3564], [-126.8747, 52.3581], [-126.8559, 52.3572], [-126.8141, 52.368], [-126.7748, 52.3712], [-126.7338, 52.3712], [-126.753, 52.3934], [-126.7851, 52.3974], [-126.913, 52.372], [-126.941, 52.3627], [-126.9672, 52.3507], [-127.0023, 52.3393], [-127.0416, 52.3378], [-127.1173, 52.3507], [-127.144, 52.3493], [-127.1522, 52.3507], [-127.159, 52.3555], [-127.1658, 52.3712], [-127.1897, 52.3879], [-127.1929, 52.3987], [-127.1794, 52.4121], [-127.1999, 52.4394], [-127.2104, 52.4467], [-127.2191, 52.4503], [-127.225, 52.4561], [-127.2327, 52.5079], [-127.2277, 52.5229], [-127.1908, 52.5548], [-127.1712, 52.5683], [-127.1496, 52.5794], [-127.109, 52.5893], [-127.0755, 52.6151], [-127.0559, 52.625], [-127.003, 52.6336], [-126.9823, 52.6447], [-126.974, 52.6694], [-126.966, 52.6856], [-126.9318, 52.7128], [-126.9255, 52.7343], [-126.9319, 52.7529], [-126.9552, 52.7883], [-126.9696, 52.8294], [-126.9917, 52.8438], [-127.0423, 52.8646], [-127.0651, 52.8832], [-127.0764, 52.8851], [-127.0609, 52.8598], [-127.0172, 52.8137], [-127.0013, 52.7827], [-127.0002, 52.7755], [-127.0013, 52.7516], [-126.9835, 52.7327], [-126.9801, 52.7243], [-126.9869, 52.7109], [-127.0538, 52.653], [-127.1522, 52.6114], [-127.2135, 52.5738], [-127.2234, 52.5663], [-127.2432, 52.5613], [-127.2587, 52.5533], [-127.2551, 52.5362], [-127.2693, 52.5288], [-127.2776, 52.5222], [-127.2818, 52.5151], [-127.2798, 52.5036], [-127.2655, 52.4897], [-127.262, 52.4844], [-127.2689, 52.469], [-127.2855, 52.4591], [-127.4525, 52.4118], [-127.4736, 52.3886], [-127.4951, 52.3588], [-127.5422, 52.3418], [-127.5893, 52.3309], [-127.6108, 52.3196], [-127.6166, 52.2985], [-127.6314, 52.296], [-127.6516, 52.3013], [-127.6735, 52.3035], [-127.692, 52.2958], [-127.7101, 52.2838], [-127.7303, 52.2763], [-127.7554, 52.2818], [-127.7505, 52.292], [-127.7477, 52.3128], [-127.7445, 52.3196], [-127.7357, 52.3289], [-127.7145, 52.3581], [-127.7366, 52.3544], [-127.7558, 52.3393], [-127.7828, 52.3035], [-127.7913, 52.2869], [-127.7949, 52.2759], [-127.7964, 52.2647], [-127.8005, 52.2563], [-127.8299, 52.2408], [-127.8473, 52.2248], [-127.8607, 52.216], [-127.8724, 52.2196], [-127.8845, 52.2408], [-127.8861, 52.266], [-127.8898, 52.2771], [-127.9144, 52.2851], [-127.9233, 52.2937], [-127.9294, 52.305], [-127.9329, 52.3165], [-127.9233, 52.3236], [-127.9155, 52.339], [-127.9093, 52.3476], [-127.8971, 52.3544], [-127.8707, 52.3548], [-127.8578, 52.3581], [-127.8475, 52.3713], [-127.8566, 52.3851], [-127.892, 52.4121], [-127.9149, 52.4411], [-127.9187, 52.4503], [-127.9148, 52.4644], [-127.8845, 52.4879], [-127.8726, 52.5041], [-127.8736, 52.5119], [-127.8883, 52.5151], [-127.8966, 52.5122], [-127.9092, 52.4959], [-127.9187, 52.4879], [-127.9147, 52.4797], [-127.9261, 52.4468], [-127.9252, 52.4328], [-127.909, 52.4207], [-127.8988, 52.4059], [-127.9026, 52.3853], [-127.9224, 52.3623], [-127.9677, 52.3227], [-128.0006, 52.3371], [-128.0159, 52.3467], [-128.0275, 52.376], [-128.0532, 52.3935], [-128.0639, 52.4059], [-128.0565, 52.4121], [-128.0666, 52.4497], [-128.0531, 52.4852], [-128.0233, 52.5115], [-127.9845, 52.522], [-127.9716, 52.5187], [-127.9473, 52.5015], [-127.9342, 52.5059], [-127.934, 52.5146], [-127.9398, 52.5294], [-127.9302, 52.5351], [-127.9081, 52.5386], [-127.8988, 52.5424], [-127.8914, 52.5509], [-127.8858, 52.5618], [-127.8777, 52.5841], [-127.8956, 52.5782], [-127.9317, 52.5605], [-128.0282, 52.5476], [-128.0465, 52.5394], [-128.0712, 52.5178], [-128.0924, 52.5133], [-128.0975, 52.5084], [-128.1042, 52.4946], [-128.1527, 52.4326], [-128.16, 52.4135], [-128.1657, 52.4059], [-128.1728, 52.4006], [-128.1971, 52.3886], [-128.2346, 52.3264], [-128.283, 52.2839], [-128.2967, 52.2756], [-128.3109, 52.2757], [-128.3307, 52.2864], [-128.3411, 52.2892], [-128.3678, 52.2899], [-128.3803, 52.2918], [-128.3922, 52.296], [-128.3795, 52.3094], [-128.3635, 52.3182], [-128.3302, 52.3302], [-128.3392, 52.3488], [-128.3384, 52.3686], [-128.3285, 52.3864], [-128.3104, 52.3991], [-128.2987, 52.4024], [-128.2721, 52.3991], [-128.2605, 52.4024], [-128.2572, 52.4105], [-128.2561, 52.4206], [-128.2516, 52.4294], [-128.2381, 52.4432], [-128.2262, 52.4605], [-128.222, 52.4794], [-128.234, 52.5054], [-128.2346, 52.5294], [-128.243, 52.5588], [-128.2421, 52.5704], [-128.2331, 52.5886], [-128.1936, 52.6393], [-128.1884, 52.6677], [-128.1831, 52.6765], [-128.1566, 52.6956], [-128.1527, 52.7038], [-128.1515, 52.7148], [-128.1484, 52.7206], [-128.1256, 52.7528], [-128.1247, 52.7653], [-128.1269, 52.7851], [-128.1365, 52.8232], [-128.1383, 52.8441], [-128.1322, 52.8731], [-128.1095, 52.8921], [-128.0783, 52.9024], [-128.0377, 52.9071], [-128.0306, 52.911], [-128.0288, 52.9167], [-128.0357, 52.9229], [-128.0417, 52.9236], [-128.1051, 52.9121], [-128.1215, 52.914], [-128.1322, 52.9267], [-128.1383, 52.9267], [-128.1416, 52.9074], [-128.1535, 52.8843], [-128.1681, 52.8635], [-128.1794, 52.8509], [-128.2141, 52.8305], [-128.2369, 52.8082], [-128.2482, 52.8032], [-128.2755, 52.7998], [-128.3055, 52.8028], [-128.3714, 52.8202], [-128.433, 52.8237], [-128.443, 52.8277], [-128.4504, 52.8518], [-128.4779, 52.8683], [-128.4975, 52.8947], [-128.4987, 52.8994], [-128.4925, 52.9086], [-128.4967, 52.9294], [-128.5084, 52.9639], [-128.5104, 52.9852], [-128.5139, 53.0], [-82.2861, 53.0], [-82.2833, 52.9916], [-82.2863, 52.9778], [-82.3012, 52.9676], [-82.2747, 52.9575], [-82.2366, 52.926], [-82.1964, 52.9164], [-82.1708, 52.8994], [-82.125, 52.8918], [-82.1094, 52.8851], [-82.0419, 52.8428], [-81.9881, 52.7984], [-81.977, 52.7822], [-81.9858, 52.7684], [-81.9598, 52.7477], [-81.9182, 52.6804], [-81.8862, 52.666], [-81.8517, 52.6564], [-81.8159, 52.6337], [-81.7108, 52.5336], [-81.6798, 52.5109], [-81.6464, 52.5015], [-81.5638, 52.4562], [-81.5568, 52.4444], [-81.5603, 52.4302], [-81.5749, 52.4121], [-81.5665, 52.3958], [-81.5545, 52.3531], [-81.5436, 52.3444], [-81.5314, 52.3395], [-81.4902, 52.3144], [-81.4787, 52.3035], [-81.5815, 52.3165], [-81.6066, 52.3137], [-81.7216, 52.2769], [-81.7354, 52.2756], [-81.744, 52.2582], [-81.7539, 52.2512], [-81.7704, 52.2582], [-81.7919, 52.2642], [-81.8202, 52.2594], [-81.8484, 52.248], [-81.8691, 52.2346], [-81.8472, 52.239], [-81.8275, 52.2482], [-81.8214, 52.2408], [-81.8516, 52.2206], [-81.8828, 52.1936], [-81.8581, 52.1941], [-81.8325, 52.1993], [-81.8089, 52.2092], [-81.7713, 52.2364], [-81.7468, 52.2419], [-81.512, 52.2393], [-81.4651, 52.2203], [-81.4374, 52.1908], [-81.3906, 52.1278], [-81.3552, 52.1042], [-81.2707, 52.091], [-81.2331, 52.0709], [-81.1566, 52.0428], [-81.1296, 52.044], [-81.1131, 52.0521], [-81.0987, 52.0546], [-81.0781, 52.039], [-81.057, 52.0266], [-81.0025, 52.0148], [-80.9791, 52.0018], [-80.973, 51.994], [-80.958, 51.967], [-80.9341, 51.939], [-80.9209, 51.9094], [-80.8977, 51.8966], [-80.8481, 51.8845], [-80.827, 51.8857], [-80.8208, 51.8845], [-80.8166, 51.8809], [-80.8162, 51.8734], [-80.814, 51.8702], [-80.7778, 51.8528], [-80.7413, 51.8239], [-80.7047, 51.8026], [-80.6903, 51.7903], [-80.6571, 51.7547], [-80.6461, 51.7473], [-80.6349, 51.7452], [-80.6241, 51.7396], [-80.6051, 51.7235], [-80.5949, 51.7114], [-80.5936, 51.7047], [-80.5953, 51.6979], [-80.5943, 51.6859], [-80.5853, 51.666], [-80.5588, 51.6232], [-80.5492, 51.5911], [-80.5192, 51.535], [-80.5083, 51.5217], [-80.4919, 51.5059], [-80.4729, 51.4927], [-80.4543, 51.4873], [-80.4403, 51.4773], [-80.4361, 51.4545], [-80.4372, 51.4122], [-80.4276, 51.3741], [-80.4298, 51.3572], [-80.4472, 51.3501], [-80.4695, 51.348], [-80.5843, 51.3151], [-80.628, 51.2956], [-80.6688, 51.2711], [-80.7047, 51.2408], [-80.7213, 51.2122], [-80.7283, 51.203], [-80.7455, 51.1884], [-80.7656, 51.1788], [-80.8389, 51.1561], [-80.8618, 51.1446], [-80.8733, 51.1344], [-80.8996, 51.1003], [-80.9094, 51.093], [-80.9667, 51.0747], [-80.9849, 51.0648], [-80.9999, 51.0519], [-81.0126, 51.0354], [-80.978, 51.0395], [-80.9602, 51.0446], [-80.94, 51.0556], [-80.9342, 51.0519], [-80.9309, 51.0441], [-80.9307, 51.0354], [-80.958, 51.015], [-80.9512, 51.0081], [-80.9171, 51.0301], [-80.8782, 51.0956], [-80.8481, 51.1235], [-80.8235, 51.1313], [-80.7702, 51.1343], [-80.7451, 51.1412], [-80.7121, 51.1566], [-80.6898, 51.1616], [-80.67, 51.1862], [-80.6048, 51.2188], [-80.5943, 51.2303], [-80.5863, 51.2482], [-80.5674, 51.2651], [-80.526, 51.2893], [-80.4523, 51.3149], [-80.41, 51.3395], [-80.3851, 51.3414], [-80.2511, 51.3152], [-80.2247, 51.3057], [-80.197, 51.2994], [-80.1361, 51.3013], [-80.1083, 51.2961], [-80.0966, 51.2889], [-80.0804, 51.2733], [-80.0673, 51.2676], [-80.0089, 51.2613], [-79.986, 51.2551], [-79.9233, 51.2067], [-79.8778, 51.1831], [-79.7841, 51.1474], [-79.7445, 51.1235], [-79.7059, 51.0645], [-79.6937, 51.0553], [-79.6759, 51.0498], [-79.5692, 50.9856], [-79.423, 50.8566], [-79.4144, 50.8435], [-79.401, 50.817], [-79.392, 50.8051], [-79.3584, 50.7805], [-79.3541, 50.771], [-79.3529, 50.7434], [-79.347, 50.733], [-79.3343, 50.7269], [-79.3345, 50.7684], [-79.3396, 50.7918], [-79.3575, 50.8021], [-79.3692, 50.8114], [-79.4093, 50.8703], [-79.4434, 50.9038], [-79.464, 50.9191], [-79.4814, 50.9256], [-79.4979, 50.934], [-79.529, 50.9768], [-79.5459, 50.9945], [-79.6698, 51.0584], [-79.7036, 51.09], [-79.7257, 51.1218], [-79.7427, 51.1576], [-79.7471, 51.1955], [-79.7315, 51.2334], [-79.694, 51.281], [-79.6795, 51.3132], [-79.6868, 51.3398], [-79.6946, 51.3517], [-79.6996, 51.3684], [-79.7008, 51.3854], [-79.6968, 51.3985], [-79.6903, 51.3995], [-79.6453, 51.419], [-79.6278, 51.4244], [-79.6051, 51.4478], [-79.5906, 51.4531], [-79.5319, 51.4617], [-79.5192, 51.4674], [-79.5191, 51.4835], [-79.5297, 51.5097], [-79.5453, 51.5367], [-79.5602, 51.5555], [-79.5164, 51.5603], [-79.4681, 51.5802], [-79.346, 51.6618], [-79.3232, 51.667], [-79.279, 51.642], [-79.2555, 51.6387], [-79.2445, 51.6309], [-79.2585, 51.6039], [-79.2811, 51.5721], [-79.2856, 51.552], [-79.2756, 51.5316], [-79.2659, 51.5278], [-79.1842, 51.5257], [-79.1692, 51.5283], [-79.1412, 51.5425], [-79.1282, 51.5425], [-79.1096, 51.5307], [-79.0941, 51.5183], [-79.0828, 51.5067], [-79.0291, 51.4799], [-79.0115, 51.4674], [-79.0066, 51.4558], [-79.0072, 51.4319], [-79.0053, 51.419], [-78.9984, 51.4068], [-78.9786, 51.3891], [-78.9706, 51.3774], [-78.9525, 51.3116], [-78.9398, 51.2927], [-78.935, 51.2816], [-78.9409, 51.2723], [-78.9606, 51.2579], [-78.9634, 51.2474], [-78.9598, 51.2325], [-78.9532, 51.2192], [-78.9125, 51.1825], [-78.9009, 51.1771], [-78.847, 51.1645], [-78.8587, 51.1764], [-78.8702, 51.1928], [-78.8829, 51.2073], [-78.9143, 51.2192], [-78.9198, 51.233], [-78.9191, 51.2506], [-78.9122, 51.2892], [-78.9033, 51.3044], [-78.8849, 51.3197], [-78.8624, 51.3442], [-78.8481, 51.3509], [-78.8266, 51.3501], [-78.8401, 51.3629], [-78.8797, 51.3745], [-78.888, 51.3876], [-78.8822, 51.4033], [-78.8677, 51.4137], [-78.8499, 51.4223], [-78.8334, 51.4327], [-78.8097, 51.4605], [-78.7938, 51.4745], [-78.7536, 51.4862], [-78.69, 51.4873], [-78.7131, 51.5065], [-78.7823, 51.5036], [-78.8129, 51.5146], [-78.8227, 51.5377], [-78.8197, 51.568], [-78.8082, 51.5956], [-78.7924, 51.6108], [-78.804, 51.6135], [-78.8293, 51.6142], [-78.8408, 51.617], [-78.8675, 51.6468], [-78.8784, 51.6517], [-78.9051, 51.6535], [-78.9293, 51.6605], [-78.9425, 51.6751], [-78.9364, 51.7001], [-78.9657, 51.7111], [-78.9806, 51.7186], [-78.9917, 51.7269], [-79.0091, 51.7535], [-79.0194, 51.7632], [-79.0388, 51.7685], [-79.029, 51.7857], [-79.015, 51.7961], [-78.9975, 51.8013], [-78.9774, 51.8026], [-78.948, 51.7966], [-78.9364, 51.7957], [-78.9238, 51.7982], [-78.9017, 51.8079], [-78.8764, 51.8149], [-78.8571, 51.8269], [-78.8406, 51.8423], [-78.8334, 51.8572], [-78.8397, 51.8683], [-78.8684, 51.8903], [-78.875, 51.9087], [-78.8915, 51.9321], [-78.8926, 51.9468], [-78.8712, 51.9534], [-78.8273, 51.9579], [-78.7472, 51.9769], [-78.7308, 51.9874], [-78.7197, 52.014], [-78.7006, 52.0144], [-78.6962, 52.0183], [-78.6974, 52.0395], [-78.7015, 52.0482], [-78.7099, 52.0565], [-78.6693, 52.0551], [-78.6497, 52.0587], [-78.6348, 52.0694], [-78.6409, 52.0721], [-78.6553, 52.0837], [-78.6333, 52.0936], [-78.6116, 52.0985], [-78.5913, 52.1061], [-78.5733, 52.1247], [-78.559, 52.1657], [-78.5372, 52.1889], [-78.5317, 52.1998], [-78.553, 52.2364], [-78.5467, 52.2466], [-78.5181, 52.2551], [-78.49, 52.2567], [-78.4082, 52.2408], [-78.4082, 52.2482], [-78.4247, 52.2558], [-78.4487, 52.2724], [-78.4672, 52.2756], [-78.5123, 52.2776], [-78.5351, 52.2757], [-78.5528, 52.2681], [-78.5589, 52.2888], [-78.5469, 52.3044], [-78.5118, 52.3302], [-78.4996, 52.3558], [-78.5081, 52.3675], [-78.5235, 52.3768], [-78.5317, 52.3953], [-78.5157, 52.4105], [-78.5099, 52.4214], [-78.5184, 52.4264], [-78.5351, 52.4307], [-78.5431, 52.4401], [-78.5404, 52.4494], [-78.5136, 52.458], [-78.512, 52.4674], [-78.516, 52.4768], [-78.5215, 52.4809], [-78.5665, 52.4879], [-78.5589, 52.4974], [-78.5454, 52.5055], [-78.5454, 52.5151], [-78.5517, 52.5248], [-78.5631, 52.5333], [-78.5758, 52.5394], [-78.5863, 52.5424], [-78.6327, 52.5317], [-78.6528, 52.5317], [-78.649, 52.5493], [-78.6677, 52.556], [-78.6835, 52.5526], [-78.699, 52.5458], [-78.7173, 52.5424], [-78.7099, 52.5629], [-78.7248, 52.5624], [-78.7651, 52.5704], [-78.7651, 52.5772], [-78.7445, 52.5775], [-78.7103, 52.5944], [-78.69, 52.5977], [-78.7091, 52.6111], [-78.7309, 52.6175], [-78.7309, 52.625], [-78.7099, 52.625], [-78.7189, 52.6383], [-78.7242, 52.6523], [-78.7403, 52.6467], [-78.756, 52.6465], [-78.7711, 52.6508], [-78.7856, 52.6591], [-78.7615, 52.6838], [-78.7624, 52.696], [-78.7836, 52.7003], [-78.8197, 52.7007], [-78.8197, 52.7069], [-78.7969, 52.7084], [-78.7784, 52.7138], [-78.772, 52.7242], [-78.7856, 52.741], [-78.8038, 52.7457], [-78.8306, 52.7493], [-78.8502, 52.7574], [-78.847, 52.7752], [-78.8308, 52.7825], [-78.7576, 52.7827], [-78.735, 52.7892], [-78.7265, 52.7981], [-78.7269, 52.8111], [-78.7309, 52.8304], [-78.7502, 52.8209], [-78.7606, 52.8179], [-78.7716, 52.8168], [-78.7804, 52.8196], [-78.775, 52.8262], [-78.69, 52.8851], [-78.7049, 52.8857], [-78.7831, 52.8715], [-78.796, 52.8709], [-78.8284, 52.8742], [-78.8424, 52.878], [-78.8553, 52.8839], [-78.8675, 52.8925], [-78.881, 52.912], [-78.89, 52.9221], [-78.9017, 52.9266], [-78.8745, 52.9398], [-78.8669, 52.9496], [-78.8675, 52.9676], [-78.8524, 52.9605], [-78.8219, 52.9671], [-78.8061, 52.9602], [-78.793, 52.9689], [-78.7856, 52.9819], [-78.8132, 52.9814], [-78.8258, 52.9839], [-78.8371, 52.9912], [-78.8428, 53.0], [-60.0, 53.0], [-60.0, 50.2532], [-60.0168, 50.2447], [-60.0394, 50.2432], [-60.0637, 50.254], [-60.0723, 50.2459], [-60.0897, 50.2436], [-60.0985, 50.2403], [-60.1116, 50.226], [-60.1349, 50.213], [-60.1401, 50.2155], [-60.1327, 50.2329], [-60.1737, 50.2329], [-60.1619, 50.2402], [-60.1555, 50.2508], [-60.153, 50.2627], [-60.1535, 50.2884], [-60.177, 50.2875], [-60.199, 50.2757], [-60.2226, 50.2524], [-60.2465, 50.2347], [-60.2698, 50.2403], [-60.2488, 50.254], [-60.2403, 50.2633], [-60.235, 50.2745], [-60.2506, 50.2689], [-60.2633, 50.2709], [-60.2721, 50.2799], [-60.276, 50.2949], [-60.2859, 50.285], [-60.2857, 50.2533], [-60.2937, 50.2465], [-60.3317, 50.2524], [-60.3498, 50.2532], [-60.3654, 50.2465], [-60.358, 50.2399], [-60.3541, 50.2336], [-60.3559, 50.2286], [-60.3654, 50.226], [-60.3746, 50.2286], [-60.3821, 50.2431], [-60.4091, 50.2546], [-60.4238, 50.2444], [-60.4308, 50.2414], [-60.4384, 50.2418], [-60.4473, 50.2465], [-60.4412, 50.2608], [-60.4691, 50.2555], [-60.4992, 50.254], [-60.508, 50.2496], [-60.53, 50.2303], [-60.5404, 50.226], [-60.5999, 50.2164], [-60.6221, 50.223], [-60.6186, 50.254], [-60.6405, 50.2373], [-60.6511, 50.2311], [-60.6671, 50.226], [-60.7223, 50.226], [-60.7148, 50.2403], [-60.7362, 50.2403], [-60.7523, 50.2342], [-60.766, 50.2234], [-60.7803, 50.209], [-60.7941, 50.2047], [-60.8213, 50.2222], [-60.8384, 50.2198], [-60.8311, 50.2373], [-60.8155, 50.249], [-60.796, 50.2563], [-60.7769, 50.2608], [-60.8026, 50.2671], [-60.8356, 50.2563], [-60.9308, 50.2029], [-60.9346, 50.1993], [-60.9425, 50.2012], [-60.9459, 50.2058], [-60.947, 50.2132], [-60.9551, 50.2198], [-60.963, 50.2199], [-60.9762, 50.2135], [-60.9823, 50.2124], [-61.0261, 50.2272], [-61.0438, 50.226], [-61.0487, 50.2217], [-61.0506, 50.2056], [-61.0579, 50.2059], [-61.0785, 50.2124], [-61.1059, 50.2056], [-61.108, 50.1995], [-61.1125, 50.195], [-61.1195, 50.1925], [-61.1486, 50.2025], [-61.1606, 50.2017], [-61.1531, 50.185], [-61.1659, 50.1854], [-61.2046, 50.2014], [-61.2254, 50.2056], [-61.3113, 50.1993], [-61.4277, 50.1686], [-61.5063, 50.1581], [-61.585, 50.13], [-61.6408, 50.1212], [-61.6949, 50.1031], [-61.7179, 50.1], [-61.7843, 50.1031], [-61.7843, 50.1099], [-61.7641, 50.1113], [-61.7353, 50.1267], [-61.7056, 50.1321], [-61.6124, 50.1567], [-61.5956, 50.1584], [-61.5817, 50.1638], [-61.5738, 50.1756], [-61.5761, 50.1874], [-61.5925, 50.1925], [-61.6109, 50.1745], [-61.6374, 50.1666], [-61.6949, 50.1584], [-61.7477, 50.1383], [-61.7768, 50.1341], [-61.8048, 50.1441], [-61.7967, 50.1721], [-61.8156, 50.1907], [-61.8393, 50.205], [-61.8458, 50.2198], [-61.8632, 50.2302], [-61.8849, 50.2337], [-61.9245, 50.2329], [-61.9616, 50.2413], [-61.9827, 50.2305], [-61.9963, 50.2274], [-62.0239, 50.226], [-62.1338, 50.2403], [-62.2125, 50.2418], [-62.2368, 50.2465], [-62.2805, 50.2634], [-62.2998, 50.2737], [-62.315, 50.2844], [-62.327, 50.2892], [-62.3397, 50.2875], [-62.38, 50.2768], [-62.3836, 50.2779], [-62.3876, 50.285], [-62.3878, 50.2909], [-62.3903, 50.2945], [-62.4006, 50.2949], [-62.4124, 50.2906], [-62.427, 50.2735], [-62.4348, 50.2676], [-62.4506, 50.2655], [-62.4591, 50.2706], [-62.4667, 50.2777], [-62.4795, 50.2812], [-62.5957, 50.2773], [-62.7507, 50.2875], [-62.7507, 50.2949], [-62.7091, 50.3092], [-62.7091, 50.3154], [-62.755, 50.3053], [-62.7781, 50.3027], [-62.7917, 50.3092], [-62.7987, 50.299], [-62.8085, 50.2943], [-62.8326, 50.2875], [-62.8524, 50.2943], [-62.9316, 50.2875], [-62.9596, 50.2882], [-62.9698, 50.2913], [-62.9797, 50.2983], [-62.9931, 50.3134], [-63.002, 50.317], [-63.0176, 50.3154], [-63.0286, 50.3098], [-63.0447, 50.2925], [-63.0524, 50.2875], [-63.068, 50.2862], [-63.1104, 50.2949], [-63.1583, 50.2949], [-63.1767, 50.2901], [-63.1752, 50.2794], [-63.1616, 50.2608], [-63.1771, 50.2515], [-63.2029, 50.2451], [-63.2506, 50.2403], [-63.3348, 50.2503], [-63.3602, 50.2465], [-63.3705, 50.2405], [-63.387, 50.2246], [-63.395, 50.2198], [-63.4206, 50.219], [-63.4355, 50.2202], [-63.4422, 50.2229], [-63.4479, 50.2421], [-63.4632, 50.2553], [-63.485, 50.2635], [-63.5104, 50.2676], [-63.5363, 50.2668], [-63.6035, 50.254], [-63.6116, 50.2571], [-63.626, 50.2712], [-63.6377, 50.2745], [-63.6704, 50.2703], [-63.6824, 50.2745], [-63.6885, 50.2799], [-63.7003, 50.2952], [-63.7096, 50.3017], [-63.7222, 50.3043], [-63.768, 50.3017], [-63.78, 50.3039], [-63.7998, 50.3132], [-63.809, 50.3154], [-63.9892, 50.307], [-64.0344, 50.2972], [-64.0959, 50.2909], [-64.1069, 50.2875], [-64.1344, 50.2703], [-64.1448, 50.2676], [-64.2475, 50.2707], [-64.3486, 50.288], [-64.371, 50.2983], [-64.39, 50.31], [-64.4167, 50.3185], [-64.4454, 50.3229], [-64.47, 50.3223], [-64.4918, 50.3157], [-64.5326, 50.2984], [-64.6294, 50.284], [-64.8678, 50.2745], [-64.8768, 50.2727], [-64.8883, 50.2745], [-64.9027, 50.2825], [-64.9074, 50.2869], [-64.902, 50.2875], [-64.916, 50.2883], [-64.9378, 50.2828], [-65.0338, 50.2842], [-65.1171, 50.2974], [-65.151, 50.2989], [-65.1727, 50.2912], [-65.1913, 50.2873], [-65.2169, 50.2985], [-65.2583, 50.3223], [-65.2999, 50.3092], [-65.4569, 50.3017], [-65.5316, 50.2841], [-65.6243, 50.277], [-65.7372, 50.2574], [-65.8385, 50.2605], [-65.8616, 50.2676], [-65.8937, 50.2824], [-65.9292, 50.2928], [-65.9642, 50.2932], [-65.995, 50.2779], [-66.0351, 50.2354], [-66.0465, 50.226], [-66.0627, 50.2213], [-66.0792, 50.2223], [-66.0878, 50.2303], [-66.0807, 50.2465], [-66.1034, 50.2441], [-66.1052, 50.228], [-66.0965, 50.2076], [-66.0875, 50.1925], [-66.1094, 50.1974], [-66.1619, 50.1958], [-66.18, 50.2025], [-66.1951, 50.2126], [-66.2129, 50.2177], [-66.252, 50.2198], [-66.2881, 50.2147], [-66.3232, 50.2053], [-66.357, 50.2014], [-66.4044, 50.2182], [-66.4094, 50.2225], [-66.4044, 50.2363], [-66.4091, 50.2573], [-66.4131, 50.2642], [-66.4296, 50.2731], [-66.4489, 50.2735], [-66.4682, 50.2685], [-66.4989, 50.2525], [-66.5293, 50.2303], [-66.5431, 50.2161], [-66.5495, 50.1983], [-66.541, 50.1844], [-66.5121, 50.1646], [-66.4976, 50.1695], [-66.4715, 50.1741], [-66.4451, 50.1759], [-66.4302, 50.1721], [-66.4285, 50.1634], [-66.4349, 50.1575], [-66.4513, 50.1509], [-66.4661, 50.1427], [-66.4974, 50.1463], [-66.5332, 50.1584], [-66.5635, 50.1572], [-66.5741, 50.1584], [-66.5909, 50.1645], [-66.6181, 50.1795], [-66.6356, 50.185], [-66.6363, 50.175], [-66.6343, 50.166], [-66.6297, 50.158], [-66.6225, 50.1509], [-66.644, 50.1463], [-66.6659, 50.1348], [-66.7011, 50.1066], [-66.7459, 50.0537], [-66.7659, 50.0411], [-66.814, 50.0275], [-66.9121, 50.0113], [-66.9509, 49.9864], [-66.9677, 49.9668], [-66.9751, 49.9555], [-66.9789, 49.9449], [-66.9686, 49.9249], [-66.9659, 49.9154], [-66.9914, 49.9031], [-67.0039, 49.8838], [-67.0149, 49.8609], [-67.0266, 49.8424], [-67.0449, 49.8283], [-67.0557, 49.8323], [-67.068, 49.8431], [-67.0912, 49.8493], [-67.1129, 49.8441], [-67.1315, 49.8313], [-67.1462, 49.8157], [-67.1659, 49.7881], [-67.1747, 49.7718], [-67.1815, 49.7549], [-67.1843, 49.7394], [-67.1803, 49.7227], [-67.1727, 49.7091], [-67.1673, 49.6952], [-67.17, 49.678], [-67.1799, 49.6655], [-67.2128, 49.6374], [-67.2252, 49.6234], [-67.2309, 49.6116], [-67.2451, 49.5681], [-67.234, 49.5461], [-67.2316, 49.514], [-67.236, 49.4816], [-67.2451, 49.4588], [-67.2682, 49.4335], [-67.3763, 49.3392], [-67.4011, 49.3297], [-67.5493, 49.3312], [-67.5833, 49.3275], [-67.6151, 49.3149], [-67.629, 49.3213], [-67.6449, 49.3205], [-67.674, 49.3149], [-67.7355, 49.3149], [-67.7459, 49.3132], [-67.7746, 49.3036], [-67.7836, 49.2982], [-67.7943, 49.2872], [-67.8031, 49.282], [-67.8141, 49.2802], [-67.8614, 49.2825], [-67.9177, 49.293], [-67.9447, 49.2944], [-67.9958, 49.2872], [-68.0264, 49.2867], [-68.0546, 49.2944], [-68.0585, 49.2825], [-68.0657, 49.2735], [-68.0824, 49.2602], [-68.1224, 49.2713], [-68.1359, 49.2557], [-68.1432, 49.2286], [-68.1644, 49.2056], [-68.172, 49.2042], [-68.1979, 49.2056], [-68.206, 49.2025], [-68.2198, 49.1937], [-68.2289, 49.192], [-68.2837, 49.1943], [-68.3009, 49.1982], [-68.3009, 49.192], [-68.254, 49.1671], [-68.2354, 49.164], [-68.2034, 49.1704], [-68.1905, 49.1675], [-68.1836, 49.151], [-68.1811, 49.1245], [-68.2196, 49.112], [-68.3254, 49.0985], [-68.3429, 49.0902], [-68.3766, 49.069], [-68.3923, 49.0639], [-68.4089, 49.0618], [-68.4443, 49.0616], [-68.3821, 49.0999], [-68.3698, 49.1156], [-68.3719, 49.1403], [-68.4065, 49.1637], [-68.4033, 49.1845], [-68.4333, 49.1962], [-68.4443, 49.1982], [-68.4302, 49.1839], [-68.4178, 49.1584], [-68.4071, 49.123], [-68.4176, 49.1199], [-68.4518, 49.0958], [-68.4872, 49.0837], [-68.515, 49.0699], [-68.5748, 49.0605], [-68.5951, 49.0548], [-68.6151, 49.0395], [-68.6346, 49.017], [-68.6445, 48.9912], [-68.6361, 48.9654], [-68.6988, 48.9449], [-68.6886, 48.9324], [-68.6554, 48.9296], [-68.6435, 48.9177], [-68.7838, 48.9108], [-68.7953, 48.9074], [-68.8148, 48.8829], [-68.8831, 48.847], [-68.9068, 48.8398], [-68.9247, 48.8304], [-68.9496, 48.8258], [-68.9542, 48.8194], [-68.9551, 48.8105], [-68.9595, 48.801], [-68.9744, 48.7882], [-68.9911, 48.7823], [-69.0373, 48.7805], [-69.0557, 48.7735], [-69.0696, 48.7562], [-69.1179, 48.6306], [-69.1444, 48.6005], [-69.1916, 48.5887], [-69.2205, 48.5965], [-69.2295, 48.5921], [-69.2678, 48.5433], [-69.2806, 48.5111], [-69.2878, 48.4993], [-69.2894, 48.4646], [-69.3255, 48.4253], [-69.4044, 48.3627], [-69.4301, 48.3177], [-69.4466, 48.2962], [-69.4696, 48.2871], [-69.4924, 48.2819], [-69.5478, 48.2454], [-69.5544, 48.2447], [-69.5691, 48.2467], [-69.5752, 48.2454], [-69.5797, 48.2404], [-69.5802, 48.2294], [-69.582, 48.2255], [-69.6545, 48.1629], [-69.676, 48.1499], [-69.6987, 48.1436], [-69.7128, 48.1445], [-69.7471, 48.1567], [-69.7617, 48.1584], [-69.7983, 48.1567], [-69.8199, 48.1619], [-69.8369, 48.1749], [-69.8631, 48.2051], [-69.8823, 48.2211], [-69.9451, 48.2591], [-69.9851, 48.2784], [-70.0376, 48.2786], [-70.0937, 48.2726], [-70.1444, 48.2734], [-70.1673, 48.2834], [-70.211, 48.315], [-70.2335, 48.3217], [-70.259, 48.3251], [-70.2835, 48.3333], [-70.3692, 48.3741], [-70.3929, 48.3769], [-70.4149, 48.3658], [-70.4352, 48.363], [-70.6344, 48.3968], [-70.6774, 48.3915], [-70.693, 48.3928], [-70.7129, 48.4037], [-70.7472, 48.4276], [-70.7667, 48.435], [-70.7921, 48.4378], [-70.8241, 48.4317], [-70.8364, 48.4347], [-70.8776, 48.4495], [-70.9872, 48.4652], [-71.0116, 48.4623], [-71.048, 48.449], [-71.0698, 48.4446], [-70.9977, 48.453], [-70.9736, 48.4515], [-70.8876, 48.4216], [-70.8326, 48.4148], [-70.8059, 48.4075], [-70.7885, 48.3957], [-70.7921, 48.3797], [-70.8114, 48.3697], [-70.8385, 48.3646], [-70.8917, 48.3627], [-70.8788, 48.3476], [-70.8738, 48.3338], [-70.8656, 48.3242], [-70.8433, 48.3217], [-70.8268, 48.3257], [-70.7818, 48.3485], [-70.7445, 48.3553], [-70.6005, 48.3564], [-70.5453, 48.3627], [-70.4775, 48.3564], [-70.4628, 48.3519], [-70.4432, 48.3428], [-70.3925, 48.3381], [-70.3596, 48.3284], [-70.3459, 48.326], [-70.3343, 48.3212], [-70.3238, 48.3011], [-70.3113, 48.2995], [-70.2974, 48.3027], [-70.2877, 48.3075], [-70.2306, 48.2728], [-70.163, 48.2451], [-70.0926, 48.2348], [-70.0277, 48.2529], [-70.0042, 48.242], [-69.9503, 48.2308], [-69.9249, 48.2219], [-69.9062, 48.2073], [-69.87, 48.1567], [-69.8467, 48.1428], [-69.818, 48.1347], [-69.7605, 48.13], [-69.736, 48.1225], [-69.7424, 48.1055], [-69.7744, 48.0748], [-69.7809, 48.0577], [-69.7928, 48.0063], [-69.7949, 47.9887], [-69.8258, 47.97], [-69.8241, 47.9531], [-69.8266, 47.9399], [-69.8353, 47.9171], [-69.8468, 47.9001], [-69.8942, 47.8516], [-69.9056, 47.8345], [-69.9193, 47.7923], [-69.932, 47.7731], [-69.943, 47.7654], [-69.9677, 47.7546], [-69.9798, 47.7464], [-70.017, 47.7083], [-70.0345, 47.6973], [-70.0753, 47.6817], [-70.0863, 47.6741], [-70.0997, 47.6681], [-70.1306, 47.6673], [-70.1444, 47.6564], [-70.1371, 47.6423], [-70.1551, 47.626], [-70.1816, 47.6098], [-70.1996, 47.5955], [-70.2062, 47.5798], [-70.2058, 47.5403], [-70.2101, 47.5284], [-70.2174, 47.517], [-70.2369, 47.4956], [-70.248, 47.4896], [-70.2784, 47.4821], [-70.3022, 47.4694], [-70.3175, 47.4663], [-70.3754, 47.4614], [-70.4074, 47.4534], [-70.4371, 47.4424], [-70.4591, 47.4305], [-70.4803, 47.4401], [-70.4869, 47.4448], [-70.4971, 47.4293], [-70.5069, 47.3796], [-70.5174, 47.369], [-70.5338, 47.3596], [-70.5485, 47.3376], [-70.5689, 47.2933], [-70.5977, 47.2494], [-70.6174, 47.2275], [-70.6344, 47.2182], [-70.6856, 47.1492], [-70.715, 47.1176], [-70.7506, 47.0918], [-70.7917, 47.0724], [-70.9203, 47.0372], [-70.9569, 47.0207], [-71.191, 46.8581], [-71.2001, 46.8483], [-71.2269, 46.81], [-71.2319, 46.7984], [-71.2448, 46.789], [-71.3025, 46.7589], [-71.3179, 46.7567], [-71.3417, 46.7423], [-71.354, 46.739], [-71.4632, 46.7345], [-71.5148, 46.7247], [-71.5929, 46.7008], [-71.6442, 46.6932], [-71.694, 46.6744], [-71.7202, 46.6701], [-71.772, 46.6701], [-71.7829, 46.6722], [-71.8033, 46.6816], [-71.8127, 46.6837], [-71.8402, 46.687], [-71.8609, 46.6918], [-71.8805, 46.6907], [-71.972, 46.6295], [-72.0137, 46.6077], [-72.0554, 46.5943], [-72.1419, 46.5807], [-72.2125, 46.561], [-72.2279, 46.5534], [-72.2364, 46.5362], [-72.2517, 46.4823], [-72.258, 46.4709], [-72.2968, 46.451], [-72.3371, 46.4435], [-72.3574, 46.4367], [-72.3926, 46.4192], [-72.4408, 46.4119], [-72.4623, 46.4023], [-72.6025, 46.3013], [-72.6451, 46.2865], [-72.6676, 46.2839], [-72.7379, 46.2865], [-72.7712, 46.2809], [-72.8445, 46.2648], [-72.914, 46.2424], [-72.9945, 46.2108], [-72.986, 46.1953], [-73.0046, 46.1407], [-73.022, 46.1096], [-73.0716, 46.0897], [-73.1064, 46.0873], [-73.1586, 46.0749], [-73.1793, 46.053], [-73.1821, 46.0348], [-73.1869, 46.0184], [-73.2041, 45.9835], [-73.2623, 45.9022], [-73.2899, 45.8751], [-73.3345, 45.8546], [-73.3559, 45.8415], [-73.3725, 45.8112], [-73.4203, 45.7651], [-73.4954, 45.7279], [-73.6774, 45.7082], [-73.7554, 45.6764], [-73.8627, 45.5926], [-73.8926, 45.5591], [-73.9024, 45.5408], [-73.9095, 45.5347], [-73.9342, 45.5299], [-73.9458, 45.524], [-73.9647, 45.5082], [-73.9792, 45.4984], [-74.0011, 45.4913], [-74.0434, 45.484], [-74.1048, 45.485], [-74.136, 45.4908], [-74.1475, 45.4944], [-74.1738, 45.5181], [-74.1901, 45.5283], [-74.199, 45.5309], [-74.2148, 45.5324], [-74.307, 45.5255], [-74.3216, 45.5288], [-74.3349, 45.537], [-74.3595, 45.5595], [-74.3795, 45.5616], [-74.3656, 45.5528], [-74.3528, 45.5382], [-74.3429, 45.5224], [-74.3297, 45.5097], [-74.307, 45.5045], [-74.2773, 45.5028], [-74.1265, 45.4654], [-74.1015, 45.4634], [-74.0777, 45.4567], [-74.0573, 45.4445], [-74.0377, 45.4385], [-74.0161, 45.4504], [-74.0087, 45.4362], [-74.0147, 45.4203], [-74.0019, 45.3961], [-73.9808, 45.3715], [-73.9615, 45.3542], [-73.9684, 45.352], [-74.0135, 45.3284], [-74.1094, 45.3275], [-74.1533, 45.3201], [-74.1689, 45.308], [-74.1996, 45.2724], [-74.2113, 45.2649], [-74.2338, 45.2621], [-74.3071, 45.2324], [-74.3214, 45.225], [-74.3345, 45.2239], [-74.3462, 45.2206], [-74.364, 45.2061], [-74.3755, 45.2028], [-74.4025, 45.1866], [-74.4134, 45.1823], [-74.4442, 45.1784], [-74.4543, 45.1754], [-74.4731, 45.1644], [-74.4936, 45.1462], [-74.5102, 45.1249], [-74.517, 45.1044], [-74.5263, 45.0911], [-74.548, 45.0802], [-74.6531, 45.0425], [-74.713, 44.9993], [-74.7416, 44.9989], [-74.8685, 45.0101], [-74.8865, 45.0094], [-74.9037, 45.0052], [-74.9402, 44.9877], [-74.9986, 44.9724], [-75.0149, 44.966], [-75.0587, 44.941], [-75.0756, 44.9355], [-75.1296, 44.9252], [-75.2702, 44.8638], [-75.6997, 44.5817], [-75.7546, 44.5276], [-75.8309, 44.4643], [-75.8557, 44.422], [-75.8703, 44.4086], [-76.0673, 44.348], [-76.1498, 44.3045], [-76.1787, 44.2786], [-76.1781, 44.2721], [-76.1697, 44.2477], [-76.1693, 44.2424], [-76.1858, 44.2257], [-76.2066, 44.2174], [-76.3278, 44.1815], [-76.3371, 44.1737], [-76.3444, 44.1582], [-76.3501, 44.1517], [-76.43, 44.1033], [-76.4546, 44.0842], [-76.7972, 43.6453], [-76.8415, 43.6255], [-78.6881, 43.6318], [-78.7508, 43.6171], [-79.1743, 43.4645], [-79.0916, 43.3425], [-79.0584, 43.2778], [-79.0538, 43.2604], [-79.0486, 43.1706], [-79.0516, 43.1469], [-79.0657, 43.1202], [-79.0653, 43.1059], [-79.0629, 43.0965], [-79.0555, 43.0879], [-79.0308, 43.0668], [-79.0233, 43.0581], [-79.022, 43.0494], [-79.0282, 43.0345], [-79.032, 43.0134], [-79.022, 43.0022], [-79.0084, 42.991], [-78.9835, 42.9761], [-78.96, 42.9662], [-78.9363, 42.96], [-78.9153, 42.9476], [-78.9091, 42.9302], [-78.919, 42.8892], [-78.9631, 42.8401], [-79.0194, 42.8027], [-80.2466, 42.3655], [-81.2767, 42.2087], [-82.4249, 41.6768], [-82.4513, 41.6719], [-82.6669, 41.6691], [-82.7111, 41.6802], [-83.0684, 41.8477], [-83.0974, 41.8758], [-83.1234, 41.9203], [-83.157, 42.0004], [-83.1595, 42.0463], [-83.1396, 42.1159], [-83.1359, 42.2003], [-83.1285, 42.24], [-83.1098, 42.2723], [-83.08, 42.3051], [-83.0404, 42.3319], [-82.9435, 42.3555], [-82.8328, 42.398], [-82.8001, 42.418], [-82.6944, 42.5191], [-82.6443, 42.5578], [-82.6085, 42.5611], [-82.5758, 42.5718], [-82.5492, 42.5909], [-82.5262, 42.6199], [-82.5113, 42.6467], [-82.4834, 42.7193], [-82.477, 42.7615], [-82.4713, 42.7798], [-82.471, 42.7906], [-82.4736, 42.7982], [-82.4853, 42.8185], [-82.4823, 42.8351], [-82.468, 42.864], [-82.4648, 42.8836], [-82.4532, 42.919], [-82.4304, 42.9513], [-82.4146, 42.9832], [-82.4164, 43.0171], [-82.4111, 43.0513], [-82.1536, 43.5496], [-82.1457, 43.5764], [-82.1454, 43.6006], [-82.1476, 43.6113], [-82.5321, 45.2935], [-82.5483, 45.3346], [-82.5888, 45.3718], [-83.1993, 45.6416], [-83.484, 45.7719], [-83.6369, 45.7739], [-83.5562, 45.8697], [-83.4659, 45.9931], [-83.4628, 46.0078], [-83.4741, 46.0231], [-83.492, 46.0371], [-83.5088, 46.0474], [-83.5654, 46.0908], [-83.6139, 46.1156], [-83.6648, 46.1192], [-83.7665, 46.1065], [-83.8181, 46.1166], [-83.8393, 46.1192], [-83.8564, 46.1157], [-83.8727, 46.1079], [-83.9307, 46.067], [-83.9473, 46.0606], [-83.9646, 46.0632], [-83.9764, 46.0731], [-83.9958, 46.1012], [-84.0142, 46.116], [-84.021, 46.1516], [-84.0558, 46.1714], [-84.0868, 46.2012], [-84.0968, 46.2248], [-84.0992, 46.2372], [-84.0992, 46.2509], [-84.1191, 46.3142], [-84.1054, 46.3477], [-84.129, 46.375], [-84.1477, 46.3999], [-84.1588, 46.4333], [-84.1104, 46.5265], [-84.1477, 46.5413], [-84.1973, 46.5464], [-84.242, 46.5265], [-84.3053, 46.5016], [-84.3525, 46.5227], [-84.3897, 46.5203], [-84.4232, 46.5116], [-84.4481, 46.4897], [-84.4654, 46.4782], [-84.4783, 46.4665], [-84.4922, 46.4569], [-84.5123, 46.4516], [-84.5413, 46.4528], [-84.5666, 46.4612], [-84.5894, 46.4751], [-84.7733, 46.6334], [-84.7875, 46.6572], [-84.8542, 46.8612], [-84.8637, 46.8819], [-84.8787, 46.8979], [-85.0087, 46.956], [-86.0086, 47.3704], [-86.5323, 47.5819], [-86.8466, 47.7087], [-88.3473, 48.2987], [-88.3765, 48.3051], [-88.4079, 48.3041], [-88.6427, 48.2566], [-89.3404, 47.9842], [-89.3636, 47.9796], [-89.3871, 47.9805], [-89.4618, 47.9945], [-89.5931, 47.9965], [-89.6566, 48.008], [-89.6787, 48.0087], [-89.7128, 48.0034], [-89.7246, 48.0059], [-89.746, 48.0138], [-89.7633, 48.0173], [-89.781, 48.0172], [-89.8035, 48.0138], [-89.9024, 47.9859], [-89.9204, 47.9875], [-89.9803, 48.0101], [-89.9953, 48.0186], [-90.0082, 48.0297], [-90.061, 48.091], [-90.0733, 48.1012], [-90.1204, 48.1154], [-90.1786, 48.1164], [-90.4706, 48.0899], [-90.4905, 48.0962], [-90.5019, 48.0943], [-90.5316, 48.0846], [-90.542, 48.0837], [-90.5622, 48.0888], [-90.5739, 48.0979], [-90.5868, 48.1048], [-90.6111, 48.1035], [-90.7013, 48.0846], [-90.7503, 48.084], [-90.7865, 48.1005], [-90.7967, 48.1171], [-90.8031, 48.1472], [-90.8123, 48.161], [-90.8239, 48.1683], [-90.8343, 48.1718], [-90.843, 48.177], [-90.8497, 48.1896], [-90.8488, 48.1987], [-90.8379, 48.2105], [-90.8407, 48.2201], [-90.8738, 48.2343], [-90.9232, 48.2271], [-91.0081, 48.1944], [-91.0282, 48.1848], [-91.0711, 48.1709], [-91.204, 48.1077], [-91.2381, 48.0826], [-91.2764, 48.0648], [-91.3654, 48.0578], [-91.4279, 48.0364], [-91.4463, 48.0407], [-91.4647, 48.049], [-91.4871, 48.0535], [-91.5748, 48.0482], [-91.587, 48.0526], [-91.5851, 48.0608], [-91.5798, 48.071], [-91.5811, 48.0809], [-91.5897, 48.0883], [-91.5975, 48.0904], [-91.6186, 48.0896], [-91.6925, 48.0979], [-91.7164, 48.1121], [-91.6955, 48.1376], [-91.7276, 48.1683], [-91.7441, 48.1796], [-91.765, 48.1873], [-91.8522, 48.196], [-91.9573, 48.2283], [-91.9755, 48.2366], [-91.9922, 48.2479], [-92.008, 48.2625], [-92.0214, 48.2874], [-92.0301, 48.3132], [-92.0434, 48.3346], [-92.0705, 48.3467], [-92.1547, 48.3501], [-92.2591, 48.3396], [-92.2816, 48.3318], [-92.3031, 48.3109], [-92.3014, 48.2906], [-92.2921, 48.2703], [-92.291, 48.2496], [-92.3037, 48.2393], [-92.3279, 48.2294], [-92.3538, 48.2229], [-92.3719, 48.2226], [-92.3846, 48.2324], [-92.4182, 48.282], [-92.4514, 48.3127], [-92.4625, 48.3293], [-92.4671, 48.3532], [-92.4676, 48.3943], [-92.4745, 48.4105], [-92.4906, 48.4331], [-92.5269, 48.4456], [-92.5705, 48.4467], [-92.6571, 48.4382], [-92.7041, 48.4452], [-92.7189, 48.4598], [-92.7106, 48.4829], [-92.6914, 48.4899], [-92.6467, 48.4974], [-92.6275, 48.5028], [-92.6302, 48.5195], [-92.6486, 48.5363], [-92.7255, 48.5487], [-92.8842, 48.5799], [-92.9556, 48.6122], [-92.9797, 48.6177], [-93.2577, 48.6303], [-93.3857, 48.6149], [-93.4173, 48.6041], [-93.4515, 48.5974], [-93.4538, 48.587], [-93.4523, 48.5727], [-93.4599, 48.5574], [-93.4918, 48.5423], [-93.5666, 48.5383], [-93.5999, 48.5263], [-93.6163, 48.5313], [-93.7568, 48.5165], [-93.7787, 48.5195], [-93.8094, 48.5436], [-93.8357, 48.6171], [-93.8749, 48.6362], [-94.2321, 48.652], [-94.251, 48.6573], [-94.2558, 48.6835], [-94.2585, 48.6908], [-94.2745, 48.7041], [-94.2926, 48.7119], [-94.3116, 48.7139], [-94.4795, 48.7007], [-94.5192, 48.7045], [-94.5929, 48.7264], [-94.6889, 48.7788], [-94.7018, 48.7901], [-94.7109, 48.8075], [-94.7133, 48.8238], [-94.7112, 48.9146], [-94.792, 49.1265], [-94.8037, 49.1464], [-94.8112, 49.1666], [-94.8061, 49.2109], [-94.8104, 49.2296], [-94.8199, 49.252], [-94.8273, 49.2929], [-94.8391, 49.3089], [-94.8562, 49.3183], [-94.9261, 49.3456], [-94.9825, 49.3562], [-95.1028, 49.3539], [-95.1606, 49.3695], [-95.1593, 49.0118]]], [[[-67.2191, 45.1921], [-67.2424, 45.2026], [-67.255, 45.205], [-67.2673, 45.2025], [-67.2772, 45.1951], [-67.2796, 45.1791], [-67.2846, 45.1697], [-67.3192, 45.1539], [-67.3563, 45.1659], [-67.3905, 45.1931], [-67.4276, 45.2366], [-67.4713, 45.2663], [-67.475, 45.2824], [-67.4687, 45.3018], [-67.4591, 45.3184], [-67.4346, 45.3503], [-67.4288, 45.3871], [-67.4823, 45.4555], [-67.4932, 45.4931], [-67.4262, 45.5334], [-67.4221, 45.5688], [-67.4313, 45.5979], [-67.45, 45.6108], [-67.4758, 45.613], [-67.5064, 45.6098], [-67.5519, 45.6104], [-67.6075, 45.6201], [-67.6603, 45.6374], [-67.6908, 45.6538], [-67.7048, 45.6642], [-67.7174, 45.6854], [-67.728, 45.6923], [-67.7355, 45.6908], [-67.7407, 45.6836], [-67.748, 45.6778], [-67.7618, 45.6801], [-67.7861, 45.6912], [-67.8001, 45.6998], [-67.807, 45.7129], [-67.8111, 45.7665], [-67.8063, 45.7818], [-67.7941, 45.7992], [-67.7799, 45.8157], [-67.7728, 45.8281], [-67.7761, 45.8408], [-67.7926, 45.8589], [-67.7992, 45.8757], [-67.7874, 45.89], [-67.7694, 45.904], [-67.7578, 45.9195], [-67.7597, 45.9286], [-67.7766, 45.9429], [-67.7828, 45.9505], [-67.7846, 45.9601], [-67.8052, 47.0356], [-67.8087, 47.0751], [-67.8136, 47.0819], [-67.8547, 47.0979], [-67.8706, 47.1074], [-67.8991, 47.1388], [-67.9434, 47.1645], [-67.95, 47.1729], [-67.9537, 47.1866], [-67.9624, 47.1977], [-67.9932, 47.2232], [-68.0394, 47.2452], [-68.1014, 47.2862], [-68.1154, 47.2923], [-68.1451, 47.3015], [-68.1561, 47.3067], [-68.1843, 47.3331], [-68.197, 47.3414], [-68.2464, 47.3606], [-68.2997, 47.3678], [-68.3478, 47.3585], [-68.382, 47.3278], [-68.3848, 47.3159], [-68.3834, 47.3071], [-68.3856, 47.3017], [-68.4353, 47.2913], [-68.4667, 47.3057], [-68.492, 47.3076], [-68.518, 47.3048], [-68.5397, 47.2999], [-68.5852, 47.2825], [-68.6079, 47.2698], [-68.6256, 47.2552], [-68.6442, 47.2453], [-68.6688, 47.2434], [-68.7178, 47.2452], [-68.7618, 47.237], [-68.8897, 47.1906], [-68.9062, 47.1902], [-69.0402, 47.2491], [-69.0575, 47.2695], [-69.0651, 47.2963], [-69.0662, 47.3297], [-69.0543, 47.3893], [-69.054, 47.4184], [-69.0697, 47.4319], [-69.222, 47.4597], [-69.2373, 47.4588], [-69.2509, 47.4529], [-69.2676, 47.4398], [-70.0078, 46.7041], [-70.0236, 46.6613], [-70.0618, 46.4454], [-70.0743, 46.4195], [-70.1531, 46.3728], [-70.1674, 46.3682], [-70.1884, 46.3584], [-70.197, 46.3369], [-70.2019, 46.3055], [-70.2237, 46.3008], [-70.2362, 46.2883], [-70.2534, 46.2515], [-70.2809, 46.2119], [-70.2848, 46.1919], [-70.2633, 46.1832], [-70.2492, 46.1628], [-70.244, 46.141], [-70.2495, 46.1206], [-70.2644, 46.1066], [-70.3003, 46.0893], [-70.3126, 46.0796], [-70.3114, 46.0719], [-70.2961, 46.0579], [-70.293, 46.054], [-70.292, 46.0487], [-70.2943, 46.0449], [-70.3061, 46.0353], [-70.3169, 45.999], [-70.3163, 45.983], [-70.3039, 45.9686], [-70.2804, 45.9593], [-70.2631, 45.9568], [-70.2559, 45.9489], [-70.2625, 45.923], [-70.2832, 45.8905], [-70.3127, 45.8676], [-70.3898, 45.8251], [-70.4099, 45.8107], [-70.4152, 45.8044], [-70.4172, 45.7938], [-70.4083, 45.7817], [-70.4039, 45.7712], [-70.4024, 45.7497], [-70.4074, 45.7315], [-70.4193, 45.7169], [-70.4391, 45.7059], [-70.4504, 45.7037], [-70.4728, 45.7036], [-70.4848, 45.6996], [-70.5147, 45.6817], [-70.5724, 45.6623], [-70.5896, 45.6518], [-70.6868, 45.5727], [-70.7303, 45.508], [-70.732, 45.4916], [-70.7228, 45.4709], [-70.7074, 45.4564], [-70.6682, 45.439], [-70.6503, 45.4275], [-70.6413, 45.4085], [-70.6536, 45.3955], [-70.6758, 45.3887], [-70.6967, 45.3887], [-70.718, 45.3973], [-70.7525, 45.4223], [-70.7719, 45.43], [-70.7949, 45.4304], [-70.813, 45.4234], [-70.826, 45.4105], [-70.8338, 45.3931], [-70.8355, 45.3731], [-70.8321, 45.3286], [-70.8353, 45.3098], [-70.8424, 45.3012], [-70.8626, 45.2904], [-70.8702, 45.2831], [-70.8725, 45.2742], [-70.8706, 45.2553], [-70.8744, 45.2457], [-70.8924, 45.2346], [-70.9069, 45.2462], [-70.9516, 45.332], [-70.9681, 45.3445], [-70.9932, 45.3478], [-71.0165, 45.3431], [-71.0276, 45.3347], [-71.0367, 45.3234], [-71.0544, 45.3104], [-71.0642, 45.3071], [-71.0856, 45.3042], [-71.0952, 45.3009], [-71.111, 45.2871], [-71.1417, 45.2523], [-71.1603, 45.2458], [-71.1851, 45.2486], [-71.2094, 45.2548], [-71.2934, 45.2923], [-71.3115, 45.2941], [-71.3343, 45.2887], [-71.3521, 45.2783], [-71.3812, 45.2508], [-71.3949, 45.2415], [-71.4388, 45.2335], [-71.449, 45.2269], [-71.4227, 45.2172], [-71.4066, 45.2049], [-71.413, 45.1862], [-71.4416, 45.1507], [-71.4512, 45.1217], [-71.4566, 45.111], [-71.4973, 45.0666], [-71.5048, 45.053], [-71.5066, 45.037], [-71.5041, 45.0137], [-74.6959, 44.998], [-74.713, 44.9993], [-74.6349, 45.014], [-74.4735, 45.0671], [-74.4368, 45.0863], [-74.4071, 45.1147], [-74.4043, 45.1239], [-74.4031, 45.1352], [-74.3996, 45.1448], [-74.3673, 45.1544], [-74.3563, 45.1598], [-74.3295, 45.1781], [-74.3082, 45.184], [-74.2195, 45.1976], [-74.1995, 45.2038], [-74.1644, 45.2286], [-74.1456, 45.234], [-74.0485, 45.2325], [-74.0044, 45.2452], [-73.9643, 45.2678], [-73.8892, 45.3371], [-73.88, 45.3411], [-73.8575, 45.3401], [-73.8483, 45.344], [-73.8319, 45.3556], [-73.7759, 45.3815], [-73.7672, 45.3883], [-73.7449, 45.4123], [-73.7347, 45.4186], [-73.7129, 45.4214], [-73.7046, 45.4263], [-73.6874, 45.4312], [-73.6046, 45.4225], [-73.5818, 45.4283], [-73.5692, 45.428], [-73.5636, 45.4191], [-73.5573, 45.4143], [-73.543, 45.4163], [-73.5279, 45.4215], [-73.519, 45.4263], [-73.5026, 45.4479], [-73.5026, 45.4634], [-73.5227, 45.5045], [-73.5235, 45.5276], [-73.522, 45.5399], [-73.4904, 45.5841], [-73.4689, 45.5997], [-73.4606, 45.6081], [-73.4563, 45.6182], [-73.4519, 45.6356], [-73.4469, 45.6422], [-73.4569, 45.6724], [-73.4488, 45.7045], [-73.4313, 45.7327], [-73.4128, 45.7515], [-73.2593, 45.8541], [-73.2173, 45.8988], [-73.2065, 45.9156], [-73.206, 45.9327], [-73.2086, 45.9508], [-73.2074, 45.9706], [-73.2003, 45.9818], [-73.178, 46.004], [-73.1732, 46.015], [-73.1719, 46.0268], [-73.1681, 46.0358], [-73.1561, 46.0497], [-73.1398, 46.0583], [-73.0406, 46.0736], [-73.0319, 46.0823], [-73.0157, 46.0935], [-72.9326, 46.1444], [-72.9094, 46.1356], [-72.876, 46.1366], [-72.8437, 46.1419], [-72.7583, 46.1725], [-72.731, 46.1766], [-72.6694, 46.2152], [-72.6706, 46.2474], [-72.6521, 46.2586], [-72.6099, 46.2766], [-72.5563, 46.3057], [-72.496, 46.3605], [-72.4778, 46.3685], [-72.4549, 46.3717], [-72.3981, 46.3964], [-72.2743, 46.4206], [-72.2416, 46.4435], [-72.2161, 46.4796], [-72.2047, 46.5006], [-72.2, 46.5159], [-72.1899, 46.5262], [-72.1024, 46.5602], [-72.0576, 46.566], [-72.0324, 46.5665], [-72.0074, 46.5714], [-71.9915, 46.5836], [-71.9781, 46.5994], [-71.9604, 46.6149], [-71.905, 46.64], [-71.8671, 46.6667], [-71.8457, 46.6683], [-71.8243, 46.6614], [-71.8027, 46.6496], [-71.7606, 46.6342], [-71.7142, 46.6322], [-71.3025, 46.7452], [-71.2821, 46.7533], [-71.2437, 46.7755], [-71.2237, 46.7799], [-71.2051, 46.787], [-71.1763, 46.824], [-71.1579, 46.8408], [-71.1153, 46.8534], [-71.0191, 46.8515], [-70.9736, 46.8619], [-70.9197, 46.8976], [-70.9019, 46.9029], [-70.8569, 46.8954], [-70.8442, 46.8983], [-70.8258, 46.9117], [-70.8153, 46.9165], [-70.7836, 46.9147], [-70.7743, 46.9165], [-70.7653, 46.9228], [-70.744, 46.9469], [-70.7272, 46.9564], [-70.6002, 46.9971], [-70.555, 47.0023], [-70.5349, 47.0106], [-70.3882, 47.1159], [-70.2866, 47.2091], [-70.2263, 47.2864], [-70.1949, 47.3153], [-70.0761, 47.369], [-70.0504, 47.4], [-70.0311, 47.4696], [-70.0004, 47.4994], [-69.9594, 47.5124], [-69.9493, 47.5203], [-69.9342, 47.5372], [-69.9007, 47.5456], [-69.8022, 47.6224], [-69.6897, 47.7283], [-69.5888, 47.814], [-69.5619, 47.8281], [-69.5553, 47.8345], [-69.5502, 47.8439], [-69.5536, 47.8572], [-69.5553, 47.8724], [-69.548, 47.8896], [-69.4455, 47.9919], [-69.4281, 47.999], [-69.4084, 48.001], [-69.3613, 48.013], [-69.3424, 48.0201], [-69.324, 48.0306], [-69.2537, 48.0924], [-69.1523, 48.1467], [-69.0544, 48.2324], [-68.9647, 48.2878], [-68.8446, 48.3427], [-68.8248, 48.3658], [-68.8061, 48.3724], [-68.7484, 48.3729], [-68.7261, 48.3764], [-68.6617, 48.4123], [-68.6385, 48.432], [-68.5616, 48.4515], [-68.5233, 48.4708], [-68.4633, 48.5289], [-68.425, 48.5471], [-68.3768, 48.5505], [-68.3536, 48.556], [-68.3139, 48.587], [-68.2056, 48.6419], [-68.1843, 48.6479], [-68.1327, 48.6525], [-68.1157, 48.6595], [-68.0824, 48.6849], [-68.0603, 48.6938], [-68.0336, 48.6978], [-67.9822, 48.6986], [-67.962, 48.7016], [-67.7181, 48.7961], [-67.7119, 48.801], [-67.6713, 48.8179], [-67.6469, 48.8254], [-67.6033, 48.8324], [-67.5468, 48.8624], [-67.4252, 48.8736], [-67.3618, 48.904], [-67.2924, 48.9245], [-67.1175, 48.9631], [-66.8796, 49.0465], [-66.6221, 49.1226], [-66.5265, 49.1334], [-66.2193, 49.2079], [-66.0549, 49.2247], [-65.8828, 49.2247], [-65.6842, 49.2425], [-65.6151, 49.2602], [-65.5658, 49.2665], [-65.3962, 49.2611], [-65.277, 49.2445], [-64.9635, 49.2193], [-64.8778, 49.1954], [-64.8226, 49.189], [-64.8014, 49.1812], [-64.7587, 49.1572], [-64.7134, 49.1389], [-64.6886, 49.1324], [-64.6134, 49.123], [-64.6027, 49.1188], [-64.5795, 49.1055], [-64.5526, 49.0974], [-64.4979, 49.0616], [-64.4706, 49.053], [-64.4488, 49.0346], [-64.4388, 49.0291], [-64.3965, 49.0118], [-64.3802, 49.0016], [-64.3505, 48.9757], [-64.3401, 48.9702], [-64.3109, 48.9644], [-64.2987, 48.9592], [-64.2816, 48.9344], [-64.2212, 48.8944], [-64.2065, 48.8696], [-64.2168, 48.8282], [-64.192, 48.7996], [-64.1749, 48.7845], [-64.1553, 48.7742], [-64.1688, 48.7618], [-64.1901, 48.7728], [-64.212, 48.7912], [-64.2274, 48.801], [-64.2531, 48.8063], [-64.3033, 48.8303], [-64.5297, 48.8824], [-64.5594, 48.8829], [-64.5376, 48.8763], [-64.4774, 48.8419], [-64.4774, 48.8357], [-64.5392, 48.83], [-64.5389, 48.8214], [-64.5216, 48.817], [-64.4601, 48.8282], [-64.4184, 48.8264], [-64.3972, 48.8214], [-64.3766, 48.8], [-64.3741, 48.7917], [-64.3844, 48.7879], [-64.4079, 48.7927], [-64.4183, 48.7912], [-64.4291, 48.7805], [-64.4174, 48.7746], [-64.4079, 48.7758], [-64.3988, 48.7794], [-64.3881, 48.7805], [-64.3763, 48.7762], [-64.3537, 48.7629], [-64.328, 48.7558], [-64.2782, 48.7258], [-64.2354, 48.6781], [-64.2205, 48.6706], [-64.2052, 48.667], [-64.1897, 48.6576], [-64.175, 48.6445], [-64.1622, 48.6296], [-64.1931, 48.623], [-64.2272, 48.6251], [-64.2577, 48.6192], [-64.2782, 48.5887], [-64.2821, 48.569], [-64.2789, 48.5613], [-64.2509, 48.5508], [-64.2215, 48.5337], [-64.2065, 48.528], [-64.1888, 48.5266], [-64.1995, 48.5207], [-64.2205, 48.4958], [-64.2289, 48.4921], [-64.2646, 48.4863], [-64.286, 48.4792], [-64.3055, 48.4694], [-64.3199, 48.4559], [-64.326, 48.4378], [-64.3124, 48.4316], [-64.3291, 48.4196], [-64.3596, 48.413], [-64.4445, 48.4068], [-64.4962, 48.3937], [-64.5452, 48.3875], [-64.6626, 48.3502], [-64.6832, 48.3403], [-64.711, 48.3393], [-64.7233, 48.3354], [-64.7047, 48.3237], [-64.7018, 48.3171], [-64.704, 48.3075], [-64.7142, 48.2949], [-64.7313, 48.284], [-64.7378, 48.2688], [-64.7569, 48.2397], [-64.7657, 48.219], [-64.7794, 48.204], [-64.9088, 48.1772], [-64.9385, 48.1773], [-64.9505, 48.1809], [-64.9604, 48.1877], [-64.9637, 48.1859], [-64.9635, 48.175], [-64.9591, 48.161], [-64.9498, 48.1498], [-64.9879, 48.126], [-65.0516, 48.1016], [-65.181, 48.0428], [-65.2856, 48.0126], [-65.3849, 48.0093], [-65.4044, 48.0015], [-65.4322, 48.0033], [-65.4594, 48.0108], [-65.4774, 48.0201], [-65.4815, 48.0261], [-65.4872, 48.0413], [-65.4917, 48.0468], [-65.5034, 48.0521], [-65.536, 48.0599], [-65.5772, 48.064], [-65.6676, 48.0958], [-65.7838, 48.1156], [-65.82, 48.13], [-65.8587, 48.1594], [-65.8905, 48.1706], [-65.893, 48.1877], [-65.891, 48.2082], [-65.8957, 48.2255], [-65.9044, 48.2088], [-65.913, 48.2008], [-65.9241, 48.1984], [-65.9404, 48.1982], [-65.953, 48.1954], [-65.964, 48.1883], [-66.046, 48.1152], [-66.067, 48.102], [-66.0956, 48.0972], [-66.1831, 48.1157], [-66.2706, 48.1165], [-66.2869, 48.1145], [-66.2998, 48.1082], [-66.2843, 48.1034], [-66.265, 48.102], [-66.2747, 48.0731], [-66.2794, 48.0673], [-66.29, 48.0652], [-66.2961, 48.0694], [-66.3066, 48.0815], [-66.3253, 48.0812], [-66.3326, 48.0948], [-66.3414, 48.102], [-66.3761, 48.1142], [-66.4733, 48.1201], [-66.5154, 48.1081], [-66.5332, 48.071], [-66.5428, 48.0587], [-66.5851, 48.0613], [-66.6, 48.0447], [-66.612, 48.0467], [-66.6322, 48.0543], [-66.6439, 48.0519], [-66.6556, 48.0395], [-66.6635, 48.0338], [-66.6988, 48.024], [-66.7485, 48.0178], [-66.773, 48.008], [-66.7858, 48.0058], [-66.8177, 48.0063], [-66.8332, 48.0045], [-66.8479, 47.999], [-66.8341, 47.9929], [-66.8175, 47.9915], [-66.7864, 47.9922], [-66.7499, 47.9858], [-66.7315, 47.9865], [-66.6858, 48.0076], [-66.6135, 48.0109], [-66.5844, 48.0232], [-66.5576, 48.0382], [-66.3859, 48.0751], [-66.3553, 48.0693], [-66.3619, 48.0406], [-66.3451, 48.0214], [-66.319, 48.0111], [-66.2894, 48.0067], [-66.262, 48.0058], [-66.2542, 48.0011], [-66.2467, 47.9918], [-66.2384, 47.9852], [-66.2159, 47.9932], [-66.2023, 47.9902], [-66.1769, 47.9791], [-65.9709, 47.9239], [-65.8661, 47.9169], [-65.8179, 47.9074], [-65.7722, 47.8829], [-65.7412, 47.8486], [-65.6897, 47.7247], [-65.6778, 47.7087], [-65.6636, 47.6955], [-65.6288, 47.6706], [-65.6692, 47.6564], [-65.6671, 47.6453], [-65.6357, 47.6223], [-65.6061, 47.6564], [-65.5911, 47.6692], [-65.5668, 47.6775], [-65.499, 47.6793], [-65.4774, 47.6837], [-65.4374, 47.7062], [-65.3636, 47.762], [-65.285, 47.7817], [-65.2093, 47.8197], [-65.0257, 47.8496], [-64.9778, 47.842], [-65.0546, 47.803], [-65.0734, 47.7799], [-65.0397, 47.7862], [-64.9902, 47.7906], [-64.9061, 47.8107], [-64.8563, 47.8159], [-64.8263, 47.8155], [-64.8, 47.8093], [-64.786, 47.7936], [-64.7897, 47.7713], [-64.8094, 47.7614], [-64.8605, 47.7594], [-64.8605, 47.7526], [-64.842, 47.7481], [-64.8026, 47.746], [-64.786, 47.739], [-64.7834, 47.7332], [-64.7823, 47.7166], [-64.7785, 47.711], [-64.7639, 47.7081], [-64.7577, 47.7149], [-64.7569, 47.7231], [-64.7587, 47.7247], [-64.7574, 47.7322], [-64.7608, 47.7455], [-64.7587, 47.7526], [-64.753, 47.7573], [-64.7357, 47.7645], [-64.7308, 47.7656], [-64.7183, 47.7616], [-64.6802, 47.7413], [-64.6686, 47.7321], [-64.6849, 47.7227], [-64.7394, 47.7014], [-64.7512, 47.7008], [-64.7576, 47.6864], [-64.7733, 47.6833], [-64.7934, 47.6831], [-64.8126, 47.6775], [-64.7996, 47.6638], [-64.8087, 47.6586], [-64.8118, 47.6533], [-64.8087, 47.6479], [-64.7996, 47.6427], [-64.814, 47.6216], [-64.8288, 47.6059], [-64.8678, 47.5744], [-64.8848, 47.5672], [-64.8922, 47.5615], [-64.8971, 47.5371], [-64.9088, 47.5198], [-64.8741, 47.5198], [-64.8896, 47.4997], [-64.9245, 47.4675], [-64.9293, 47.4509], [-64.9152, 47.4648], [-64.8678, 47.4857], [-64.8932, 47.4219], [-64.9088, 47.3553], [-64.9123, 47.3658], [-64.9117, 47.3759], [-64.9059, 47.3945], [-64.9088, 47.4025], [-64.9279, 47.3934], [-64.9391, 47.3788], [-64.9481, 47.3616], [-64.9604, 47.3448], [-64.9617, 47.3319], [-64.9584, 47.3123], [-64.9596, 47.2943], [-64.974, 47.2864], [-65.0199, 47.2824], [-65.043, 47.2752], [-65.0613, 47.2519], [-65.0985, 47.2364], [-65.1068, 47.2216], [-65.1225, 47.2027], [-65.3315, 47.1006], [-65.3675, 47.0946], [-65.3675, 47.0878], [-65.2843, 47.0809], [-65.2448, 47.0819], [-65.203, 47.0946], [-65.2046, 47.0805], [-65.2132, 47.0521], [-65.2065, 47.0468], [-65.149, 47.0537], [-65.0631, 47.0906], [-65.0323, 47.0946], [-65.015, 47.0885], [-64.9983, 47.0651], [-64.9845, 47.0599], [-64.9652, 47.0631], [-64.9547, 47.0708], [-64.9471, 47.0801], [-64.9368, 47.0878], [-64.9086, 47.0928], [-64.8254, 47.0891], [-64.7996, 47.0816], [-64.8255, 47.0635], [-64.8211, 47.0414], [-64.8076, 47.0152], [-64.8065, 46.9854], [-64.8169, 46.9771], [-64.8527, 46.9627], [-64.8952, 46.9165], [-64.9058, 46.8869], [-64.9044, 46.8588], [-64.8949, 46.8321], [-64.8815, 46.8066], [-64.8649, 46.7832], [-64.8443, 46.7632], [-64.7921, 46.7247], [-64.8189, 46.7248], [-64.8394, 46.7169], [-64.8519, 46.7008], [-64.8542, 46.6763], [-64.8474, 46.6763], [-64.8327, 46.6994], [-64.8019, 46.6956], [-64.7512, 46.6701], [-64.7579, 46.6903], [-64.7492, 46.6998], [-64.7322, 46.6988], [-64.7136, 46.6872], [-64.7068, 46.6723], [-64.7054, 46.6518], [-64.7103, 46.6149], [-64.7198, 46.5763], [-64.7174, 46.556], [-64.7003, 46.5472], [-64.6903, 46.5386], [-64.6798, 46.5196], [-64.6777, 46.5006], [-64.6932, 46.492], [-64.7021, 46.4898], [-64.7087, 46.4851], [-64.7111, 46.4805], [-64.7019, 46.4765], [-64.6898, 46.464], [-64.6822, 46.4634], [-64.6728, 46.47], [-64.6686, 46.4709], [-64.6547, 46.4637], [-64.6362, 46.4508], [-64.6202, 46.4351], [-64.6134, 46.4193], [-64.6146, 46.3822], [-64.6188, 46.368], [-64.6277, 46.3542], [-64.6455, 46.3404], [-64.6636, 46.3367], [-64.6829, 46.3351], [-64.704, 46.3275], [-64.6834, 46.3285], [-64.6726, 46.3274], [-64.6572, 46.321], [-64.6277, 46.3336], [-64.5889, 46.3354], [-64.5749, 46.3387], [-64.5799, 46.348], [-64.5585, 46.3691], [-64.5365, 46.3515], [-64.5234, 46.3216], [-64.5284, 46.3057], [-64.5553, 46.2986], [-64.5636, 46.2797], [-64.5594, 46.2238], [-64.535, 46.235], [-64.514, 46.2394], [-64.4054, 46.2381], [-64.3992, 46.2361], [-64.3875, 46.2267], [-64.3806, 46.2238], [-64.3704, 46.2237], [-64.3472, 46.2313], [-64.2533, 46.2344], [-64.2373, 46.2313], [-64.185, 46.2102], [-64.1627, 46.1951], [-64.1691, 46.1835], [-64.1613, 46.17], [-64.1513, 46.1663], [-64.1274, 46.1698], [-64.1267, 46.1741], [-64.1193, 46.1823], [-64.1109, 46.1868], [-64.1041, 46.1739], [-64.0827, 46.1593], [-64.078, 46.1635], [-64.0497, 46.1789], [-64.038, 46.1835], [-64.0226, 46.1853], [-63.9732, 46.1835], [-63.9463, 46.1788], [-63.8943, 46.1566], [-63.8131, 46.1403], [-63.7903, 46.131], [-63.7711, 46.1152], [-63.7918, 46.0995], [-63.813, 46.0939], [-63.8605, 46.0873], [-63.8854, 46.0657], [-63.8946, 46.06], [-63.9056, 46.058], [-64.0638, 46.0618], [-64.0727, 46.06], [-64.0765, 46.0535], [-64.0765, 46.0446], [-64.0797, 46.0365], [-64.0933, 46.0326], [-64.0839, 46.0224], [-64.0523, 46.0014], [-64.0419, 45.9911], [-64.0176, 46.0054], [-64.0077, 46.005], [-63.9049, 45.9803], [-63.8703, 45.9625], [-63.8667, 45.9364], [-63.8446, 45.9342], [-63.8249, 45.9252], [-63.8109, 45.9098], [-63.8059, 45.8887], [-63.7864, 45.8907], [-63.7589, 45.8854], [-63.7325, 45.8766], [-63.7159, 45.8682], [-63.7575, 45.847], [-63.7362, 45.8419], [-63.6903, 45.8531], [-63.6687, 45.847], [-63.6742, 45.8364], [-63.6742, 45.8276], [-63.6697, 45.8234], [-63.6619, 45.8266], [-63.6523, 45.8368], [-63.6534, 45.8428], [-63.6587, 45.8501], [-63.6619, 45.8644], [-63.6591, 45.8738], [-63.6526, 45.8746], [-63.6446, 45.8703], [-63.6377, 45.8644], [-63.6288, 45.8623], [-63.593, 45.8751], [-63.4919, 45.8826], [-63.4391, 45.8756], [-63.4086, 45.8545], [-63.4278, 45.8537], [-63.4638, 45.8604], [-63.4831, 45.8607], [-63.4703, 45.8524], [-63.4381, 45.8384], [-63.4285, 45.8266], [-63.4476, 45.8214], [-63.484, 45.8262], [-63.5043, 45.8266], [-63.5228, 45.8194], [-63.5159, 45.8109], [-63.4963, 45.807], [-63.4769, 45.8135], [-63.469, 45.8084], [-63.461, 45.806], [-63.4381, 45.8053], [-63.4285, 45.7999], [-63.4154, 45.8135], [-63.3992, 45.8118], [-63.3695, 45.8026], [-63.354, 45.7999], [-63.324, 45.8037], [-63.2914, 45.8121], [-63.2591, 45.8159], [-63.2298, 45.8061], [-63.258, 45.7914], [-63.3017, 45.7755], [-63.3472, 45.7665], [-63.3807, 45.772], [-63.3728, 45.7572], [-63.3559, 45.7481], [-63.3124, 45.7372], [-63.2948, 45.7257], [-63.288, 45.7242], [-63.2816, 45.7411], [-63.2572, 45.7589], [-63.2572, 45.7372], [-63.2117, 45.7601], [-63.1957, 45.7651], [-63.1924, 45.7772], [-63.1889, 45.7788], [-63.1839, 45.7759], [-63.1817, 45.7713], [-63.1822, 45.7663], [-63.1852, 45.762], [-63.1997, 45.753], [-63.2052, 45.7459], [-63.2025, 45.7372], [-63.1898, 45.7364], [-63.1343, 45.7589], [-63.1173, 45.763], [-63.1005, 45.7646], [-63.0834, 45.7635], [-63.0654, 45.7589], [-63.0705, 45.7784], [-63.0841, 45.7903], [-63.1207, 45.8061], [-63.1007, 45.8113], [-62.98, 45.796], [-62.9247, 45.7826], [-62.7774, 45.7651], [-62.7508, 45.7655], [-62.6996, 45.7724], [-62.675, 45.772], [-62.696, 45.7608], [-62.7177, 45.7604], [-62.7386, 45.7625], [-62.7569, 45.7589], [-62.739, 45.7484], [-62.7288, 45.7444], [-62.6989, 45.7446], [-62.6824, 45.7421], [-62.6645, 45.7356], [-62.6334, 45.7174], [-62.703, 45.6869], [-62.751, 45.6812], [-62.7706, 45.6744], [-62.7843, 45.6618], [-62.7917, 45.6422], [-62.7807, 45.6529], [-62.765, 45.6617], [-62.7488, 45.664], [-62.7364, 45.6553], [-62.7475, 45.6271], [-62.7497, 45.6129], [-62.7399, 45.618], [-62.7199, 45.6454], [-62.7066, 45.6556], [-62.6918, 45.6522], [-62.6691, 45.6307], [-62.6568, 45.6278], [-62.647, 45.6422], [-62.6641, 45.647], [-62.6724, 45.6562], [-62.6724, 45.6678], [-62.6647, 45.6798], [-62.6553, 45.682], [-62.6247, 45.6823], [-62.6129, 45.6907], [-62.6005, 45.6862], [-62.5775, 45.6859], [-62.5657, 45.6832], [-62.5575, 45.6779], [-62.5503, 45.6669], [-62.5447, 45.6627], [-62.5264, 45.6583], [-62.4757, 45.6627], [-62.5026, 45.631], [-62.5091, 45.615], [-62.4934, 45.6081], [-62.4704, 45.6145], [-62.4352, 45.6427], [-62.418, 45.6491], [-62.3998, 45.6529], [-62.3769, 45.6622], [-62.3617, 45.6733], [-62.371, 45.6825], [-62.3834, 45.6801], [-62.4047, 45.6751], [-62.4416, 45.6553], [-62.4161, 45.6791], [-62.2703, 45.7037], [-62.06, 45.808], [-61.9888, 45.863], [-61.9488, 45.8818], [-61.9243, 45.8891], [-61.9115, 45.889], [-61.9004, 45.8818], [-61.8974, 45.8716], [-61.9161, 45.8598], [-61.9215, 45.8507], [-61.92, 45.8299], [-61.909, 45.7869], [-61.8878, 45.7377], [-61.8863, 45.7211], [-61.8942, 45.7037], [-61.8763, 45.6927], [-61.8365, 45.6812], [-61.8215, 45.6727], [-61.8066, 45.6595], [-61.7949, 45.6529], [-61.7259, 45.6276], [-61.7078, 45.6233], [-61.6844, 45.6217], [-61.6682, 45.6266], [-61.6551, 45.6359], [-61.6422, 45.6415], [-61.626, 45.6354], [-61.6329, 45.6361], [-61.6485, 45.6342], [-61.6481, 45.6268], [-61.6404, 45.6213], [-61.6198, 45.6143], [-61.6188, 45.6225], [-61.6155, 45.6317], [-61.6099, 45.6391], [-61.589, 45.6454], [-61.5835, 45.6532], [-61.5806, 45.6632], [-61.5751, 45.6727], [-61.558, 45.6837], [-61.5371, 45.6889], [-61.4925, 45.6907], [-61.4705, 45.6831], [-61.4372, 45.6498], [-61.4175, 45.6422], [-61.4, 45.6326], [-61.3844, 45.6115], [-61.3697, 45.5808], [-61.3589, 45.5777], [-61.3387, 45.5528], [-61.3237, 45.5421], [-61.2629, 45.5119], [-61.2469, 45.5073], [-61.2398, 45.5084], [-61.2372, 45.5058], [-61.235, 45.4908], [-61.2368, 45.468], [-61.2485, 45.4531], [-61.2673, 45.4434], [-61.3529, 45.4134], [-61.3728, 45.4088], [-61.3741, 45.4213], [-61.3881, 45.418], [-61.4298, 45.392], [-61.4827, 45.3747], [-61.4615, 45.3548], [-61.4508, 45.3494], [-61.1369, 45.3542], [-61.1196, 45.3521], [-61.0818, 45.3427], [-60.9986, 45.3332], [-60.9823, 45.3263], [-60.9712, 45.3139], [-60.9706, 45.3017], [-60.9726, 45.2882], [-60.9687, 45.2716], [-60.9831, 45.2713], [-60.9871, 45.277], [-60.9888, 45.2853], [-60.996, 45.2921], [-61.0069, 45.2943], [-61.027, 45.2943], [-61.037, 45.2996], [-61.0286, 45.2853], [-61.0165, 45.2716], [-61.0241, 45.263], [-61.0388, 45.2598], [-61.0472, 45.2546], [-61.0535, 45.2445], [-61.0566, 45.236], [-61.063, 45.2325], [-61.0785, 45.2375], [-61.0712, 45.2239], [-61.1197, 45.2134], [-61.1394, 45.218], [-61.1531, 45.2375], [-61.1335, 45.2528], [-61.1195, 45.2716], [-61.1647, 45.2637], [-61.1748, 45.258], [-61.1798, 45.2425], [-61.1707, 45.2157], [-61.1748, 45.2028], [-61.1842, 45.2085], [-61.1967, 45.2353], [-61.2043, 45.2458], [-61.2121, 45.253], [-61.2157, 45.2477], [-61.246, 45.2395], [-61.2631, 45.2392], [-61.2629, 45.2511], [-61.2786, 45.254], [-61.2987, 45.2479], [-61.3318, 45.2307], [-61.3506, 45.2174], [-61.3651, 45.2012], [-61.3646, 45.1896], [-61.3387, 45.1898], [-61.3546, 45.1776], [-61.371, 45.1689], [-61.3891, 45.1636], [-61.5679, 45.1471], [-61.6106, 45.1506], [-61.6396, 45.1754], [-61.6473, 45.1568], [-61.6659, 45.164], [-61.6871, 45.1754], [-61.7024, 45.1693], [-61.6857, 45.1619], [-61.6662, 45.1493], [-61.6492, 45.1346], [-61.6396, 45.1208], [-61.6582, 45.1203], [-61.6744, 45.1147], [-61.6396, 45.0936], [-61.6396, 45.0873], [-61.6772, 45.0885], [-61.6949, 45.0914], [-61.7024, 45.0973], [-61.7043, 45.107], [-61.7086, 45.1072], [-61.7154, 45.101], [-61.7564, 45.101], [-61.7545, 45.0941], [-61.7564, 45.0799], [-61.7814, 45.0924], [-61.8097, 45.1009], [-61.8253, 45.099], [-61.8116, 45.0799], [-61.8221, 45.0779], [-61.846, 45.0802], [-61.8594, 45.0799], [-61.8594, 45.0731], [-61.8508, 45.0705], [-61.8416, 45.0645], [-61.8362, 45.0561], [-61.8389, 45.0464], [-61.8476, 45.0448], [-61.8805, 45.0532], [-61.8867, 45.0464], [-61.8824, 45.0342], [-61.8969, 45.0307], [-61.9184, 45.0368], [-61.9352, 45.0532], [-61.9415, 45.0331], [-61.9413, 45.0246], [-61.9595, 45.0365], [-61.9757, 45.036], [-61.9905, 45.0265], [-62.004, 45.011], [-62.0098, 45.0255], [-62.0102, 45.0321], [-62.039, 45.0136], [-62.0506, 45.011], [-62.0347, 45.0041], [-61.9761, 44.9911], [-61.9888, 44.9849], [-62.0035, 44.9828], [-62.0182, 44.9848], [-62.0313, 44.9911], [-62.0421, 44.9824], [-62.0575, 44.9755], [-62.0734, 44.973], [-62.0859, 44.9774], [-62.0978, 44.9735], [-62.1187, 44.9697], [-62.1385, 44.9688], [-62.1515, 44.9752], [-62.174, 44.9604], [-62.1849, 44.9564], [-62.2338, 44.9593], [-62.2545, 44.952], [-62.2703, 44.9291], [-62.2777, 44.9365], [-62.29, 44.9272], [-62.3061, 44.9201], [-62.3216, 44.9175], [-62.3318, 44.9223], [-62.3392, 44.9223], [-62.3402, 44.9178], [-62.346, 44.9086], [-62.343, 44.9053], [-62.3392, 44.8949], [-62.3612, 44.9022], [-62.3773, 44.91], [-62.3934, 44.9103], [-62.4149, 44.8949], [-62.4006, 44.8813], [-62.4204, 44.8782], [-62.4372, 44.8685], [-62.4477, 44.8532], [-62.4484, 44.8335], [-62.4672, 44.8414], [-62.4728, 44.859], [-62.4731, 44.8808], [-62.4757, 44.9011], [-62.4905, 44.8814], [-62.5072, 44.8634], [-62.5271, 44.8559], [-62.5515, 44.8676], [-62.5657, 44.8402], [-62.5466, 44.825], [-62.531, 44.8062], [-62.5527, 44.8001], [-62.5778, 44.8334], [-62.5992, 44.8266], [-62.6068, 44.8371], [-62.6232, 44.8303], [-62.6614, 44.8062], [-62.6539, 44.7925], [-62.6872, 44.8021], [-62.8053, 44.7851], [-62.7988, 44.7718], [-62.8026, 44.7611], [-62.8129, 44.754], [-62.8258, 44.7516], [-62.8214, 44.7436], [-62.8152, 44.7376], [-62.7979, 44.7298], [-62.8192, 44.7206], [-62.8304, 44.7178], [-62.8426, 44.7168], [-62.8515, 44.723], [-62.8576, 44.7338], [-62.8638, 44.7379], [-62.8736, 44.7236], [-62.8874, 44.7313], [-62.9086, 44.738], [-62.9302, 44.7401], [-62.9456, 44.7335], [-62.9726, 44.7174], [-62.9895, 44.711], [-62.9971, 44.7137], [-62.9979, 44.7223], [-63.004, 44.7373], [-63.0029, 44.7653], [-63.004, 44.7714], [-63.0185, 44.778], [-63.047, 44.7662], [-63.0586, 44.7782], [-63.0593, 44.7633], [-63.0503, 44.7505], [-63.021, 44.7267], [-63.014, 44.7106], [-63.0243, 44.6968], [-63.0586, 44.6752], [-63.0629, 44.6886], [-63.0614, 44.7047], [-63.0631, 44.718], [-63.0759, 44.7236], [-63.0956, 44.7292], [-63.102, 44.7427], [-63.0995, 44.7748], [-63.1027, 44.784], [-63.1102, 44.7899], [-63.1194, 44.7907], [-63.1274, 44.7851], [-63.1251, 44.7821], [-63.1207, 44.7516], [-63.1239, 44.7348], [-63.1368, 44.7068], [-63.1405, 44.6889], [-63.1539, 44.6955], [-63.1605, 44.7057], [-63.1606, 44.7177], [-63.1548, 44.7298], [-63.1732, 44.7211], [-63.1832, 44.6916], [-63.2025, 44.6827], [-63.2139, 44.6812], [-63.2118, 44.6898], [-63.2162, 44.7032], [-63.2323, 44.7267], [-63.2367, 44.7373], [-63.2498, 44.7259], [-63.2532, 44.7115], [-63.2484, 44.6977], [-63.2367, 44.6889], [-63.2497, 44.6727], [-63.2813, 44.6435], [-63.2851, 44.6274], [-63.3171, 44.6361], [-63.3891, 44.6431], [-63.4154, 44.6553], [-63.4026, 44.6646], [-63.3876, 44.6684], [-63.399, 44.682], [-63.4169, 44.6829], [-63.4558, 44.6684], [-63.4349, 44.6593], [-63.4206, 44.6483], [-63.4154, 44.6336], [-63.4217, 44.6138], [-63.439, 44.5963], [-63.4564, 44.6007], [-63.4761, 44.6134], [-63.5102, 44.6241], [-63.5384, 44.6479], [-63.5736, 44.6656], [-63.6326, 44.713], [-63.6441, 44.7173], [-63.6619, 44.7168], [-63.649, 44.6876], [-63.6401, 44.6762], [-63.6278, 44.6684], [-63.6204, 44.6671], [-63.5964, 44.6684], [-63.5876, 44.6642], [-63.574, 44.6459], [-63.5635, 44.6348], [-63.5452, 44.5933], [-63.5457, 44.5742], [-63.5481, 44.5614], [-63.5465, 44.5501], [-63.5233, 44.5181], [-63.5238, 44.5032], [-63.5333, 44.4889], [-63.5486, 44.4732], [-63.5734, 44.4642], [-63.5793, 44.4635], [-63.5869, 44.4691], [-63.5846, 44.475], [-63.5797, 44.4803], [-63.5793, 44.484], [-63.5962, 44.4874], [-63.6046, 44.4769], [-63.6099, 44.463], [-63.6259, 44.4459], [-63.6328, 44.4407], [-63.6414, 44.4425], [-63.6437, 44.4496], [-63.639, 44.4584], [-63.6278, 44.4698], [-63.6416, 44.4759], [-63.6581, 44.4752], [-63.7008, 44.4676], [-63.7056, 44.4582], [-63.7159, 44.4561], [-63.7208, 44.4607], [-63.7241, 44.4695], [-63.7286, 44.475], [-63.7369, 44.4698], [-63.7493, 44.4743], [-63.7584, 44.4814], [-63.7636, 44.4914], [-63.7649, 44.5045], [-63.7743, 44.4936], [-63.7833, 44.4779], [-63.7934, 44.4684], [-63.8059, 44.4766], [-63.8094, 44.4901], [-63.804, 44.5032], [-63.7848, 44.5318], [-63.7931, 44.5263], [-63.8053, 44.5146], [-63.8121, 44.5113], [-63.8199, 44.5138], [-63.826, 44.5205], [-63.834, 44.5245], [-63.8468, 44.5187], [-63.8401, 44.5045], [-63.8537, 44.5043], [-63.874, 44.4986], [-63.8878, 44.4971], [-63.9005, 44.4981], [-63.9122, 44.501], [-63.922, 44.5055], [-63.9294, 44.5113], [-63.9425, 44.534], [-63.9417, 44.5543], [-63.922, 44.5933], [-63.9286, 44.6], [-63.943, 44.6205], [-63.9247, 44.6288], [-63.9186, 44.6341], [-63.9151, 44.6417], [-63.9294, 44.6479], [-63.9022, 44.6665], [-63.8909, 44.6798], [-63.8884, 44.6964], [-63.9067, 44.6837], [-63.9259, 44.6747], [-63.9896, 44.6558], [-64.0008, 44.6553], [-64.057, 44.6388], [-64.066, 44.6343], [-64.0602, 44.6212], [-64.0619, 44.5867], [-64.0526, 44.5797], [-64.0367, 44.5709], [-64.025, 44.5507], [-64.0113, 44.5113], [-64.0412, 44.5226], [-64.0556, 44.5089], [-64.0639, 44.4876], [-64.0758, 44.4766], [-64.0971, 44.4747], [-64.1062, 44.4776], [-64.1175, 44.4875], [-64.124, 44.5219], [-64.1188, 44.5375], [-64.128, 44.5549], [-64.1448, 44.5702], [-64.1622, 44.5797], [-64.1781, 44.5821], [-64.1976, 44.5803], [-64.2115, 44.5714], [-64.2106, 44.5523], [-64.2274, 44.537], [-64.2528, 44.5438], [-64.2808, 44.5582], [-64.3055, 44.566], [-64.3007, 44.5609], [-64.2926, 44.5455], [-64.3039, 44.5426], [-64.3048, 44.536], [-64.2987, 44.515], [-64.3013, 44.5026], [-64.308, 44.4923], [-64.326, 44.4766], [-64.3177, 44.4764], [-64.2987, 44.4698], [-64.3104, 44.4649], [-64.3539, 44.4561], [-64.3537, 44.4451], [-64.3356, 44.4291], [-64.3397, 44.4151], [-64.2969, 44.4171], [-64.2753, 44.4154], [-64.2577, 44.4089], [-64.275, 44.4071], [-64.2882, 44.4009], [-64.3124, 44.3872], [-64.3124, 44.381], [-64.2606, 44.3803], [-64.2356, 44.3766], [-64.2106, 44.3673], [-64.2279, 44.3605], [-64.2462, 44.3613], [-64.2816, 44.3673], [-64.3472, 44.3673], [-64.3472, 44.3605], [-64.3397, 44.3561], [-64.3358, 44.3498], [-64.3357, 44.3419], [-64.3397, 44.3326], [-64.3258, 44.3301], [-64.3152, 44.3238], [-64.305, 44.3204], [-64.2926, 44.3263], [-64.3124, 44.34], [-64.3017, 44.3431], [-64.2911, 44.3413], [-64.2646, 44.3326], [-64.2897, 44.3038], [-64.2888, 44.2991], [-64.2373, 44.2991], [-64.269, 44.2671], [-64.2866, 44.2586], [-64.3055, 44.2718], [-64.3124, 44.2643], [-64.3306, 44.2764], [-64.3472, 44.2922], [-64.3335, 44.2991], [-64.4089, 44.3285], [-64.4291, 44.34], [-64.4185, 44.3262], [-64.4016, 44.313], [-64.3822, 44.303], [-64.3639, 44.2991], [-64.359, 44.2956], [-64.3573, 44.2877], [-64.3579, 44.2785], [-64.3602, 44.2718], [-64.3675, 44.2641], [-64.4256, 44.2339], [-64.4312, 44.2256], [-64.4344, 44.2078], [-64.4396, 44.1991], [-64.4489, 44.1931], [-64.4692, 44.1874], [-64.4774, 44.1824], [-64.483, 44.1741], [-64.4979, 44.1408], [-64.5139, 44.1494], [-64.5315, 44.1544], [-64.5435, 44.1608], [-64.5492, 44.1619], [-64.5522, 44.1597], [-64.5551, 44.15], [-64.5594, 44.1483], [-64.5943, 44.1579], [-64.6062, 44.1586], [-64.6004, 44.1483], [-64.6138, 44.1411], [-64.6208, 44.1408], [-64.5995, 44.1351], [-64.5748, 44.1338], [-64.5543, 44.13], [-64.5458, 44.1173], [-64.5499, 44.0998], [-64.5609, 44.08], [-64.5765, 44.0692], [-64.5941, 44.0794], [-64.6214, 44.0648], [-64.6492, 44.0589], [-64.717, 44.0588], [-64.7054, 44.0457], [-64.6866, 44.0419], [-64.6694, 44.0355], [-64.6618, 44.0145], [-64.667, 43.9979], [-64.6799, 43.993], [-64.6967, 43.9901], [-64.7136, 43.98], [-64.7312, 43.9635], [-64.7445, 43.9578], [-64.8065, 43.9568], [-64.8157, 43.9541], [-64.8219, 43.9367], [-64.8284, 43.931], [-64.8375, 43.9285], [-64.8474, 43.9291], [-64.8333, 43.9139], [-64.7971, 43.8949], [-64.786, 43.8745], [-64.8018, 43.8763], [-64.814, 43.8741], [-64.8188, 43.8666], [-64.8126, 43.8529], [-64.8296, 43.845], [-64.8346, 43.8343], [-64.839, 43.8297], [-64.8542, 43.8397], [-64.868, 43.8607], [-64.8741, 43.8671], [-64.8933, 43.8768], [-64.915, 43.8807], [-64.91, 43.8709], [-64.8883, 43.8466], [-64.8857, 43.8389], [-64.8846, 43.8221], [-64.8815, 43.8118], [-64.9066, 43.805], [-64.9243, 43.8228], [-64.9377, 43.849], [-64.9498, 43.8671], [-64.9668, 43.8736], [-64.9639, 43.8605], [-64.9325, 43.8063], [-64.949, 43.7753], [-64.9582, 43.7658], [-64.9701, 43.7589], [-64.984, 43.7579], [-64.9971, 43.7696], [-65.0204, 43.817], [-65.0392, 43.8323], [-65.0377, 43.816], [-65.0187, 43.7709], [-65.016, 43.7584], [-65.0145, 43.7425], [-65.0166, 43.7272], [-65.025, 43.7162], [-65.0344, 43.7123], [-65.0368, 43.7154], [-65.0377, 43.7208], [-65.0429, 43.7237], [-65.0528, 43.7205], [-65.0586, 43.7135], [-65.0607, 43.7064], [-65.0597, 43.7032], [-65.077, 43.7108], [-65.0731, 43.745], [-65.087, 43.7579], [-65.0963, 43.7362], [-65.1232, 43.6968], [-65.1286, 43.6747], [-65.1512, 43.6891], [-65.1468, 43.7065], [-65.1366, 43.7271], [-65.1416, 43.751], [-65.1612, 43.7156], [-65.1695, 43.7094], [-65.1785, 43.7101], [-65.1871, 43.7159], [-65.1937, 43.7245], [-65.2008, 43.751], [-65.2117, 43.772], [-65.2252, 43.7918], [-65.2379, 43.8056], [-65.2423, 43.7952], [-65.2379, 43.7845], [-65.2547, 43.7757], [-65.2491, 43.7547], [-65.2246, 43.7188], [-65.2401, 43.6947], [-65.2504, 43.6734], [-65.2635, 43.6708], [-65.2893, 43.6747], [-65.3272, 43.6964], [-65.3278, 43.7095], [-65.316, 43.7328], [-65.3135, 43.7436], [-65.3172, 43.7605], [-65.323, 43.7654], [-65.3408, 43.7579], [-65.345, 43.7508], [-65.3463, 43.7415], [-65.3515, 43.7368], [-65.3675, 43.7436], [-65.355, 43.7161], [-65.3415, 43.6935], [-65.3343, 43.6703], [-65.3408, 43.6412], [-65.3406, 43.6173], [-65.3442, 43.6138], [-65.3545, 43.6107], [-65.3581, 43.6036], [-65.3566, 43.5965], [-65.3511, 43.5933], [-65.3461, 43.5874], [-65.3408, 43.5449], [-65.3625, 43.5749], [-65.3712, 43.5791], [-65.3815, 43.5766], [-65.3919, 43.5666], [-65.4017, 43.5654], [-65.4159, 43.5714], [-65.4422, 43.5929], [-65.4569, 43.5995], [-65.4569, 43.5933], [-65.413, 43.5388], [-65.4078, 43.5188], [-65.4017, 43.504], [-65.4162, 43.5001], [-65.4224, 43.5113], [-65.4289, 43.5449], [-65.4395, 43.5572], [-65.4501, 43.5605], [-65.4556, 43.556], [-65.4507, 43.5449], [-65.4554, 43.5347], [-65.4626, 43.5276], [-65.4723, 43.524], [-65.4842, 43.5245], [-65.4741, 43.5038], [-65.4714, 43.4938], [-65.4706, 43.48], [-65.4748, 43.4709], [-65.4842, 43.4719], [-65.4936, 43.4803], [-65.4979, 43.4934], [-65.504, 43.5028], [-65.5426, 43.5279], [-65.5468, 43.5323], [-65.5504, 43.5375], [-65.5517, 43.543], [-65.5456, 43.556], [-65.5499, 43.5613], [-65.566, 43.574], [-65.5795, 43.5654], [-65.6129, 43.5362], [-65.6487, 43.5176], [-65.6527, 43.5128], [-65.6542, 43.5071], [-65.6579, 43.5016], [-65.6692, 43.4971], [-65.6677, 43.5001], [-65.6745, 43.5045], [-65.6897, 43.5108], [-65.7193, 43.5089], [-65.7296, 43.5135], [-65.7381, 43.5313], [-65.7305, 43.5468], [-65.7316, 43.5627], [-65.7396, 43.5767], [-65.7523, 43.5865], [-65.7518, 43.5692], [-65.7449, 43.5586], [-65.7477, 43.5548], [-65.7544, 43.5517], [-65.7585, 43.5511], [-65.7781, 43.5682], [-65.7818, 43.5874], [-65.7722, 43.6412], [-65.7716, 43.6688], [-65.7738, 43.6808], [-65.779, 43.689], [-65.7888, 43.6911], [-65.7949, 43.6826], [-65.807, 43.6548], [-65.7964, 43.6463], [-65.7923, 43.6339], [-65.7938, 43.6199], [-65.7995, 43.6064], [-65.8148, 43.6316], [-65.817, 43.657], [-65.8157, 43.6827], [-65.82, 43.7094], [-65.848, 43.751], [-65.8529, 43.7642], [-65.8616, 43.8056], [-65.8685, 43.8056], [-65.8682, 43.7871], [-65.8662, 43.779], [-65.8616, 43.7709], [-65.8772, 43.7696], [-65.8889, 43.7838], [-65.899, 43.8035], [-65.9094, 43.8192], [-65.9244, 43.8268], [-65.9372, 43.826], [-65.9413, 43.8199], [-65.9299, 43.8118], [-65.9299, 43.8056], [-65.9567, 43.7854], [-65.9713, 43.7801], [-65.9777, 43.7948], [-65.9872, 43.8392], [-65.9919, 43.849], [-65.9967, 43.8541], [-66.005, 43.8255], [-66.0037, 43.8097], [-65.9744, 43.7506], [-65.9634, 43.7373], [-65.9732, 43.7143], [-65.9796, 43.706], [-65.9913, 43.7032], [-65.9831, 43.7195], [-65.9838, 43.7293], [-65.9916, 43.7311], [-66.005, 43.7237], [-66.0069, 43.7169], [-66.0055, 43.7078], [-66.0064, 43.6999], [-66.0152, 43.6964], [-66.0238, 43.6981], [-66.0281, 43.7023], [-66.0287, 43.7086], [-66.0261, 43.7162], [-66.0323, 43.7162], [-66.0309, 43.7367], [-66.0421, 43.7464], [-66.0555, 43.7409], [-66.0602, 43.7162], [-66.0742, 43.7293], [-66.0773, 43.7406], [-66.0732, 43.7677], [-66.0794, 43.7724], [-66.0931, 43.7665], [-66.1073, 43.755], [-66.1149, 43.7436], [-66.1217, 43.7436], [-66.1337, 43.8097], [-66.1198, 43.8245], [-66.1134, 43.836], [-66.1112, 43.8475], [-66.1183, 43.8529], [-66.1285, 43.8495], [-66.1496, 43.8255], [-66.1478, 43.8401], [-66.1492, 43.8524], [-66.1559, 43.86], [-66.1701, 43.8603], [-66.1662, 43.8704], [-66.1701, 43.8944], [-66.1523, 43.9241], [-66.1496, 43.9322], [-66.1537, 43.9472], [-66.1607, 43.9609], [-66.1629, 43.9757], [-66.1488, 44.0026], [-66.1503, 44.0104], [-66.1578, 44.0235], [-66.1834, 44.0841], [-66.1943, 44.0926], [-66.2104, 44.0856], [-66.2103, 44.1057], [-66.1947, 44.1427], [-66.1906, 44.1654], [-66.1877, 44.1712], [-66.1587, 44.2005], [-66.1526, 44.2091], [-66.1422, 44.2308], [-66.1137, 44.3434], [-66.095, 44.3742], [-66.0629, 44.3935], [-66.0467, 44.4066], [-66.0397, 44.4254], [-66.0325, 44.4368], [-65.966, 44.4892], [-65.9277, 44.5062], [-65.8888, 44.5325], [-65.8668, 44.5434], [-65.8479, 44.5565], [-65.8405, 44.5734], [-65.8491, 44.5868], [-65.8685, 44.5876], [-65.9132, 44.5797], [-65.933, 44.5838], [-65.9425, 44.5834], [-66.0284, 44.5206], [-66.1872, 44.3946], [-66.1968, 44.3909], [-66.1923, 44.4175], [-66.1803, 44.4344], [-65.9988, 44.5797], [-65.8889, 44.6308], [-65.8747, 44.6431], [-65.7859, 44.6964], [-65.7727, 44.6858], [-65.7631, 44.6723], [-65.7563, 44.6573], [-65.7523, 44.6417], [-65.757, 44.6205], [-65.7571, 44.6109], [-65.7486, 44.6069], [-65.7296, 44.6092], [-65.7102, 44.6138], [-65.6923, 44.6207], [-65.68, 44.6286], [-65.6561, 44.6479], [-65.625, 44.6665], [-65.6124, 44.6778], [-65.6016, 44.6964], [-65.5941, 44.6889], [-65.5367, 44.7366], [-65.5224, 44.744], [-65.4941, 44.7487], [-65.4509, 44.7706], [-65.4289, 44.7782], [-65.4473, 44.7811], [-65.4925, 44.7581], [-65.5351, 44.747], [-65.6153, 44.7091], [-65.654, 44.6981], [-65.6763, 44.6964], [-65.7173, 44.6744], [-65.7418, 44.6678], [-65.7585, 44.6827], [-65.7235, 44.7274], [-65.6212, 44.7789], [-65.4569, 44.8546], [-65.3976, 44.8949], [-65.3784, 44.9011], [-65.3583, 44.9044], [-65.2317, 44.9552], [-65.2133, 44.9669], [-65.1805, 44.9932], [-65.0221, 45.0602], [-64.8632, 45.1396], [-64.714, 45.1924], [-64.6441, 45.2008], [-64.5755, 45.2196], [-64.5106, 45.2286], [-64.475, 45.2403], [-64.4412, 45.2558], [-64.4154, 45.2716], [-64.3953, 45.3016], [-64.4176, 45.3196], [-64.4593, 45.3292], [-64.4979, 45.3338], [-64.4778, 45.3411], [-64.4562, 45.3387], [-64.4154, 45.3263], [-64.3487, 45.3194], [-64.3297, 45.3096], [-64.3184, 45.2949], [-64.3205, 45.2829], [-64.3434, 45.2615], [-64.3516, 45.2481], [-64.3591, 45.2134], [-64.3675, 45.1966], [-64.3524, 45.1852], [-64.357, 45.1708], [-64.3719, 45.1573], [-64.3881, 45.1488], [-64.3673, 45.1261], [-64.3624, 45.1161], [-64.3675, 45.1078], [-64.3566, 45.104], [-64.3455, 45.1059], [-64.3369, 45.1129], [-64.3316, 45.1359], [-64.326, 45.142], [-64.3055, 45.1488], [-64.2235, 45.1084], [-64.1516, 45.0498], [-64.1491, 45.0387], [-64.1553, 44.9837], [-64.1473, 44.9977], [-64.1359, 45.0032], [-64.1221, 45.0026], [-64.1069, 44.998], [-64.1163, 45.0114], [-64.119, 45.0299], [-64.1142, 45.0462], [-64.1007, 45.0532], [-64.1007, 45.0594], [-64.1195, 45.0621], [-64.1365, 45.0729], [-64.1838, 45.1143], [-64.1974, 45.1326], [-64.1993, 45.1487], [-64.1659, 45.1594], [-64.164, 45.1683], [-64.1663, 45.1784], [-64.1656, 45.186], [-64.1577, 45.1919], [-64.1393, 45.2], [-64.1151, 45.2161], [-64.0243, 45.2414], [-63.9629, 45.2511], [-63.9058, 45.2758], [-63.8847, 45.2791], [-63.8465, 45.2772], [-63.8253, 45.2796], [-63.809, 45.2887], [-63.804, 45.2988], [-63.8041, 45.3063], [-63.8014, 45.311], [-63.7882, 45.3126], [-63.7604, 45.3113], [-63.7483, 45.3074], [-63.7369, 45.2996], [-63.7303, 45.3055], [-63.7159, 45.3263], [-63.7081, 45.3264], [-63.6749, 45.3201], [-63.5787, 45.3223], [-63.5431, 45.3317], [-63.5241, 45.3338], [-63.5045, 45.3287], [-63.4926, 45.317], [-63.4828, 45.3033], [-63.4695, 45.2921], [-63.4609, 45.325], [-63.4331, 45.3449], [-63.3961, 45.3556], [-63.3602, 45.3611], [-63.3917, 45.3716], [-63.5073, 45.3747], [-63.5287, 45.3778], [-63.5712, 45.3917], [-63.593, 45.3952], [-63.8158, 45.3952], [-63.8339, 45.3921], [-63.8489, 45.3846], [-63.8741, 45.3673], [-63.8849, 45.3563], [-63.8909, 45.3529], [-63.9015, 45.3542], [-63.9105, 45.3589], [-63.9146, 45.3652], [-63.9139, 45.3729], [-63.9083, 45.3815], [-63.9366, 45.3985], [-64.0138, 45.3904], [-64.0523, 45.3952], [-64.038, 45.402], [-64.066, 45.413], [-64.1053, 45.4151], [-64.1826, 45.4088], [-64.2439, 45.3947], [-64.2759, 45.3921], [-64.3124, 45.402], [-64.3145, 45.3819], [-64.3222, 45.38], [-64.3336, 45.3858], [-64.3472, 45.389], [-64.359, 45.3863], [-64.3697, 45.3815], [-64.3881, 45.3673], [-64.3998, 45.3729], [-64.4359, 45.3815], [-64.4457, 45.388], [-64.4514, 45.3947], [-64.4588, 45.4], [-64.5762, 45.4156], [-64.62, 45.4085], [-64.6725, 45.389], [-64.707, 45.3606], [-64.6966, 45.3263], [-64.7174, 45.3246], [-64.7325, 45.3161], [-64.7451, 45.3061], [-64.7587, 45.2996], [-64.7684, 45.2979], [-64.7671, 45.3026], [-64.7729, 45.3178], [-64.7666, 45.3251], [-64.7682, 45.33], [-64.774, 45.3332], [-64.7864, 45.3321], [-64.7921, 45.3338], [-64.8227, 45.348], [-64.8599, 45.353], [-64.8975, 45.3465], [-64.9293, 45.3263], [-64.9357, 45.3512], [-64.9287, 45.383], [-64.9152, 45.4124], [-64.902, 45.43], [-64.8539, 45.4573], [-64.839, 45.4591], [-64.8149, 45.4676], [-64.7996, 45.4709], [-64.8331, 45.484], [-64.7064, 45.5369], [-64.6809, 45.5425], [-64.6633, 45.5565], [-64.6488, 45.5591], [-64.6454, 45.5863], [-64.6136, 45.6027], [-64.5728, 45.6153], [-64.5423, 45.6317], [-64.5133, 45.6568], [-64.4843, 45.6764], [-64.457, 45.6832], [-64.4486, 45.6906], [-64.4377, 45.7043], [-64.4291, 45.7099], [-64.4368, 45.7252], [-64.4391, 45.7385], [-64.4321, 45.7479], [-64.412, 45.7515], [-64.3981, 45.7563], [-64.3859, 45.7676], [-64.3789, 45.7812], [-64.3806, 45.7924], [-64.3055, 45.8266], [-64.293, 45.8158], [-64.2944, 45.805], [-64.3124, 45.7856], [-64.3191, 45.7813], [-64.3314, 45.7772], [-64.3335, 45.7685], [-64.3283, 45.7596], [-64.3277, 45.7545], [-64.3335, 45.7446], [-64.3167, 45.7557], [-64.3031, 45.7619], [-64.2875, 45.7645], [-64.2646, 45.7651], [-64.2695, 45.7742], [-64.2789, 45.7786], [-64.3055, 45.7788], [-64.2939, 45.784], [-64.2828, 45.7935], [-64.2745, 45.8045], [-64.2707, 45.8135], [-64.2711, 45.8306], [-64.2762, 45.8418], [-64.3216, 45.8778], [-64.3347, 45.8851], [-64.3472, 45.8887], [-64.3615, 45.8851], [-64.366, 45.876], [-64.3591, 45.8681], [-64.3397, 45.8682], [-64.3397, 45.8607], [-64.369, 45.8467], [-64.4195, 45.7912], [-64.4464, 45.7788], [-64.4642, 45.7728], [-64.4715, 45.7585], [-64.4748, 45.7416], [-64.4809, 45.7279], [-64.495, 45.721], [-64.5139, 45.7206], [-64.5325, 45.7248], [-64.5458, 45.7316], [-64.5263, 45.7425], [-64.5085, 45.7662], [-64.4955, 45.7937], [-64.4905, 45.8167], [-64.4962, 45.8248], [-64.523, 45.8397], [-64.5315, 45.847], [-64.5362, 45.8615], [-64.5315, 45.9022], [-64.5484, 45.8836], [-64.5609, 45.8787], [-64.5724, 45.8856], [-64.6298, 45.9545], [-64.6488, 45.9706], [-64.67, 45.9831], [-64.6788, 45.991], [-64.6823, 46.0016], [-64.683, 46.0255], [-64.6852, 46.0362], [-64.6898, 46.0463], [-64.704, 46.0622], [-64.7261, 46.0791], [-64.7487, 46.0899], [-64.7649, 46.0873], [-64.7103, 46.0496], [-64.6966, 46.0326], [-64.7057, 46.0179], [-64.708, 46.008], [-64.7037, 45.9994], [-64.6932, 45.9883], [-64.6686, 45.9706], [-64.6566, 45.9529], [-64.6354, 45.9452], [-64.6261, 45.932], [-64.6134, 45.9022], [-64.6016, 45.8906], [-64.5787, 45.8727], [-64.5724, 45.8607], [-64.5854, 45.8259], [-64.6132, 45.8004], [-64.6465, 45.7777], [-64.6761, 45.7515], [-64.6665, 45.7459], [-64.6413, 45.7242], [-64.6534, 45.7206], [-64.6762, 45.7262], [-64.6898, 45.7242], [-64.6968, 45.7158], [-64.7078, 45.689], [-64.7136, 45.6832], [-64.7292, 45.6733], [-64.7563, 45.6278], [-64.7716, 45.6143], [-64.7848, 45.6132], [-64.7903, 45.6187], [-64.7952, 45.6273], [-64.8065, 45.6354], [-64.8176, 45.6374], [-64.8828, 45.6336], [-64.9048, 45.6282], [-64.9244, 45.6197], [-64.943, 45.6081], [-64.9945, 45.5591], [-65.0153, 45.5528], [-65.0352, 45.5504], [-65.1843, 45.5104], [-65.3151, 45.4592], [-65.4892, 45.3716], [-65.5194, 45.3646], [-65.5292, 45.3577], [-65.5362, 45.348], [-65.5388, 45.3371], [-65.545, 45.3296], [-65.5592, 45.3248], [-65.6186, 45.3157], [-65.6288, 45.3126], [-65.6607, 45.2945], [-65.6975, 45.2852], [-65.733, 45.2533], [-65.7523, 45.2444], [-65.7613, 45.2472], [-65.7825, 45.2619], [-65.7933, 45.2649], [-65.8041, 45.2601], [-65.8266, 45.2417], [-65.8529, 45.233], [-65.8883, 45.2139], [-65.9094, 45.2103], [-65.9293, 45.213], [-65.9606, 45.222], [-65.9814, 45.2239], [-65.9956, 45.2303], [-66.0059, 45.2449], [-66.0186, 45.2716], [-66.0396, 45.2851], [-66.136, 45.3126], [-66.0336, 45.3704], [-66.0019, 45.3986], [-65.9984, 45.4068], [-65.9988, 45.4396], [-66.0008, 45.4498], [-66.0053, 45.4594], [-66.0098, 45.4643], [-66.0204, 45.4493], [-66.0584, 45.4227], [-66.0697, 45.4003], [-66.0875, 45.3747], [-66.0894, 45.37], [-66.0897, 45.3592], [-66.095, 45.3542], [-66.1006, 45.3541], [-66.1143, 45.3603], [-66.1217, 45.3611], [-66.1641, 45.3519], [-66.1854, 45.3441], [-66.1968, 45.3338], [-66.1769, 45.3065], [-66.1664, 45.2973], [-66.1544, 45.2896], [-66.1285, 45.2791], [-66.1065, 45.2773], [-66.0868, 45.2783], [-66.0709, 45.2745], [-66.0602, 45.258], [-66.0836, 45.2523], [-66.116, 45.2367], [-66.141, 45.2181], [-66.1422, 45.2028], [-66.1894, 45.1778], [-66.1968, 45.1723], [-66.2021, 45.1595], [-66.2141, 45.1696], [-66.2316, 45.1966], [-66.2494, 45.2047], [-66.2798, 45.2086], [-66.31, 45.2048], [-66.3277, 45.1898], [-66.3038, 45.1872], [-66.2705, 45.1898], [-66.2486, 45.1853], [-66.2589, 45.1618], [-66.2838, 45.15], [-66.3428, 45.1444], [-66.3544, 45.1314], [-66.358, 45.1166], [-66.3672, 45.1149], [-66.3795, 45.1165], [-66.3929, 45.1112], [-66.4149, 45.0928], [-66.4288, 45.0837], [-66.4407, 45.0799], [-66.4542, 45.0771], [-66.4613, 45.0777], [-66.4643, 45.0836], [-66.4649, 45.098], [-66.464, 45.1049], [-66.4608, 45.1078], [-66.4603, 45.1147], [-66.491, 45.1556], [-66.5055, 45.148], [-66.5199, 45.1439], [-66.55, 45.1403], [-66.6601, 45.0846], [-66.6925, 45.0746], [-66.7181, 45.0799], [-66.7107, 45.0873], [-66.725, 45.0936], [-66.7311, 45.0748], [-66.7458, 45.0645], [-66.7663, 45.0603], [-66.7895, 45.0594], [-66.797, 45.0658], [-66.7869, 45.0806], [-66.7808, 45.0968], [-66.8001, 45.1078], [-66.8034, 45.0934], [-66.8133, 45.0894], [-66.827, 45.0894], [-66.8417, 45.0873], [-66.8721, 45.0656], [-66.8889, 45.0607], [-66.9087, 45.0987], [-66.911, 45.1139], [-66.8994, 45.1208], [-66.8852, 45.1223], [-66.8623, 45.128], [-66.8479, 45.1283], [-66.8557, 45.1376], [-66.8697, 45.1439], [-66.8856, 45.1476], [-66.8994, 45.1488], [-66.916, 45.1547], [-66.9274, 45.1682], [-66.9359, 45.182], [-66.9435, 45.1898], [-66.957, 45.1891], [-66.9708, 45.182], [-66.9814, 45.171], [-66.9857, 45.1588], [-67.0052, 45.1667], [-67.0211, 45.1684], [-67.0401, 45.1438], [-67.0388, 45.1343], [-67.0455, 45.1172], [-67.0495, 45.0964], [-67.0401, 45.0756], [-67.0657, 45.0825], [-67.0864, 45.0976], [-67.1248, 45.1438], [-67.1311, 45.1538], [-67.1341, 45.1651], [-67.1363, 45.1965], [-67.1407, 45.2046], [-67.1492, 45.2055], [-67.163, 45.1985], [-67.163, 45.2128], [-67.168, 45.2226], [-67.1772, 45.229], [-67.1903, 45.2332], [-67.1906, 45.2174], [-67.1877, 45.2014], [-67.1826, 45.1879], [-67.176, 45.1787], [-67.2062, 45.1894], [-67.2191, 45.1921]]], [[[-66.931, 44.8699], [-66.9206, 44.8503], [-66.9193, 44.8373], [-66.9388, 44.8386], [-66.9557, 44.8464], [-66.9752, 44.8607], [-66.9818, 44.8725], [-66.9583, 44.8777], [-66.9544, 44.8894], [-66.9544, 44.8998], [-66.9401, 44.9258], [-66.9336, 44.9415], [-66.9049, 44.9558], [-66.9036, 44.9337], [-66.8919, 44.9219], [-66.8932, 44.9063], [-66.901, 44.8894], [-66.9167, 44.8777], [-66.931, 44.8699]]], [[[-66.9857, 44.9258], [-67.0052, 44.948], [-67.0143, 44.9636], [-67.0169, 44.9792], [-66.9896, 45.0014], [-66.9739, 45.0183], [-66.9544, 45.0274], [-66.9388, 45.0248], [-66.9401, 45.0118], [-66.9453, 45.0001], [-66.9479, 44.9831], [-66.9635, 44.961], [-66.9779, 44.9363], [-66.9857, 44.9258]]], [[[-127.8883, 51.4958], [-127.8763, 51.4742], [-127.8715, 51.4565], [-127.8793, 51.4422], [-127.8975, 51.4298], [-127.9181, 51.4213], [-127.9329, 51.419], [-127.9432, 51.4224], [-127.9608, 51.4395], [-127.9838, 51.4511], [-128.0076, 51.4677], [-128.0162, 51.4648], [-128.027, 51.4587], [-128.0503, 51.4599], [-128.0686, 51.4696], [-128.086, 51.4869], [-128.0991, 51.5087], [-128.1042, 51.5316], [-128.1091, 51.5452], [-128.1453, 51.5903], [-128.1566, 51.6279], [-128.139, 51.658], [-128.1043, 51.6818], [-128.0262, 51.7198], [-128.0099, 51.7237], [-127.9894, 51.7004], [-127.9766, 51.6821], [-127.9713, 51.664], [-127.9814, 51.6518], [-127.9506, 51.6289], [-127.9203, 51.5961], [-127.9049, 51.5587], [-127.9187, 51.522], [-127.9037, 51.5143], [-127.8883, 51.4958]]], [[[-128.1626, 51.8572], [-128.2056, 51.8545], [-128.2304, 51.856], [-128.2482, 51.864], [-128.251, 51.8759], [-128.2446, 51.8918], [-128.2306, 51.9059], [-128.196, 51.9161], [-128.1991, 51.9257], [-128.2172, 51.9429], [-128.2222, 51.9542], [-128.219, 51.9627], [-128.2073, 51.9739], [-128.1777, 52.0158], [-128.1592, 52.0348], [-128.1418, 52.0428], [-128.1309, 52.0449], [-128.1072, 52.0543], [-128.0943, 52.0565], [-128.0662, 52.0556], [-127.9988, 52.0657], [-127.9704, 52.0632], [-127.9534, 52.049], [-127.9598, 52.0172], [-127.9606, 52.0023], [-127.9534, 51.9875], [-127.9634, 51.9694], [-127.9782, 51.9302], [-127.9875, 51.9118], [-128.036, 51.8436], [-128.0286, 51.8367], [-128.036, 51.8299], [-128.017, 51.8068], [-128.0096, 51.7955], [-128.0093, 51.7821], [-128.0176, 51.7722], [-128.0326, 51.7642], [-128.0639, 51.7548], [-128.0751, 51.7651], [-128.0922, 51.7613], [-128.1129, 51.7523], [-128.1352, 51.7473], [-128.14, 51.7526], [-128.1383, 51.7639], [-128.129, 51.7867], [-128.1225, 51.793], [-128.1175, 51.8015], [-128.1185, 51.8162], [-128.1222, 51.8239], [-128.1383, 51.8436], [-128.1339, 51.8574], [-128.1383, 51.864], [-128.1429, 51.8642], [-128.1626, 51.8572]]], [[[-127.9093, 52.1589], [-127.9017, 52.1613], [-127.8895, 52.171], [-127.8777, 52.1719], [-127.8888, 52.1462], [-127.8949, 52.1358], [-127.9198, 52.1188], [-127.9398, 52.0899], [-127.9615, 52.0828], [-128.0144, 52.0915], [-128.0394, 52.0803], [-128.0525, 52.0763], [-128.0699, 52.0803], [-128.0865, 52.0885], [-128.0974, 52.0974], [-128.106, 52.1108], [-128.1112, 52.1279], [-128.1217, 52.1418], [-128.123, 52.1517], [-128.1066, 52.1518], [-128.077, 52.1452], [-128.0672, 52.1485], [-128.0477, 52.1618], [-128.036, 52.1657], [-127.9466, 52.1657], [-127.9093, 52.1589]]], [[[-128.2528, 52.04], [-128.2551, 52.049], [-128.279, 52.0908], [-128.2964, 52.1059], [-128.2907, 52.1247], [-128.2775, 52.1435], [-128.2656, 52.152], [-128.2533, 52.1733], [-128.2482, 52.1793], [-128.2366, 52.1873], [-128.2203, 52.1936], [-128.2015, 52.198], [-128.1802, 52.1999], [-128.1602, 52.1986], [-128.1453, 52.1936], [-128.1527, 52.1862], [-128.1551, 52.0943], [-128.1626, 52.0732], [-128.1693, 52.0682], [-128.1863, 52.0618], [-128.1936, 52.0565], [-128.1981, 52.0481], [-128.2029, 52.0288], [-128.2073, 52.0217], [-128.216, 52.0178], [-128.2281, 52.0167], [-128.2401, 52.018], [-128.2482, 52.0217], [-128.2524, 52.0277], [-128.2528, 52.04]]], [[[-128.266, 52.1976], [-128.2784, 52.1848], [-128.283, 52.1688], [-128.3035, 52.1309], [-128.3136, 52.1314], [-128.3298, 52.1479], [-128.3367, 52.1162], [-128.3215, 52.0904], [-128.3398, 52.0793], [-128.3662, 52.0878], [-128.3843, 52.098], [-128.3681, 52.1216], [-128.3578, 52.1445], [-128.3946, 52.1555], [-128.4051, 52.1424], [-128.4224, 52.1277], [-128.4417, 52.1228], [-128.4547, 52.1309], [-128.439, 52.1425], [-128.4301, 52.154], [-128.4774, 52.1514], [-128.5054, 52.1531], [-128.5224, 52.1576], [-128.518, 52.1748], [-128.4837, 52.1866], [-128.4715, 52.2029], [-128.4565, 52.2109], [-128.4553, 52.2249], [-128.4473, 52.238], [-128.3662, 52.2348], [-128.3445, 52.2408], [-128.2789, 52.2372], [-128.2466, 52.2289], [-128.2278, 52.2128], [-128.2484, 52.207], [-128.266, 52.1976]]], [[[-128.1377, 52.2416], [-128.1561, 52.247], [-128.1732, 52.2551], [-128.1002, 52.2785], [-128.0803, 52.2926], [-128.0555, 52.3035], [-128.0203, 52.3056], [-127.9853, 52.3021], [-127.9608, 52.296], [-127.9364, 52.251], [-127.9329, 52.2377], [-127.9267, 52.2265], [-127.9149, 52.2149], [-127.9077, 52.2009], [-127.9155, 52.1828], [-127.932, 52.1762], [-127.9547, 52.1782], [-127.995, 52.1862], [-128.0447, 52.1809], [-128.0713, 52.1823], [-128.0912, 52.1936], [-128.094, 52.2051], [-128.0867, 52.216], [-128.0731, 52.224], [-128.0335, 52.2315], [-128.0207, 52.2411], [-128.0216, 52.2507], [-128.0394, 52.2551], [-128.0543, 52.2535], [-128.078, 52.2451], [-128.0974, 52.2408], [-128.1181, 52.2394], [-128.1377, 52.2416]]], [[[-127.241, 52.3838], [-127.2376, 52.366], [-127.2067, 52.3507], [-127.238, 52.3129], [-127.277, 52.2894], [-127.3644, 52.2613], [-127.3688, 52.2585], [-127.3739, 52.2506], [-127.378, 52.2482], [-127.3876, 52.2484], [-127.4051, 52.2543], [-127.4128, 52.2551], [-127.4538, 52.2377], [-127.4629, 52.2227], [-127.4844, 52.2102], [-127.5289, 52.1936], [-127.5665, 52.1894], [-127.5766, 52.1862], [-127.5848, 52.1772], [-127.5946, 52.1562], [-127.6009, 52.152], [-127.6252, 52.1483], [-127.6422, 52.1381], [-127.6933, 52.0676], [-127.7057, 52.0434], [-127.7036, 52.0251], [-127.6981, 52.0041], [-127.7181, 51.9882], [-127.7472, 51.9781], [-127.7691, 51.9739], [-127.8198, 51.9709], [-127.8374, 51.967], [-127.8729, 51.9547], [-127.8883, 51.9534], [-127.9022, 51.9682], [-127.8997, 52.0016], [-127.8782, 52.0836], [-127.8734, 52.0929], [-127.8647, 52.1042], [-127.859, 52.1083], [-127.8481, 52.1116], [-127.8436, 52.1179], [-127.8465, 52.1187], [-127.851, 52.1486], [-127.8418, 52.1681], [-127.8202, 52.1957], [-127.7951, 52.2177], [-127.7753, 52.2204], [-127.751, 52.2502], [-127.7127, 52.2548], [-127.6706, 52.2551], [-127.619, 52.2809], [-127.5773, 52.2899], [-127.5519, 52.3052], [-127.5425, 52.3083], [-127.522, 52.3096], [-127.5116, 52.3129], [-127.4988, 52.327], [-127.4758, 52.3362], [-127.4645, 52.3504], [-127.4469, 52.378], [-127.4318, 52.3872], [-127.4145, 52.3926], [-127.3118, 52.4133], [-127.2955, 52.4196], [-127.2704, 52.4354], [-127.2588, 52.4355], [-127.2408, 52.4264], [-127.2357, 52.404], [-127.241, 52.3838]]], [[[-128.6205, 52.4273], [-128.6256, 52.4196], [-128.6128, 52.3774], [-128.6232, 52.3301], [-128.6483, 52.2897], [-128.6796, 52.2681], [-128.6864, 52.2861], [-128.7167, 52.3078], [-128.7281, 52.3227], [-128.7294, 52.3327], [-128.727, 52.3542], [-128.7281, 52.3643], [-128.7485, 52.3712], [-128.7485, 52.3917], [-128.7564, 52.4081], [-128.7628, 52.4285], [-128.7638, 52.4495], [-128.7554, 52.4674], [-128.7411, 52.4746], [-128.7175, 52.4809], [-128.6728, 52.4879], [-128.6728, 52.4809], [-128.6871, 52.4674], [-128.669, 52.4722], [-128.6529, 52.4809], [-128.6324, 52.4698], [-128.6237, 52.4631], [-128.6182, 52.4537], [-128.6183, 52.4351], [-128.6205, 52.4273]]], [[[-128.5613, 52.6522], [-128.5506, 52.6647], [-128.5362, 52.6523], [-128.5251, 52.598], [-128.4721, 52.4883], [-128.4847, 52.4432], [-128.4979, 52.4363], [-128.516, 52.4338], [-128.5341, 52.4359], [-128.5607, 52.4533], [-128.5929, 52.4614], [-128.6193, 52.4779], [-128.6505, 52.4921], [-128.6629, 52.4946], [-128.6787, 52.5009], [-128.689, 52.5123], [-128.6989, 52.5181], [-128.7137, 52.5077], [-128.7018, 52.4987], [-128.7063, 52.491], [-128.7197, 52.4883], [-128.7349, 52.4946], [-128.7572, 52.4903], [-128.7775, 52.4999], [-128.797, 52.5137], [-128.8175, 52.522], [-128.8119, 52.5407], [-128.8013, 52.547], [-128.7867, 52.5444], [-128.769, 52.5362], [-128.7451, 52.5185], [-128.7349, 52.5151], [-128.727, 52.5181], [-128.7211, 52.5251], [-128.7132, 52.5289], [-128.7001, 52.522], [-128.6939, 52.5294], [-128.7013, 52.5317], [-128.7212, 52.5424], [-128.7076, 52.5493], [-128.732, 52.5565], [-128.7383, 52.5598], [-128.7405, 52.5668], [-128.7356, 52.5814], [-128.7419, 52.5862], [-128.7389, 52.5908], [-128.732, 52.5955], [-128.7247, 52.5977], [-128.5833, 52.6005], [-128.563, 52.6114], [-128.5661, 52.6296], [-128.5613, 52.6522]]], [[[-128.4023, 52.374], [-128.4386, 52.3743], [-128.4664, 52.3827], [-128.4642, 52.4025], [-128.4474, 52.4145], [-128.4272, 52.4255], [-128.411, 52.4394], [-128.4059, 52.4605], [-128.3985, 52.4674], [-128.425, 52.4876], [-128.4359, 52.5264], [-128.4401, 52.6114], [-128.4499, 52.6234], [-128.4519, 52.6309], [-128.438, 52.6525], [-128.4416, 52.6728], [-128.4369, 52.6837], [-128.4261, 52.7001], [-128.4244, 52.7152], [-128.4315, 52.7289], [-128.4469, 52.741], [-128.4352, 52.7613], [-128.4146, 52.7824], [-128.3913, 52.7965], [-128.3717, 52.7957], [-128.3602, 52.7587], [-128.3519, 52.7175], [-128.3332, 52.6971], [-128.3186, 52.6876], [-128.3183, 52.6752], [-128.324, 52.6591], [-128.3146, 52.5882], [-128.3031, 52.5735], [-128.2976, 52.5543], [-128.2953, 52.5342], [-128.2875, 52.5213], [-128.2816, 52.4982], [-128.2817, 52.4887], [-128.2841, 52.4785], [-128.2892, 52.4674], [-128.3078, 52.4402], [-128.3104, 52.4294], [-128.3786, 52.378], [-128.4023, 52.374]]], [[[-128.9267, 52.5695], [-128.9263, 52.5278], [-128.9325, 52.499], [-128.9496, 52.4733], [-128.9813, 52.4537], [-128.9865, 52.48], [-128.9925, 52.4874], [-129.0092, 52.4879], [-129.0006, 52.5041], [-129.0037, 52.5203], [-129.0138, 52.5299], [-129.0434, 52.5175], [-129.0602, 52.5241], [-129.0729, 52.5393], [-129.0781, 52.5567], [-129.1023, 52.5537], [-129.1193, 52.5659], [-129.1259, 52.5871], [-129.119, 52.6114], [-129.1547, 52.6049], [-129.1842, 52.6266], [-129.2277, 52.6802], [-129.2198, 52.6838], [-129.2118, 52.6848], [-129.1942, 52.6802], [-129.2089, 52.6945], [-129.2557, 52.714], [-129.2761, 52.7274], [-129.2687, 52.7343], [-129.2855, 52.7507], [-129.292, 52.7626], [-129.2868, 52.7742], [-129.2687, 52.7895], [-129.2815, 52.8105], [-129.2751, 52.8247], [-129.257, 52.8281], [-129.1805, 52.7895], [-129.1518, 52.7643], [-129.1357, 52.7532], [-129.1018, 52.7434], [-129.0843, 52.7314], [-129.057, 52.7069], [-128.9447, 52.628], [-128.9301, 52.6144], [-128.9249, 52.6018], [-128.9267, 52.5695]]], [[[-128.3233, 52.7507], [-128.324, 52.7751], [-128.323, 52.7788], [-128.2795, 52.7873], [-128.2351, 52.7877], [-128.2141, 52.7957], [-128.2065, 52.8068], [-128.1998, 52.8214], [-128.1901, 52.8301], [-128.1732, 52.8236], [-128.1794, 52.7861], [-128.1827, 52.7755], [-128.1971, 52.7593], [-128.2005, 52.7516], [-128.2105, 52.7067], [-128.2278, 52.6837], [-128.2386, 52.6601], [-128.2512, 52.6242], [-128.2551, 52.6176], [-128.275, 52.6025], [-128.2877, 52.6074], [-128.2911, 52.6227], [-128.283, 52.6393], [-128.283, 52.6455], [-128.287, 52.6494], [-128.2967, 52.666], [-128.2885, 52.6837], [-128.2918, 52.6997], [-128.3206, 52.7434], [-128.3233, 52.7507]]], [[[-128.536, 52.7664], [-128.5328, 52.779], [-128.5232, 52.8018], [-128.5104, 52.8628], [-128.5021, 52.872], [-128.4849, 52.8655], [-128.4734, 52.8536], [-128.4659, 52.8387], [-128.4577, 52.8095], [-128.4556, 52.789], [-128.4612, 52.7758], [-128.481, 52.7827], [-128.4777, 52.7066], [-128.4847, 52.6902], [-128.5017, 52.6694], [-128.5099, 52.6539], [-128.5167, 52.654], [-128.5294, 52.6802], [-128.522, 52.6871], [-128.5306, 52.6948], [-128.5395, 52.7085], [-128.5424, 52.7216], [-128.5328, 52.7274], [-128.5312, 52.734], [-128.536, 52.7664]]], [[[-129.5361, 52.9761], [-129.5298, 52.9649], [-129.5436, 52.9602], [-129.5585, 52.9644], [-129.5789, 52.9809], [-129.592, 52.9819], [-129.6094, 52.9617], [-129.6205, 52.9582], [-129.6293, 52.9923], [-129.6369, 53.0], [-129.5565, 53.0], [-129.5497, 52.9896], [-129.5361, 52.9761]]], [[[-129.3004, 52.9744], [-129.3245, 52.9719], [-129.338, 52.9726], [-129.3754, 52.9949], [-129.3935, 53.0], [-129.2923, 53.0], [-129.2911, 52.9823], [-129.3004, 52.9744]]], [[[-128.8564, 52.659], [-128.8915, 52.6602], [-128.9273, 52.6728], [-129.0172, 52.7158], [-129.0445, 52.7345], [-129.057, 52.741], [-129.0428, 52.7523], [-129.0365, 52.7547], [-129.0365, 52.7622], [-129.063, 52.7683], [-129.0773, 52.7783], [-129.1017, 52.8062], [-129.1107, 52.8201], [-129.1212, 52.8446], [-129.1254, 52.8679], [-129.1153, 52.8782], [-129.0928, 52.8757], [-129.0297, 52.8577], [-129.0168, 52.8593], [-129.0276, 52.8688], [-129.0707, 52.8925], [-129.0365, 52.9056], [-129.0055, 52.9267], [-128.9887, 52.9338], [-128.9652, 52.9659], [-128.9471, 52.9744], [-128.9477, 52.999], [-128.9458, 53.0], [-128.533, 53.0], [-128.5275, 52.981], [-128.522, 52.9335], [-128.524, 52.8918], [-128.5323, 52.8466], [-128.5645, 52.7432], [-128.5713, 52.7374], [-128.5846, 52.741], [-128.5775, 52.701], [-128.5841, 52.6862], [-128.6051, 52.666], [-128.59, 52.666], [-128.5835, 52.6636], [-128.5772, 52.6591], [-128.5819, 52.6486], [-128.5891, 52.623], [-128.5946, 52.6144], [-128.6056, 52.6112], [-128.7036, 52.6112], [-128.7252, 52.6074], [-128.7485, 52.5977], [-128.7554, 52.6039], [-128.7462, 52.6216], [-128.7397, 52.6391], [-128.736, 52.6562], [-128.7349, 52.6728], [-128.7372, 52.6916], [-128.7464, 52.7264], [-128.7485, 52.7448], [-128.7431, 52.7637], [-128.7191, 52.7954], [-128.7137, 52.8131], [-128.7108, 52.8367], [-128.7023, 52.8474], [-128.6728, 52.8646], [-128.6484, 52.9161], [-128.6452, 52.9337], [-128.6447, 52.9537], [-128.6461, 52.9602], [-128.6531, 52.9661], [-128.6645, 52.9709], [-128.675, 52.9713], [-128.6796, 52.9639], [-128.6696, 52.9275], [-128.6693, 52.9079], [-128.6833, 52.8994], [-128.7035, 52.9039], [-128.719, 52.9125], [-128.733, 52.918], [-128.7485, 52.913], [-128.7369, 52.8995], [-128.7276, 52.8761], [-128.7279, 52.8539], [-128.7451, 52.8441], [-128.7572, 52.8349], [-128.7637, 52.8131], [-128.769, 52.7684], [-128.7787, 52.7301], [-128.7773, 52.7152], [-128.7593, 52.6869], [-128.7567, 52.6768], [-128.7604, 52.6691], [-128.7728, 52.666], [-128.7819, 52.6698], [-128.8038, 52.7007], [-128.8258, 52.6716], [-128.8564, 52.659]]], [[[-128.9881, 52.9676], [-129.0128, 52.9467], [-129.0574, 52.918], [-129.1, 52.903], [-129.119, 52.9229], [-129.1256, 52.9319], [-129.1605, 52.9303], [-129.1771, 52.9368], [-129.1837, 52.9495], [-129.1891, 52.9692], [-129.1935, 53.0], [-128.9698, 53.0], [-128.9745, 52.9949], [-128.9881, 52.9676]]], [[[-123.2803, 48.6013], [-123.288, 48.5913], [-123.3029, 48.597], [-123.3127, 48.6085], [-123.3367, 48.6311], [-123.338, 48.6342], [-123.3327, 48.6295], [-123.3319, 48.6344], [-123.3386, 48.6465], [-123.3375, 48.6484], [-123.3268, 48.64], [-123.3053, 48.6188], [-123.2831, 48.6113], [-123.2803, 48.6013]]], [[[-123.4076, 48.7541], [-123.4584, 48.7674], [-123.4285, 48.7383], [-123.4276, 48.7296], [-123.4404, 48.7221], [-123.461, 48.7154], [-123.4821, 48.7122], [-123.4962, 48.7156], [-123.5089, 48.7241], [-123.5311, 48.7344], [-123.5409, 48.7463], [-123.5464, 48.7573], [-123.5497, 48.7707], [-123.5468, 48.7839], [-123.5335, 48.7941], [-123.5335, 48.801], [-123.5534, 48.8147], [-123.5698, 48.8324], [-123.5715, 48.8498], [-123.5472, 48.8624], [-123.5719, 48.8815], [-123.5867, 48.898], [-123.5937, 48.9191], [-123.5956, 48.9518], [-123.5865, 48.9426], [-123.5819, 48.9313], [-123.5031, 48.8917], [-123.4311, 48.8419], [-123.4452, 48.8417], [-123.4588, 48.8449], [-123.4886, 48.8623], [-123.4945, 48.861], [-123.4988, 48.8563], [-123.5, 48.8494], [-123.472, 48.8283], [-123.369, 48.7742], [-123.3823, 48.7562], [-123.4076, 48.7541]]], [[[-123.698, 49.0821], [-123.7027, 49.0999], [-123.6973, 49.1093], [-123.687, 49.1085], [-123.6586, 49.0727], [-123.5704, 48.9918], [-123.5467, 48.9762], [-123.4719, 48.9381], [-123.4571, 48.9333], [-123.4288, 48.9297], [-123.3909, 48.9202], [-123.366, 48.9071], [-123.3345, 48.903], [-123.3218, 48.8966], [-123.3144, 48.8823], [-123.3171, 48.8698], [-123.3274, 48.864], [-123.3424, 48.8698], [-123.3693, 48.8619], [-123.3945, 48.8724], [-123.4373, 48.904], [-123.5308, 48.942], [-123.6329, 49.0244], [-123.6539, 49.0337], [-123.6588, 49.0412], [-123.698, 49.0821]]], [[[-123.697, 49.1477], [-123.6971, 49.1371], [-123.7057, 49.1329], [-123.7117, 49.1339], [-123.7495, 49.1289], [-123.7767, 49.1333], [-123.8428, 49.151], [-123.862, 49.1636], [-123.8674, 49.1744], [-123.8661, 49.1794], [-123.8705, 49.1855], [-123.8698, 49.1905], [-123.8634, 49.1963], [-123.8339, 49.2012], [-123.824, 49.1987], [-123.8179, 49.1906], [-123.8093, 49.1841], [-123.7686, 49.169], [-123.7213, 49.1608], [-123.7044, 49.156], [-123.697, 49.1477]]], [[[-125.9373, 49.1907], [-125.9381, 49.1849], [-125.9541, 49.1813], [-125.9603, 49.1721], [-125.962, 49.1527], [-125.9689, 49.1487], [-125.9794, 49.1497], [-126.0117, 49.1591], [-126.0163, 49.1692], [-126.0183, 49.1815], [-126.0302, 49.1903], [-126.035, 49.2018], [-126.0243, 49.212], [-126.0065, 49.2141], [-125.985, 49.211], [-125.9613, 49.2049], [-125.945, 49.1978], [-125.9373, 49.1907]]], [[[-126.0714, 49.2905], [-126.0637, 49.2776], [-126.0485, 49.267], [-126.0694, 49.2555], [-126.0896, 49.2543], [-126.1357, 49.2647], [-126.1583, 49.2736], [-126.1925, 49.2723], [-126.2235, 49.2771], [-126.2403, 49.3018], [-126.2274, 49.3078], [-126.2298, 49.3202], [-126.234, 49.3317], [-126.2403, 49.3428], [-126.2313, 49.3573], [-126.2329, 49.3664], [-126.2314, 49.3786], [-126.2267, 49.3825], [-126.2062, 49.3837], [-126.1502, 49.3962], [-126.1317, 49.3968], [-126.108, 49.3841], [-126.0863, 49.3631], [-126.0751, 49.3385], [-126.0833, 49.3149], [-126.0763, 49.3036], [-126.0714, 49.2905]]], [[[-123.3441, 49.3558], [-123.3594, 49.3429], [-123.3759, 49.3371], [-123.3848, 49.3355], [-123.416, 49.3372], [-123.4262, 49.3401], [-123.4294, 49.3467], [-123.4258, 49.3675], [-123.4181, 49.3809], [-123.3847, 49.404], [-123.3697, 49.4114], [-123.35, 49.4175], [-123.3263, 49.4205], [-123.3152, 49.4134], [-123.3192, 49.3993], [-123.3301, 49.3842], [-123.3301, 49.3815], [-123.3266, 49.3815], [-123.3366, 49.3646], [-123.3441, 49.3558]]], [[[-124.1717, 49.4547], [-124.1862, 49.447], [-124.2324, 49.4586], [-124.2482, 49.4584], [-124.2685, 49.4555], [-124.297, 49.4579], [-124.3179, 49.463], [-124.3523, 49.4749], [-124.3611, 49.48], [-124.3577, 49.4835], [-124.3557, 49.4904], [-124.3652, 49.4973], [-124.3765, 49.4999], [-124.3791, 49.5073], [-124.3736, 49.5153], [-124.3649, 49.5211], [-124.3546, 49.5224], [-124.3292, 49.5128], [-124.2959, 49.5124], [-124.269, 49.5063], [-124.2513, 49.5043], [-124.2322, 49.4993], [-124.1717, 49.4643], [-124.1717, 49.4547]]], [[[-123.4545, 49.4693], [-123.4567, 49.4782], [-123.4447, 49.4862], [-123.4447, 49.4936], [-123.4526, 49.5081], [-123.4397, 49.5213], [-123.4181, 49.5309], [-123.3917, 49.5363], [-123.3725, 49.5421], [-123.3622, 49.5408], [-123.3568, 49.5349], [-123.3424, 49.5067], [-123.3225, 49.4861], [-123.3238, 49.4619], [-123.3427, 49.4429], [-123.3758, 49.4384], [-123.3674, 49.4538], [-123.3746, 49.4635], [-123.3894, 49.4674], [-123.4038, 49.4657], [-123.4152, 49.4587], [-123.4232, 49.4512], [-123.4334, 49.446], [-123.4516, 49.4452], [-123.4491, 49.4587], [-123.4545, 49.4693]]], [[[-124.5941, 49.5216], [-124.6048, 49.5209], [-124.6245, 49.5234], [-124.6356, 49.5174], [-124.6427, 49.5043], [-124.6532, 49.496], [-124.6629, 49.4943], [-124.6718, 49.4972], [-124.6913, 49.5093], [-124.7038, 49.5212], [-124.7025, 49.5377], [-124.6837, 49.5493], [-124.6551, 49.5471], [-124.6004, 49.5276], [-124.5941, 49.5216]]], [[[-124.6908, 49.4829], [-124.702, 49.4795], [-124.7222, 49.4819], [-124.7464, 49.4885], [-124.8254, 49.5401], [-124.8385, 49.5566], [-124.8402, 49.5776], [-124.836, 49.5977], [-124.8272, 49.603], [-124.8033, 49.5849], [-124.7925, 49.5797], [-124.7165, 49.4995], [-124.6942, 49.4906], [-124.6908, 49.4829]]], [[[-124.1637, 49.6598], [-124.1877, 49.6789], [-124.2051, 49.7053], [-124.1456, 49.7475], [-124.1332, 49.7539], [-124.1191, 49.7548], [-124.1027, 49.7469], [-124.1012, 49.7604], [-124.0981, 49.767], [-124.0902, 49.7703], [-124.0475, 49.7792], [-124.0201, 49.781], [-124.0196, 49.7763], [-124.0212, 49.7751], [-124.027, 49.7742], [-124.0745, 49.7414], [-124.0858, 49.7241], [-124.1095, 49.678], [-124.1364, 49.6566], [-124.1637, 49.6598]]], [[[-124.6517, 49.7615], [-124.6517, 49.7683], [-124.6576, 49.7742], [-124.6576, 49.781], [-124.6543, 49.788], [-124.6576, 49.8015], [-124.6326, 49.8017], [-124.6205, 49.7993], [-124.6092, 49.7946], [-124.597, 49.7856], [-124.576, 49.7619], [-124.562, 49.7537], [-124.5211, 49.7469], [-124.4878, 49.7342], [-124.3913, 49.72], [-124.3479, 49.7042], [-124.3292, 49.6817], [-124.3227, 49.6708], [-124.2941, 49.6499], [-124.2877, 49.6404], [-124.2825, 49.6278], [-124.2698, 49.6159], [-124.1732, 49.5541], [-124.144, 49.5296], [-124.1232, 49.4998], [-124.1434, 49.4893], [-124.1623, 49.496], [-124.1976, 49.5209], [-124.3784, 49.6029], [-124.4388, 49.6119], [-124.4417, 49.6173], [-124.4387, 49.6241], [-124.4391, 49.6308], [-124.4621, 49.6538], [-124.4726, 49.6718], [-124.4787, 49.6732], [-124.4931, 49.6718], [-124.5171, 49.6834], [-124.5173, 49.6855], [-124.534, 49.6896], [-124.5721, 49.7084], [-124.6144, 49.7165], [-124.6332, 49.7257], [-124.6644, 49.7469], [-124.6564, 49.7542], [-124.6517, 49.7615]]], [[[-126.6426, 49.7587], [-126.6388, 49.7408], [-126.6339, 49.6923], [-126.6192, 49.6528], [-126.6177, 49.6308], [-126.6388, 49.595], [-126.6794, 49.5918], [-126.8068, 49.6274], [-126.8221, 49.6363], [-126.8402, 49.6538], [-126.8561, 49.6657], [-126.9125, 49.6916], [-126.974, 49.736], [-126.9706, 49.7547], [-126.9615, 49.7585], [-126.9485, 49.752], [-126.933, 49.7394], [-126.9274, 49.75], [-126.9193, 49.7589], [-126.9088, 49.7651], [-126.8802, 49.769], [-126.8641, 49.7733], [-126.8557, 49.7799], [-126.8641, 49.7878], [-126.8738, 49.7889], [-126.8983, 49.781], [-126.9058, 49.7838], [-126.9225, 49.7946], [-126.93, 49.7968], [-126.944, 49.8062], [-126.987, 49.8151], [-126.9781, 49.8286], [-126.9696, 49.8335], [-126.9466, 49.8362], [-126.8642, 49.8555], [-126.8009, 49.8808], [-126.7685, 49.8835], [-126.7582, 49.8707], [-126.7422, 49.8564], [-126.7229, 49.8498], [-126.7027, 49.8602], [-126.6905, 49.8571], [-126.6776, 49.8337], [-126.6587, 49.7878], [-126.6491, 49.7732], [-126.6426, 49.7587]]], [[[-127.2318, 50.0102], [-127.2342, 50.0054], [-127.251, 49.9996], [-127.2723, 49.978], [-127.285, 49.9786], [-127.296, 49.9874], [-127.308, 49.9918], [-127.3186, 49.9996], [-127.3192, 50.0081], [-127.3146, 50.0133], [-127.3113, 50.0262], [-127.3016, 50.0323], [-127.286, 50.0371], [-127.2635, 50.0343], [-127.2406, 50.0217], [-127.2323, 50.0133], [-127.2318, 50.0102]]], [[[-124.9797, 50.1888], [-124.9833, 50.1999], [-125.0006, 50.2222], [-125.007, 50.2329], [-125.0005, 50.2335], [-124.9957, 50.2321], [-124.9865, 50.226], [-124.9291, 50.1694], [-124.9183, 50.1509], [-124.9175, 50.1455], [-124.9188, 50.133], [-124.9257, 50.1277], [-124.9213, 50.1217], [-124.9108, 50.1137], [-124.9097, 50.0986], [-124.9061, 50.0878], [-124.891, 50.069], [-124.9196, 50.0596], [-124.9486, 50.0548], [-124.963, 50.0488], [-124.9763, 50.0217], [-124.9865, 50.0144], [-125.0055, 50.0176], [-125.0107, 50.0296], [-125.007, 50.0517], [-125.0074, 50.0723], [-125.0133, 50.08], [-125.0529, 50.1052], [-125.0598, 50.1155], [-125.0506, 50.1264], [-124.9858, 50.1789], [-124.9797, 50.1888]]], [[[-125.2267, 50.069], [-125.2125, 50.0752], [-125.2303, 50.0897], [-125.2833, 50.1168], [-125.2999, 50.131], [-125.3118, 50.1359], [-125.3237, 50.1433], [-125.3292, 50.1547], [-125.3348, 50.1938], [-125.3489, 50.22], [-125.3494, 50.2417], [-125.3441, 50.2617], [-125.336, 50.2745], [-125.318, 50.2835], [-125.2903, 50.2913], [-125.2632, 50.294], [-125.2472, 50.2875], [-125.2353, 50.2654], [-125.2301, 50.2608], [-125.2154, 50.2565], [-125.1986, 50.2373], [-125.1798, 50.2289], [-125.1715, 50.219], [-125.1657, 50.206], [-125.1647, 50.1925], [-125.1724, 50.1784], [-125.1842, 50.1683], [-125.1913, 50.1582], [-125.1852, 50.1441], [-125.2096, 50.1386], [-125.2252, 50.1317], [-125.2277, 50.1208], [-125.2125, 50.1032], [-125.2026, 50.0972], [-125.1861, 50.0915], [-125.1783, 50.0827], [-125.1754, 50.0737], [-125.1715, 50.0411], [-125.1606, 50.0031], [-125.1631, 49.9932], [-125.1783, 50.0001], [-125.1869, 50.0098], [-125.1937, 50.0309], [-125.1988, 50.0411], [-125.2197, 50.0598], [-125.2267, 50.069]]], [[[-124.9259, 50.1999], [-124.9578, 50.2343], [-124.9652, 50.2492], [-124.9643, 50.2621], [-124.9486, 50.2676], [-124.9368, 50.2762], [-124.9283, 50.2927], [-124.9171, 50.3035], [-124.8827, 50.2896], [-124.8357, 50.2812], [-124.8157, 50.2738], [-124.8119, 50.2695], [-124.8166, 50.2624], [-124.822, 50.2465], [-124.8157, 50.2116], [-124.7917, 50.198], [-124.7659, 50.1892], [-124.7538, 50.1683], [-124.7635, 50.1562], [-124.7862, 50.1392], [-124.8124, 50.124], [-124.8323, 50.1174], [-124.8425, 50.1222], [-124.8523, 50.1333], [-124.8668, 50.1547], [-124.8694, 50.1663], [-124.8583, 50.1735], [-124.8419, 50.1788], [-124.8289, 50.185], [-124.8404, 50.1983], [-124.8561, 50.1995], [-124.891, 50.1925], [-124.9127, 50.1943], [-124.9259, 50.1999]]], [[[-124.8122, 50.2398], [-124.7947, 50.2621], [-124.7865, 50.2773], [-124.7734, 50.2895], [-124.7589, 50.2965], [-124.7485, 50.3039], [-124.7251, 50.3045], [-124.6898, 50.2907], [-124.6614, 50.2628], [-124.6507, 50.2244], [-124.6645, 50.1912], [-124.6938, 50.171], [-124.7156, 50.1622], [-124.7258, 50.1632], [-124.7307, 50.168], [-124.7306, 50.1745], [-124.7428, 50.2042], [-124.7392, 50.2199], [-124.7269, 50.2432], [-124.7086, 50.2604], [-124.7054, 50.2741], [-124.7126, 50.2857], [-124.7233, 50.2929], [-124.7272, 50.2912], [-124.725, 50.2815], [-124.7268, 50.2663], [-124.7333, 50.2537], [-124.7567, 50.2194], [-124.768, 50.2143], [-124.7825, 50.2192], [-124.8083, 50.2319], [-124.8122, 50.2398]]], [[[-125.3822, 50.2963], [-125.3981, 50.3078], [-125.4042, 50.3322], [-125.3944, 50.3495], [-125.3717, 50.351], [-125.3292, 50.3427], [-125.3137, 50.3497], [-125.3111, 50.3633], [-125.3141, 50.3803], [-125.3148, 50.3974], [-125.3101, 50.4113], [-125.3004, 50.4275], [-125.288, 50.4374], [-125.2345, 50.4144], [-125.2162, 50.4091], [-125.1988, 50.3911], [-125.1925, 50.3903], [-125.1774, 50.3925], [-125.1715, 50.3911], [-125.1673, 50.3847], [-125.1593, 50.3616], [-125.1578, 50.3533], [-125.1525, 50.3446], [-125.129, 50.3212], [-125.1151, 50.2972], [-125.0771, 50.2622], [-125.049, 50.2191], [-125.048, 50.2056], [-125.0552, 50.1945], [-125.0653, 50.1936], [-125.0756, 50.1987], [-125.0828, 50.2056], [-125.0962, 50.164], [-125.1061, 50.1452], [-125.1279, 50.1339], [-125.1343, 50.1279], [-125.1422, 50.1258], [-125.1544, 50.1339], [-125.1528, 50.1402], [-125.1374, 50.1721], [-125.1321, 50.191], [-125.1301, 50.2135], [-125.1361, 50.2324], [-125.167, 50.2473], [-125.18, 50.2635], [-125.2115, 50.3181], [-125.2125, 50.3223], [-125.2237, 50.3223], [-125.2458, 50.3144], [-125.2572, 50.3188], [-125.2684, 50.3262], [-125.277, 50.3266], [-125.3126, 50.3198], [-125.336, 50.3017], [-125.3602, 50.295], [-125.3822, 50.2963]]], [[[-125.592, 50.388], [-125.609, 50.3909], [-125.6207, 50.3887], [-125.6358, 50.3825], [-125.7435, 50.3773], [-125.7662, 50.3797], [-125.7808, 50.3857], [-125.7834, 50.3974], [-125.7792, 50.4014], [-125.7718, 50.404], [-125.7349, 50.4107], [-125.6877, 50.4103], [-125.6564, 50.4179], [-125.636, 50.4255], [-125.6156, 50.4304], [-125.6081, 50.4343], [-125.593, 50.4379], [-125.5469, 50.4434], [-125.5234, 50.4417], [-125.5067, 50.4308], [-125.5023, 50.4138], [-125.5032, 50.4049], [-125.592, 50.388]]], [[[-125.3279, 50.4337], [-125.338, 50.4121], [-125.3463, 50.4023], [-125.355, 50.3981], [-125.3821, 50.3935], [-125.3785, 50.3891], [-125.3765, 50.3826], [-125.3786, 50.3756], [-125.3924, 50.3674], [-125.4157, 50.3596], [-125.4477, 50.3537], [-125.4866, 50.3577], [-125.5448, 50.3778], [-125.5398, 50.3844], [-125.5194, 50.3908], [-125.4995, 50.4011], [-125.4901, 50.4133], [-125.491, 50.4219], [-125.478, 50.4295], [-125.4086, 50.4477], [-125.3977, 50.452], [-125.3885, 50.4591], [-125.368, 50.4611], [-125.3396, 50.4525], [-125.3279, 50.4337]]], [[[-125.7851, 50.4119], [-125.8043, 50.4086], [-125.8236, 50.4088], [-125.8717, 50.4162], [-125.9066, 50.4171], [-125.9486, 50.425], [-125.9654, 50.4382], [-125.9539, 50.4433], [-125.9391, 50.4446], [-125.8886, 50.4612], [-125.8509, 50.4694], [-125.8058, 50.475], [-125.7937, 50.4724], [-125.77, 50.4592], [-125.7639, 50.4487], [-125.7432, 50.4367], [-125.7392, 50.4286], [-125.7491, 50.4218], [-125.7851, 50.4119]]], [[[-126.5184, 50.5757], [-126.519, 50.57], [-126.5302, 50.5652], [-126.581, 50.5565], [-126.6149, 50.5527], [-126.6503, 50.5587], [-126.6579, 50.5639], [-126.6483, 50.5699], [-126.6537, 50.5786], [-126.668, 50.5848], [-126.6709, 50.5896], [-126.6612, 50.591], [-126.627, 50.5898], [-126.5869, 50.5949], [-126.5759, 50.5886], [-126.5377, 50.5838], [-126.5244, 50.5794], [-126.5184, 50.5757]]], [[[-126.2881, 50.6035], [-126.2615, 50.5809], [-126.2449, 50.5715], [-126.2267, 50.5693], [-126.2349, 50.5571], [-126.2446, 50.5541], [-126.2682, 50.555], [-126.2799, 50.5505], [-126.3055, 50.5346], [-126.4127, 50.5274], [-126.4191, 50.524], [-126.4481, 50.5192], [-126.6245, 50.5346], [-126.5841, 50.5481], [-126.3676, 50.583], [-126.3622, 50.5856], [-126.3467, 50.5988], [-126.3365, 50.6035], [-126.3249, 50.6048], [-126.2881, 50.6035]]], [[[-126.3635, 50.6188], [-126.3744, 50.605], [-126.4256, 50.5886], [-126.4526, 50.5881], [-126.4854, 50.5786], [-126.5001, 50.5789], [-126.5109, 50.5819], [-126.5132, 50.5845], [-126.5066, 50.5858], [-126.5295, 50.5922], [-126.538, 50.5959], [-126.5362, 50.5985], [-126.5457, 50.5983], [-126.5585, 50.6032], [-126.5476, 50.6137], [-126.4713, 50.6282], [-126.4038, 50.6298], [-126.3846, 50.6286], [-126.3635, 50.6188]]], [[[-126.8331, 50.6252], [-126.838, 50.6219], [-126.8537, 50.6289], [-126.8625, 50.6286], [-126.8724, 50.6248], [-126.8971, 50.621], [-127.0032, 50.6265], [-127.0375, 50.6401], [-127.0697, 50.6337], [-127.1221, 50.63], [-127.1504, 50.64], [-127.1415, 50.6548], [-127.1235, 50.6663], [-127.1075, 50.6711], [-127.0733, 50.6689], [-127.0371, 50.6625], [-126.9346, 50.6603], [-126.8948, 50.6659], [-126.8813, 50.6597], [-126.8397, 50.6337], [-126.8331, 50.6252]]], [[[-126.5902, 50.6793], [-126.5848, 50.6878], [-126.5877, 50.7011], [-126.55, 50.7329], [-126.527, 50.7437], [-126.5078, 50.7399], [-126.4789, 50.7569], [-126.4283, 50.7945], [-126.3979, 50.8083], [-126.3795, 50.8115], [-126.3411, 50.8128], [-126.3235, 50.8157], [-126.2895, 50.8286], [-126.2723, 50.83], [-126.2442, 50.8163], [-126.2328, 50.8065], [-126.2236, 50.7951], [-126.2134, 50.7716], [-126.1853, 50.7597], [-126.1789, 50.7508], [-126.1859, 50.7416], [-126.2329, 50.727], [-126.2447, 50.7174], [-126.2682, 50.6853], [-126.2644, 50.6646], [-126.2881, 50.6546], [-126.3502, 50.6518], [-126.4346, 50.6691], [-126.4601, 50.6649], [-126.4493, 50.657], [-126.449, 50.6505], [-126.4568, 50.646], [-126.4703, 50.6444], [-126.4849, 50.6462], [-126.5086, 50.655], [-126.5215, 50.658], [-126.576, 50.6523], [-126.6034, 50.6549], [-126.6177, 50.6723], [-126.6018, 50.6745], [-126.5902, 50.6793]]], [[[-126.8548, 50.786], [-126.8861, 50.8116], [-126.9051, 50.8219], [-126.9051, 50.8293], [-126.892, 50.8293], [-126.8795, 50.8343], [-126.8627, 50.8361], [-126.8263, 50.8362], [-126.8155, 50.8283], [-126.8046, 50.814], [-126.7934, 50.8073], [-126.7821, 50.8219], [-126.7843, 50.8323], [-126.7707, 50.8363], [-126.6824, 50.8344], [-126.6661, 50.8362], [-126.65, 50.8478], [-126.641, 50.8498], [-126.6338, 50.8481], [-126.6177, 50.8362], [-126.5881, 50.8223], [-126.5754, 50.8137], [-126.5624, 50.8021], [-126.5737, 50.8022], [-126.6034, 50.8083], [-126.6153, 50.806], [-126.6376, 50.7972], [-126.6728, 50.7925], [-126.7412, 50.7747], [-126.7608, 50.7861], [-126.7685, 50.7884], [-126.7684, 50.7863], [-126.7725, 50.7816], [-126.7821, 50.7747], [-126.7961, 50.775], [-126.8548, 50.786]]], [[[-123.2872, 48.4683], [-123.2806, 48.4484], [-123.2871, 48.4241], [-123.3025, 48.4143], [-123.3304, 48.4048], [-123.357, 48.4006], [-123.4373, 48.4446], [-123.4534, 48.4336], [-123.4802, 48.3923], [-123.4962, 48.3832], [-123.5111, 48.3805], [-123.5151, 48.3738], [-123.5157, 48.3647], [-123.5198, 48.3553], [-123.5455, 48.3366], [-123.5546, 48.3279], [-123.5506, 48.3131], [-123.5722, 48.3061], [-123.5953, 48.31], [-123.5956, 48.3279], [-123.6125, 48.3269], [-123.64, 48.3168], [-123.6539, 48.3143], [-123.6678, 48.3176], [-123.685, 48.3322], [-123.7054, 48.338], [-123.7338, 48.3508], [-123.7806, 48.3629], [-123.8412, 48.3619], [-123.8908, 48.3669], [-124.1315, 48.4335], [-124.3891, 48.518], [-124.4142, 48.5198], [-124.4379, 48.5255], [-124.4297, 48.5385], [-124.4078, 48.5524], [-124.3907, 48.5607], [-124.4014, 48.5653], [-124.4347, 48.5692], [-124.4453, 48.5682], [-124.4675, 48.556], [-124.4857, 48.5402], [-124.5136, 48.5471], [-124.6654, 48.5732], [-124.7312, 48.5964], [-124.7694, 48.6151], [-124.7999, 48.6392], [-124.8162, 48.6471], [-125.094, 48.73], [-125.1088, 48.7388], [-125.1439, 48.7744], [-125.1598, 48.7868], [-125.1852, 48.801], [-125.1711, 48.8159], [-125.11, 48.8419], [-125.0956, 48.8635], [-125.089, 48.8698], [-125.0784, 48.8762], [-125.0688, 48.8802], [-125.0582, 48.8823], [-125.0345, 48.8837], [-125.022, 48.8865], [-125.0115, 48.892], [-125.007, 48.9002], [-125.0096, 48.9143], [-125.0138, 48.9214], [-125.0137, 48.9281], [-125.0036, 48.9412], [-124.9841, 48.956], [-124.9632, 48.963], [-124.9183, 48.9722], [-124.8827, 48.9905], [-124.847, 49.0205], [-124.8194, 49.058], [-124.8084, 49.0992], [-124.8009, 49.1168], [-124.787, 49.1335], [-124.7794, 49.152], [-124.7988, 49.1888], [-124.8084, 49.2466], [-124.8206, 49.238], [-124.8289, 49.2255], [-124.822, 49.1814], [-124.822, 49.1401], [-124.828, 49.1199], [-124.842, 49.1039], [-124.858, 49.0896], [-124.8699, 49.0747], [-124.8792, 49.0323], [-124.888, 49.014], [-124.9077, 49.0064], [-124.9247, 49.0028], [-124.9676, 48.9879], [-124.9927, 48.9859], [-125.0448, 48.9927], [-125.0565, 48.9906], [-125.076, 48.9812], [-125.0858, 48.9791], [-125.1112, 48.9839], [-125.1292, 48.993], [-125.1469, 48.9985], [-125.1715, 48.9927], [-125.2019, 48.9667], [-125.2213, 48.9548], [-125.2404, 48.9555], [-125.265, 48.963], [-125.3152, 48.9653], [-125.336, 48.9722], [-125.3025, 49.0031], [-125.2828, 49.0154], [-125.2609, 49.0207], [-125.2609, 49.0275], [-125.2972, 49.0263], [-125.3087, 49.0275], [-125.3334, 49.0418], [-125.3428, 49.0412], [-125.3539, 49.0272], [-125.359, 49.0064], [-125.3663, 48.9874], [-125.4005, 48.9726], [-125.4298, 48.944], [-125.449, 48.9374], [-125.4606, 48.9207], [-125.4695, 48.9177], [-125.4984, 48.9205], [-125.5005, 48.9238], [-125.5144, 48.9265], [-125.5311, 48.9325], [-125.5731, 48.9558], [-125.6066, 48.9619], [-125.6202, 48.9688], [-125.637, 48.9927], [-125.6724, 49.0178], [-125.6982, 49.0291], [-125.7093, 49.0374], [-125.7358, 49.053], [-125.8363, 49.069], [-125.8628, 49.0808], [-125.8717, 49.0902], [-125.871, 49.1026], [-125.8616, 49.11], [-125.8309, 49.1144], [-125.8158, 49.123], [-125.8003, 49.1121], [-125.7848, 49.1049], [-125.7676, 49.1035], [-125.7469, 49.1094], [-125.7013, 49.1347], [-125.6922, 49.1334], [-125.6836, 49.1484], [-125.6457, 49.164], [-125.637, 49.1746], [-125.6323, 49.1879], [-125.6129, 49.2064], [-125.6103, 49.2255], [-125.6986, 49.1811], [-125.7233, 49.1606], [-125.7467, 49.1481], [-125.7551, 49.1689], [-125.7537, 49.2224], [-125.7428, 49.2518], [-125.7405, 49.2674], [-125.7503, 49.2637], [-125.7631, 49.2537], [-125.7773, 49.2477], [-125.7911, 49.247], [-125.8021, 49.2534], [-125.8031, 49.2625], [-125.802, 49.3002], [-125.7987, 49.3115], [-125.7901, 49.3227], [-125.7816, 49.3384], [-125.7756, 49.3554], [-125.7748, 49.3701], [-125.7816, 49.3701], [-125.7928, 49.3599], [-125.8063, 49.3435], [-125.8178, 49.324], [-125.8247, 49.2956], [-125.83, 49.2838], [-125.8369, 49.2731], [-125.8437, 49.267], [-125.8517, 49.2664], [-125.8649, 49.2762], [-125.8773, 49.2801], [-125.9012, 49.2745], [-125.9398, 49.2409], [-125.956, 49.2329], [-125.9774, 49.2352], [-125.9944, 49.2423], [-126.0102, 49.2551], [-126.0281, 49.2739], [-126.0089, 49.2923], [-125.9787, 49.304], [-125.9509, 49.3203], [-125.9288, 49.373], [-125.91, 49.3984], [-125.899, 49.4222], [-125.912, 49.4384], [-125.9218, 49.4198], [-125.9585, 49.3933], [-125.9666, 49.3801], [-125.9698, 49.3579], [-125.9792, 49.3418], [-125.9943, 49.3304], [-126.0144, 49.3223], [-126.0237, 49.3287], [-126.0465, 49.3378], [-126.0591, 49.3459], [-126.0765, 49.3837], [-126.0716, 49.3963], [-126.0582, 49.4119], [-126.0553, 49.421], [-126.0551, 49.4453], [-126.0629, 49.4444], [-126.1219, 49.4262], [-126.1413, 49.4236], [-126.1566, 49.4184], [-126.174, 49.4154], [-126.1802, 49.4067], [-126.1857, 49.4042], [-126.2135, 49.4074], [-126.2271, 49.4128], [-126.2329, 49.421], [-126.2357, 49.4355], [-126.2435, 49.4463], [-126.2548, 49.4505], [-126.2682, 49.4452], [-126.2588, 49.4315], [-126.2567, 49.4159], [-126.2613, 49.4003], [-126.2881, 49.3627], [-126.2974, 49.3625], [-126.3092, 49.3763], [-126.3377, 49.3861], [-126.35, 49.3922], [-126.3607, 49.4005], [-126.3756, 49.4075], [-126.3951, 49.414], [-126.405, 49.4214], [-126.3912, 49.4309], [-126.4058, 49.4421], [-126.4214, 49.4656], [-126.4321, 49.4726], [-126.4484, 49.4705], [-126.4653, 49.4602], [-126.4874, 49.4384], [-126.4752, 49.4184], [-126.4639, 49.4056], [-126.4643, 49.3957], [-126.4874, 49.3837], [-126.5104, 49.3778], [-126.5278, 49.3789], [-126.5423, 49.3857], [-126.5563, 49.3968], [-126.5727, 49.4143], [-126.5743, 49.4257], [-126.5683, 49.4381], [-126.5624, 49.4589], [-126.5624, 49.4862], [-126.5579, 49.5032], [-126.5576, 49.5104], [-126.5624, 49.5209], [-126.5563, 49.5209], [-126.5563, 49.5272], [-126.5677, 49.5358], [-126.5768, 49.5482], [-126.571, 49.5541], [-126.5718, 49.5665], [-126.5693, 49.5756], [-126.5651, 49.5836], [-126.5626, 49.5874], [-126.5488, 49.596], [-126.533, 49.6025], [-126.4991, 49.6106], [-126.4525, 49.6363], [-126.4171, 49.6385], [-126.3365, 49.6308], [-126.2182, 49.6457], [-126.1857, 49.6575], [-126.172, 49.6574], [-126.1379, 49.6501], [-126.0895, 49.6609], [-126.092, 49.67], [-126.0985, 49.6778], [-126.1075, 49.6833], [-126.1171, 49.6855], [-126.195, 49.6814], [-126.2968, 49.6608], [-126.3244, 49.6483], [-126.3388, 49.6496], [-126.4532, 49.6743], [-126.4772, 49.684], [-126.4874, 49.6951], [-126.4794, 49.7118], [-126.412, 49.7717], [-126.4112, 49.7782], [-126.4256, 49.781], [-126.4527, 49.7902], [-126.4674, 49.7923], [-126.4737, 49.7844], [-126.4723, 49.7497], [-126.4778, 49.7349], [-126.4936, 49.7189], [-126.5167, 49.7084], [-126.5453, 49.7044], [-126.5731, 49.7069], [-126.5935, 49.7158], [-126.6052, 49.7321], [-126.6373, 49.8171], [-126.6413, 49.8333], [-126.6444, 49.8735], [-126.6497, 49.898], [-126.6637, 49.8969], [-126.6835, 49.8849], [-126.7059, 49.8772], [-126.7264, 49.8824], [-126.7489, 49.8956], [-126.7672, 49.9124], [-126.7829, 49.9425], [-126.8022, 49.9546], [-126.8436, 49.9735], [-126.8426, 49.9606], [-126.8109, 49.9433], [-126.8026, 49.9281], [-126.8085, 49.9144], [-126.8226, 49.8997], [-126.8395, 49.8882], [-126.8539, 49.8835], [-126.8717, 49.8825], [-126.8834, 49.8831], [-126.8916, 49.891], [-126.9102, 49.9574], [-126.9193, 49.9735], [-126.922, 49.9685], [-126.9286, 49.9333], [-126.9298, 49.8831], [-126.9361, 49.8666], [-126.9449, 49.8636], [-127.073, 49.8623], [-127.0983, 49.8583], [-127.1219, 49.8577], [-127.1419, 49.8666], [-127.2291, 49.9465], [-127.2375, 49.9618], [-127.2309, 49.9765], [-127.1999, 50.0075], [-127.1938, 50.0111], [-127.1836, 50.0133], [-127.1794, 50.0212], [-127.1796, 50.0262], [-127.1863, 50.029], [-127.1863, 50.0342], [-127.1776, 50.0534], [-127.1643, 50.0712], [-127.1475, 50.0844], [-127.1061, 50.0955], [-127.0887, 50.1107], [-127.0831, 50.1308], [-127.0969, 50.1509], [-127.1064, 50.1433], [-127.1106, 50.1264], [-127.1173, 50.1174], [-127.1474, 50.1105], [-127.1639, 50.0974], [-127.1897, 50.0956], [-127.2154, 50.0994], [-127.2272, 50.1066], [-127.2344, 50.1171], [-127.2512, 50.1319], [-127.2705, 50.1452], [-127.2853, 50.1509], [-127.2921, 50.1443], [-127.2756, 50.0929], [-127.2773, 50.0763], [-127.2833, 50.0624], [-127.2958, 50.0509], [-127.3166, 50.0411], [-127.3395, 50.0349], [-127.3625, 50.0325], [-127.3848, 50.0345], [-127.4053, 50.0411], [-127.4405, 50.0606], [-127.4569, 50.0741], [-127.4674, 50.0895], [-127.4695, 50.1079], [-127.4589, 50.1164], [-127.419, 50.1304], [-127.4879, 50.1304], [-127.4787, 50.1435], [-127.4629, 50.1562], [-127.4264, 50.1789], [-127.4634, 50.187], [-127.4955, 50.1686], [-127.5246, 50.1433], [-127.5528, 50.1304], [-127.5936, 50.1201], [-127.6142, 50.1188], [-127.6313, 50.1304], [-127.6356, 50.1454], [-127.6308, 50.1601], [-127.6108, 50.185], [-127.6499, 50.178], [-127.6887, 50.1601], [-127.7247, 50.136], [-127.7742, 50.0919], [-127.7847, 50.085], [-127.7964, 50.0827], [-127.8045, 50.086], [-127.8265, 50.1032], [-127.8756, 50.106], [-127.8981, 50.1141], [-127.9062, 50.1304], [-127.8968, 50.143], [-127.8404, 50.1754], [-127.7753, 50.2329], [-127.7552, 50.2381], [-127.747, 50.2432], [-127.748, 50.254], [-127.7551, 50.2595], [-127.765, 50.2589], [-127.7861, 50.254], [-127.8043, 50.2529], [-127.8109, 50.2556], [-127.8263, 50.27], [-127.8335, 50.2745], [-127.851, 50.2812], [-127.8409, 50.2917], [-127.8135, 50.2947], [-127.8026, 50.3017], [-127.8003, 50.3144], [-127.8089, 50.3218], [-127.8221, 50.3234], [-127.8336, 50.3188], [-127.8427, 50.3188], [-127.8662, 50.3377], [-127.878, 50.3427], [-127.8863, 50.3397], [-127.9068, 50.3259], [-127.9187, 50.3223], [-127.944, 50.3279], [-127.9681, 50.3422], [-127.9788, 50.357], [-127.9643, 50.3638], [-127.9543, 50.3934], [-127.9421, 50.4144], [-127.9261, 50.4253], [-127.9261, 50.4321], [-127.9313, 50.441], [-127.9311, 50.4523], [-127.9258, 50.4621], [-127.9155, 50.4663], [-127.8805, 50.4584], [-127.8641, 50.4595], [-127.8578, 50.4737], [-127.8244, 50.4664], [-127.7985, 50.4719], [-127.774, 50.4816], [-127.7445, 50.4868], [-127.5912, 50.4857], [-127.5696, 50.4784], [-127.5524, 50.4641], [-127.4978, 50.4008], [-127.4755, 50.3837], [-127.4469, 50.3769], [-127.4822, 50.4352], [-127.5079, 50.466], [-127.5579, 50.493], [-127.5625, 50.5211], [-127.5496, 50.5439], [-127.5226, 50.542], [-127.5005, 50.5672], [-127.4237, 50.5812], [-127.419, 50.6035], [-127.5118, 50.5891], [-127.5323, 50.5793], [-127.5458, 50.5702], [-127.5561, 50.5725], [-127.5648, 50.5792], [-127.5732, 50.583], [-127.6002, 50.6002], [-127.6146, 50.6035], [-127.8199, 50.6112], [-127.8777, 50.6301], [-127.866, 50.6173], [-127.8433, 50.6039], [-127.8184, 50.5934], [-127.7995, 50.5892], [-127.6865, 50.5892], [-127.6348, 50.5797], [-127.6108, 50.5706], [-127.5937, 50.5587], [-127.5926, 50.5436], [-127.6149, 50.5366], [-127.6627, 50.5346], [-127.8374, 50.4902], [-127.8459, 50.5063], [-127.8659, 50.5044], [-127.9062, 50.4868], [-127.9505, 50.4773], [-127.997, 50.474], [-128.014, 50.4809], [-128.0325, 50.4922], [-128.05, 50.4958], [-128.0639, 50.4793], [-128.052, 50.477], [-128.0417, 50.4599], [-128.0435, 50.4547], [-128.0602, 50.4526], [-128.0775, 50.4586], [-128.1043, 50.4766], [-128.1316, 50.4821], [-128.1453, 50.4868], [-128.1531, 50.4926], [-128.1648, 50.5069], [-128.1732, 50.5141], [-128.1893, 50.5224], [-128.218, 50.5302], [-128.2382, 50.5629], [-128.2421, 50.586], [-128.2482, 50.5966], [-128.2892, 50.6103], [-128.31, 50.6077], [-128.3198, 50.6098], [-128.324, 50.6205], [-128.3363, 50.6368], [-128.3387, 50.6472], [-128.3271, 50.6518], [-128.3048, 50.655], [-128.2843, 50.6621], [-128.2777, 50.6691], [-128.2967, 50.6723], [-128.3411, 50.6649], [-128.3617, 50.6744], [-128.3734, 50.6823], [-128.3786, 50.6891], [-128.3843, 50.709], [-128.4059, 50.7441], [-128.4059, 50.7611], [-128.4172, 50.7719], [-128.4068, 50.7805], [-128.3865, 50.7863], [-128.3683, 50.7884], [-128.368, 50.7908], [-128.3482, 50.8051], [-128.34, 50.807], [-128.3035, 50.8021], [-128.2672, 50.8121], [-128.2266, 50.8317], [-128.1868, 50.845], [-128.1527, 50.8362], [-128.0979, 50.8658], [-128.077, 50.8703], [-128.0562, 50.869], [-128.0177, 50.8622], [-127.9184, 50.8708], [-127.8825, 50.8669], [-127.5701, 50.7951], [-127.5359, 50.781], [-127.5181, 50.7798], [-127.5052, 50.7733], [-127.4956, 50.7624], [-127.4879, 50.7474], [-127.4903, 50.7465], [-127.4933, 50.7399], [-127.4945, 50.7313], [-127.4913, 50.7235], [-127.4813, 50.7134], [-127.4736, 50.699], [-127.4582, 50.7165], [-127.4451, 50.7379], [-127.429, 50.7519], [-127.4053, 50.7474], [-127.4213, 50.7289], [-127.4036, 50.7078], [-127.373, 50.6892], [-127.3501, 50.6785], [-127.2633, 50.6559], [-127.2347, 50.6444], [-127.2095, 50.6271], [-127.1986, 50.6213], [-127.1794, 50.6171], [-127.1265, 50.62], [-127.1112, 50.6171], [-127.1056, 50.6124], [-127.0969, 50.5966], [-127.0874, 50.5944], [-127.0627, 50.5966], [-127.0113, 50.5893], [-126.9869, 50.5878], [-126.974, 50.583], [-126.9945, 50.5693], [-126.9772, 50.563], [-126.8733, 50.5622], [-126.8573, 50.5591], [-126.8505, 50.5516], [-126.8551, 50.5439], [-126.8627, 50.5361], [-126.8642, 50.5301], [-126.8505, 50.5277], [-126.8445, 50.5303], [-126.8366, 50.5434], [-126.8293, 50.5482], [-126.7894, 50.5486], [-126.7655, 50.5444], [-126.6793, 50.5175], [-126.6553, 50.5141], [-126.6315, 50.5071], [-126.5953, 50.4802], [-126.5693, 50.4793], [-126.563, 50.4843], [-126.5622, 50.4981], [-126.5557, 50.501], [-126.5485, 50.4998], [-126.537, 50.4947], [-126.4926, 50.4874], [-126.4598, 50.4748], [-126.3644, 50.4868], [-126.3397, 50.4835], [-126.2939, 50.4694], [-126.2716, 50.4663], [-126.1931, 50.4697], [-126.1173, 50.4554], [-126.0235, 50.4256], [-125.9575, 50.395], [-125.9358, 50.3911], [-125.8375, 50.3873], [-125.7891, 50.3769], [-125.7527, 50.359], [-125.7403, 50.3564], [-125.5892, 50.3707], [-125.5643, 50.3662], [-125.5244, 50.3471], [-125.4767, 50.339], [-125.4545, 50.3288], [-125.4362, 50.3136], [-125.4247, 50.2949], [-125.4322, 50.2875], [-125.4197, 50.2725], [-125.4105, 50.2569], [-125.3881, 50.1986], [-125.3496, 50.1441], [-125.3695, 50.1386], [-125.3501, 50.1249], [-125.3184, 50.1115], [-125.3019, 50.1066], [-125.2927, 50.0904], [-125.2591, 50.0646], [-125.2609, 50.0485], [-125.223, 50.0178], [-125.2191, 50.01], [-125.2195, 49.991], [-125.2159, 49.9831], [-125.2053, 49.9692], [-125.1879, 49.9378], [-125.1783, 49.925], [-124.8821, 49.7249], [-124.8729, 49.7126], [-124.8699, 49.6951], [-124.8758, 49.6774], [-124.891, 49.6721], [-124.9733, 49.685], [-124.9797, 49.6817], [-124.9762, 49.668], [-124.9679, 49.6625], [-124.9578, 49.6596], [-124.9486, 49.6538], [-124.9413, 49.6469], [-124.9183, 49.6308], [-124.9095, 49.6213], [-124.838, 49.5173], [-124.8179, 49.5118], [-124.8084, 49.5067], [-124.8046, 49.4997], [-124.7996, 49.4808], [-124.7947, 49.4726], [-124.7726, 49.4615], [-124.7236, 49.4651], [-124.702, 49.4555], [-124.692, 49.4492], [-124.6681, 49.4431], [-124.6576, 49.4384], [-124.6371, 49.4111], [-124.596, 49.3912], [-124.5451, 49.3772], [-124.4453, 49.3627], [-124.3873, 49.3607], [-124.36, 49.3566], [-124.3389, 49.3459], [-124.329, 49.3388], [-124.3196, 49.3349], [-124.2085, 49.3081], [-124.1984, 49.3091], [-124.1854, 49.3138], [-124.1747, 49.3149], [-124.1592, 49.3105], [-124.1095, 49.2801], [-124.1268, 49.2743], [-124.1631, 49.2717], [-124.1784, 49.2602], [-124.1649, 49.2549], [-124.1517, 49.2554], [-124.1229, 49.2602], [-124.1086, 49.2581], [-124.0846, 49.2487], [-124.0714, 49.2466], [-124.0094, 49.2459], [-123.9777, 49.241], [-123.9549, 49.2292], [-123.9458, 49.2152], [-123.9463, 49.2084], [-123.9642, 49.2031], [-123.9621, 49.197], [-123.9512, 49.1845], [-123.9308, 49.1435], [-123.9171, 49.1349], [-123.9045, 49.1336], [-123.8836, 49.1367], [-123.8417, 49.1276], [-123.8284, 49.13], [-123.8134, 49.1186], [-123.7873, 49.069], [-123.7569, 49.0421], [-123.7514, 49.028], [-123.7738, 49.0207], [-123.7649, 49.0079], [-123.7609, 48.9958], [-123.7649, 48.9875], [-123.7799, 48.9859], [-123.7939, 48.9935], [-123.8041, 49.0054], [-123.816, 49.0127], [-123.8351, 49.0064], [-123.8351, 49.0002], [-123.7873, 48.9654], [-123.7397, 48.9429], [-123.7328, 48.9344], [-123.7179, 48.9215], [-123.5938, 48.837], [-123.5799, 48.8216], [-123.5961, 48.8114], [-123.6005, 48.8044], [-123.6023, 48.7973], [-123.5987, 48.7941], [-123.5751, 48.7982], [-123.5683, 48.7941], [-123.5653, 48.7809], [-123.5666, 48.7607], [-123.573, 48.7462], [-123.585, 48.7497], [-123.5988, 48.7585], [-123.6176, 48.7633], [-123.6366, 48.7639], [-123.6508, 48.76], [-123.6508, 48.7531], [-123.6316, 48.7421], [-123.5609, 48.7121], [-123.5309, 48.685], [-123.5267, 48.678], [-123.5299, 48.6647], [-123.5423, 48.6503], [-123.5409, 48.6365], [-123.5347, 48.6281], [-123.5253, 48.6207], [-123.517, 48.6108], [-123.5137, 48.5954], [-123.5176, 48.5804], [-123.5348, 48.5654], [-123.5409, 48.5545], [-123.5355, 48.5401], [-123.5136, 48.5476], [-123.472, 48.575], [-123.4785, 48.5908], [-123.475, 48.6212], [-123.4789, 48.6365], [-123.4373, 48.6501], [-123.4618, 48.6632], [-123.4718, 48.6724], [-123.472, 48.6849], [-123.463, 48.6896], [-123.446, 48.6921], [-123.4168, 48.6911], [-123.4054, 48.6863], [-123.3992, 48.6815], [-123.3968, 48.6739], [-123.3964, 48.661], [-123.3903, 48.6462], [-123.3887, 48.6348], [-123.3932, 48.6296], [-123.39, 48.6204], [-123.3553, 48.5607], [-123.3458, 48.5234], [-123.3371, 48.508], [-123.3212, 48.4958], [-123.3022, 48.4842], [-123.2872, 48.4683]]], [[[-127.839, 50.9116], [-127.8402, 50.9033], [-127.8516, 50.8966], [-127.875, 50.8904], [-127.895, 50.8969], [-127.9233, 50.8967], [-127.9372, 50.9049], [-127.9545, 50.9023], [-127.981, 50.9071], [-127.983, 50.9167], [-127.94, 50.9249], [-127.93, 50.9299], [-127.9231, 50.9367], [-127.9154, 50.9396], [-127.8606, 50.9357], [-127.8478, 50.9293], [-127.839, 50.9116]]], [[[-127.5265, 51.0662], [-127.542, 51.0522], [-127.5562, 51.0504], [-127.5638, 51.0516], [-127.5757, 51.05], [-127.5912, 51.0519], [-127.5998, 51.059], [-127.6102, 51.0706], [-127.6117, 51.0751], [-127.5996, 51.08], [-127.5579, 51.0893], [-127.5453, 51.0898], [-127.5269, 51.0837], [-127.5265, 51.0662]]], [[[-65.6052, 43.5141], [-65.5599, 43.5108], [-65.5687, 43.4946], [-65.5742, 43.4767], [-65.5871, 43.4635], [-65.598, 43.4447], [-65.6106, 43.4282], [-65.6288, 43.4221], [-65.6214, 43.435], [-65.6269, 43.4451], [-65.6354, 43.4532], [-65.6454, 43.4592], [-65.6561, 43.463], [-65.6463, 43.4717], [-65.6345, 43.4768], [-65.6078, 43.4835], [-65.6171, 43.5079], [-65.6052, 43.5141]]], [[[-60.0751, 43.9272], [-60.117, 43.9429], [-60.1302, 43.9605], [-60.118, 43.9595], [-60.0739, 43.9425], [-60.0, 43.938], [-60.0, 43.9139], [-60.0188, 43.9138], [-60.0751, 43.9272]]], [[[-66.2034, 44.3922], [-66.2045, 44.3812], [-66.2179, 44.3674], [-66.2387, 44.3384], [-66.2982, 44.2833], [-66.3135, 44.2507], [-66.3277, 44.2581], [-66.2858, 44.3248], [-66.2579, 44.3546], [-66.2418, 44.3774], [-66.2316, 44.3872], [-66.213, 44.3958], [-66.2034, 44.3922]]], [[[-66.8258, 44.7876], [-66.7913, 44.7991], [-66.7695, 44.7957], [-66.7568, 44.7776], [-66.7432, 44.782], [-66.7325, 44.7688], [-66.7355, 44.7591], [-66.7529, 44.7639], [-66.7615, 44.7545], [-66.7533, 44.7418], [-66.7386, 44.7106], [-66.7211, 44.6628], [-66.708, 44.6513], [-66.6918, 44.643], [-66.6873, 44.6289], [-66.6904, 44.62], [-66.709, 44.6137], [-66.7283, 44.623], [-66.7328, 44.6411], [-66.7428, 44.6534], [-66.7541, 44.6573], [-66.7677, 44.6533], [-66.7833, 44.6612], [-66.7982, 44.6594], [-66.8099, 44.6518], [-66.8391, 44.6504], [-66.8584, 44.638], [-66.867, 44.6298], [-66.8761, 44.6063], [-66.8903, 44.6028], [-66.906, 44.6062], [-66.9014, 44.6301], [-66.8913, 44.6556], [-66.8846, 44.6889], [-66.8658, 44.7112], [-66.8511, 44.7547], [-66.8258, 44.7876]]], [[[-73.9206, 45.3338], [-73.9247, 45.322], [-73.9343, 45.3127], [-73.9483, 45.3021], [-73.9687, 45.2899], [-73.9837, 45.277], [-74.003, 45.2687], [-74.0287, 45.2641], [-74.0478, 45.2576], [-74.081, 45.2528], [-74.1394, 45.2512], [-74.1532, 45.2556], [-74.1587, 45.2601], [-74.165, 45.2697], [-74.1662, 45.2791], [-74.1626, 45.2878], [-74.1542, 45.2951], [-74.1284, 45.3076], [-74.1211, 45.3091], [-74.0436, 45.3057], [-74.0323, 45.3072], [-74.0012, 45.3167], [-73.9873, 45.3247], [-73.9206, 45.3338]]], [[[-73.8581, 45.3889], [-73.8581, 45.3818], [-73.8784, 45.3792], [-73.9064, 45.3673], [-73.9316, 45.3669], [-73.9511, 45.3708], [-73.9752, 45.3913], [-73.9814, 45.3985], [-73.9845, 45.4064], [-73.9814, 45.4134], [-73.9767, 45.4154], [-73.9173, 45.41], [-73.9073, 45.4069], [-73.889, 45.3967], [-73.8581, 45.3889]]], [[[-73.9447, 45.4942], [-73.9473, 45.4982], [-73.9469, 45.5032], [-73.9432, 45.5076], [-73.9338, 45.513], [-73.8963, 45.5245], [-73.891, 45.525], [-73.8865, 45.5234], [-73.8851, 45.5124], [-73.8993, 45.5009], [-73.9183, 45.4921], [-73.9318, 45.4888], [-73.9365, 45.4897], [-73.9447, 45.4942]]], [[[-60.8993, 45.5787], [-60.8892, 45.5739], [-60.8793, 45.5666], [-60.8843, 45.5576], [-60.8922, 45.5528], [-60.9024, 45.5515], [-60.9141, 45.5529], [-60.9526, 45.5316], [-60.9618, 45.5173], [-60.9476, 45.4982], [-60.9678, 45.4868], [-60.9857, 45.4702], [-61.0035, 45.4608], [-61.0239, 45.4709], [-61.0131, 45.4766], [-61.0039, 45.4858], [-61.0021, 45.4945], [-61.0131, 45.4982], [-61.04, 45.4987], [-61.0528, 45.5006], [-61.0649, 45.5045], [-61.0752, 45.5109], [-61.0893, 45.5233], [-61.1051, 45.5271], [-61.1061, 45.5364], [-61.1117, 45.5488], [-61.1058, 45.5513], [-61.0916, 45.5529], [-61.075, 45.5627], [-61.0539, 45.5711], [-61.0311, 45.5773], [-61.0097, 45.5808], [-60.9586, 45.5814], [-60.932, 45.5769], [-60.9141, 45.5666], [-60.9081, 45.5774], [-60.8993, 45.5787]]], [[[-73.8664, 45.5608], [-73.8635, 45.5679], [-73.8486, 45.5841], [-73.8277, 45.6012], [-73.806, 45.6131], [-73.7589, 45.6525], [-73.7409, 45.6643], [-73.7178, 45.6758], [-73.6761, 45.6905], [-73.6662, 45.6922], [-73.6456, 45.6889], [-73.6383, 45.6891], [-73.5854, 45.7006], [-73.5743, 45.7016], [-73.5648, 45.6987], [-73.5638, 45.6923], [-73.5729, 45.6861], [-73.5938, 45.6779], [-73.6129, 45.6679], [-73.6365, 45.6493], [-73.6421, 45.6432], [-73.6483, 45.6307], [-73.6846, 45.5875], [-73.7062, 45.5695], [-73.7183, 45.5624], [-73.7472, 45.5524], [-73.7799, 45.5471], [-73.8427, 45.5458], [-73.8573, 45.5494], [-73.8649, 45.5544], [-73.8664, 45.5608]]], [[[-73.4706, 45.7133], [-73.469, 45.7056], [-73.4765, 45.6893], [-73.4794, 45.6783], [-73.4996, 45.6268], [-73.5016, 45.609], [-73.5041, 45.6004], [-73.5069, 45.5957], [-73.5267, 45.5764], [-73.5325, 45.5677], [-73.5406, 45.5478], [-73.5437, 45.5255], [-73.5394, 45.4874], [-73.5447, 45.4791], [-73.572, 45.4666], [-73.5887, 45.4479], [-73.5982, 45.4431], [-73.6086, 45.4416], [-73.6192, 45.4426], [-73.7169, 45.4645], [-73.7948, 45.4672], [-73.812, 45.4639], [-73.8504, 45.4489], [-73.9249, 45.43], [-73.9586, 45.431], [-73.9683, 45.4371], [-73.9736, 45.4446], [-73.9623, 45.4489], [-73.8976, 45.484], [-73.875, 45.4931], [-73.8707, 45.4963], [-73.8498, 45.5207], [-73.8437, 45.5227], [-73.8235, 45.5225], [-73.8028, 45.5257], [-73.7802, 45.5243], [-73.7668, 45.5272], [-73.7167, 45.5444], [-73.694, 45.5553], [-73.668, 45.5756], [-73.6487, 45.5989], [-73.6427, 45.6093], [-73.6253, 45.6303], [-73.6207, 45.6383], [-73.6095, 45.6467], [-73.5411, 45.6858], [-73.5167, 45.704], [-73.5087, 45.7075], [-73.4796, 45.7144], [-73.4706, 45.7133]]], [[[-70.8157, 47.0236], [-70.8097, 47.0134], [-70.8153, 46.9991], [-70.828, 46.987], [-70.8619, 46.946], [-70.8743, 46.937], [-70.8913, 46.9317], [-70.9525, 46.8955], [-71.0312, 46.8629], [-71.0718, 46.8581], [-71.114, 46.8594], [-71.1247, 46.877], [-71.0851, 46.9057], [-70.9935, 46.95], [-70.9241, 47.0032], [-70.8854, 47.0266], [-70.8433, 47.0332], [-70.8285, 47.0301], [-70.8157, 47.0236]]], [[[-60.1777, 45.7665], [-60.1988, 45.7557], [-60.2078, 45.7409], [-60.2156, 45.7194], [-60.235, 45.7069], [-60.2597, 45.7002], [-60.2835, 45.6968], [-60.3229, 45.6837], [-60.3954, 45.6425], [-60.4412, 45.6354], [-60.4626, 45.6357], [-60.4701, 45.6395], [-60.4752, 45.6491], [-60.4999, 45.6324], [-60.5118, 45.6264], [-60.6298, 45.595], [-60.6718, 45.5737], [-60.7043, 45.5733], [-60.7269, 45.5656], [-60.736, 45.5666], [-60.7416, 45.5727], [-60.7443, 45.5903], [-60.7524, 45.5939], [-60.8284, 45.6007], [-60.8443, 45.6046], [-60.8487, 45.6143], [-60.8497, 45.6268], [-60.8555, 45.6388], [-60.8711, 45.6457], [-60.8839, 45.6374], [-60.8956, 45.6237], [-60.9073, 45.6143], [-60.9158, 45.6213], [-60.9254, 45.6258], [-60.936, 45.628], [-60.9476, 45.628], [-60.9462, 45.6123], [-60.97, 45.6081], [-61.0239, 45.6143], [-61.0097, 45.6081], [-61.0162, 45.5953], [-61.025, 45.5915], [-61.0472, 45.5939], [-61.0576, 45.5915], [-61.0854, 45.5733], [-61.1314, 45.5599], [-61.1567, 45.5566], [-61.1748, 45.5591], [-61.1572, 45.5651], [-61.1511, 45.5715], [-61.155, 45.5786], [-61.1673, 45.587], [-61.182, 45.5903], [-61.1959, 45.5895], [-61.2056, 45.5927], [-61.2083, 45.6081], [-61.2155, 45.6003], [-61.225, 45.5819], [-61.2412, 45.5854], [-61.2772, 45.5666], [-61.2702, 45.5483], [-61.2846, 45.5477], [-61.3219, 45.5591], [-61.3349, 45.5662], [-61.3629, 45.6112], [-61.4193, 45.6569], [-61.442, 45.6818], [-61.4553, 45.7099], [-61.4651, 45.7763], [-61.4754, 45.8113], [-61.4925, 45.8266], [-61.4973, 45.8352], [-61.4889, 45.8887], [-61.5001, 45.9061], [-61.5144, 45.9194], [-61.5226, 45.9328], [-61.5162, 45.9508], [-61.5212, 45.961], [-61.5212, 45.9808], [-61.5236, 45.9917], [-61.5475, 46.0116], [-61.5515, 46.0218], [-61.5411, 46.0405], [-61.5173, 46.0531], [-61.4916, 46.0631], [-61.4752, 46.0736], [-61.4701, 46.0926], [-61.4661, 46.1203], [-61.459, 46.1453], [-61.4447, 46.1562], [-61.4313, 46.1628], [-61.3844, 46.1943], [-61.2806, 46.2456], [-61.2779, 46.2552], [-61.2125, 46.331], [-61.1916, 46.367], [-61.1779, 46.3856], [-61.0948, 46.4539], [-61.0862, 46.4665], [-61.0806, 46.4805], [-61.0753, 46.5133], [-61.0665, 46.5268], [-61.0404, 46.5504], [-61.0304, 46.568], [-61.0372, 46.5816], [-61.0499, 46.5923], [-61.0575, 46.6013], [-61.0538, 46.6123], [-61.0431, 46.6253], [-61.0293, 46.6365], [-61.0165, 46.6422], [-61.0302, 46.6116], [-61.0302, 46.6013], [-61.0238, 46.5932], [-61.0171, 46.6004], [-61.0118, 46.6141], [-61.0097, 46.6254], [-61.0048, 46.6333], [-60.9721, 46.6527], [-60.965, 46.662], [-60.9476, 46.6974], [-60.8992, 46.7688], [-60.8692, 46.8], [-60.8321, 46.821], [-60.7884, 46.8347], [-60.7696, 46.8437], [-60.7013, 46.9047], [-60.6515, 46.9816], [-60.6421, 47.0037], [-60.623, 47.0168], [-60.6033, 47.0336], [-60.5936, 47.0348], [-60.5714, 47.0264], [-60.5342, 47.022], [-60.5231, 47.0189], [-60.5011, 47.0012], [-60.4858, 46.9991], [-60.4616, 47.0034], [-60.4203, 47.0222], [-60.3961, 47.0264], [-60.3834, 47.0168], [-60.3984, 46.9956], [-60.4343, 46.9643], [-60.4647, 46.9271], [-60.4904, 46.9052], [-60.4958, 46.8955], [-60.4739, 46.8972], [-60.4522, 46.8925], [-60.442, 46.8844], [-60.4547, 46.8756], [-60.4547, 46.8681], [-60.4304, 46.8642], [-60.3935, 46.863], [-60.3583, 46.8662], [-60.3387, 46.8756], [-60.3234, 46.8669], [-60.3108, 46.8544], [-60.3055, 46.8339], [-60.309, 46.8034], [-60.3245, 46.7452], [-60.3424, 46.7085], [-60.3449, 46.694], [-60.3521, 46.6865], [-60.3995, 46.6701], [-60.3915, 46.6612], [-60.3815, 46.656], [-60.3701, 46.6543], [-60.358, 46.6558], [-60.358, 46.6496], [-60.3859, 46.6422], [-60.374, 46.6296], [-60.3601, 46.6231], [-60.3505, 46.6159], [-60.3518, 46.6013], [-60.357, 46.5946], [-60.3797, 46.5808], [-60.4211, 46.5248], [-60.4616, 46.4231], [-60.4726, 46.4069], [-60.5094, 46.3685], [-60.5163, 46.3561], [-60.5304, 46.3236], [-60.5779, 46.2641], [-60.6058, 46.2113], [-60.5987, 46.1972], [-60.5524, 46.2623], [-60.5404, 46.2723], [-60.5244, 46.2784], [-60.4752, 46.32], [-60.4426, 46.3325], [-60.4343, 46.3337], [-60.4189, 46.3298], [-60.4157, 46.3239], [-60.4269, 46.284], [-60.442, 46.2706], [-60.4752, 46.2518], [-60.6124, 46.1282], [-60.6322, 46.118], [-60.6754, 46.1016], [-60.691, 46.091], [-60.7008, 46.088], [-60.7149, 46.1074], [-60.7254, 46.1047], [-60.7478, 46.0853], [-60.7558, 46.0805], [-60.773, 46.0734], [-60.8164, 46.0619], [-60.8732, 46.0532], [-60.8795, 46.0618], [-60.8741, 46.0683], [-60.8629, 46.0725], [-60.852, 46.0736], [-60.8741, 46.0792], [-60.9125, 46.0518], [-60.9756, 45.9917], [-60.9932, 45.9821], [-61.0148, 45.9747], [-61.1019, 45.9582], [-61.1186, 45.9494], [-61.1264, 45.9296], [-61.0336, 45.9365], [-61.0099, 45.9414], [-60.9953, 45.9539], [-60.9836, 45.9697], [-60.9687, 45.9849], [-60.9027, 46.0102], [-60.8839, 46.0347], [-60.8627, 46.0382], [-60.8179, 46.0388], [-60.7735, 46.0593], [-60.7475, 46.0662], [-60.736, 46.0566], [-60.7432, 46.0373], [-60.7602, 46.0223], [-60.7806, 46.0081], [-60.7974, 45.9917], [-60.803, 45.9748], [-60.8065, 45.9542], [-60.8151, 45.937], [-60.8353, 45.9296], [-60.8467, 45.9284], [-60.8578, 45.9249], [-60.8678, 45.9196], [-60.8763, 45.9128], [-60.8865, 45.9084], [-60.8984, 45.9099], [-60.9203, 45.916], [-60.9617, 45.9152], [-60.981, 45.9102], [-60.9892, 45.8989], [-61.0011, 45.897], [-61.0557, 45.8977], [-61.0712, 45.8955], [-61.0522, 45.8889], [-61.0438, 45.8887], [-61.0573, 45.8796], [-61.0886, 45.8682], [-61.0985, 45.8545], [-61.0839, 45.8538], [-61.0609, 45.8571], [-61.0395, 45.8635], [-61.0302, 45.8716], [-61.0194, 45.8757], [-60.9982, 45.8751], [-60.9827, 45.8769], [-60.9892, 45.8887], [-60.9686, 45.8862], [-60.9141, 45.8545], [-60.9263, 45.8477], [-60.9373, 45.8508], [-60.9495, 45.8571], [-60.965, 45.8607], [-60.9667, 45.8565], [-60.9421, 45.8353], [-60.9346, 45.8266], [-60.953, 45.8269], [-60.9608, 45.8291], [-60.9687, 45.8341], [-60.9819, 45.8207], [-60.9949, 45.82], [-61.0057, 45.8235], [-61.0131, 45.8232], [-61.0244, 45.8137], [-61.1029, 45.7789], [-61.1232, 45.7636], [-61.1338, 45.7446], [-61.112, 45.7515], [-61.1114, 45.7355], [-61.1128, 45.7276], [-61.1158, 45.7242], [-61.1258, 45.7219], [-61.1476, 45.7079], [-61.1429, 45.7034], [-61.1334, 45.6989], [-61.082, 45.6907], [-61.0494, 45.6985], [-60.9476, 45.7515], [-60.9128, 45.7562], [-60.8732, 45.7524], [-60.8357, 45.7405], [-60.8074, 45.7208], [-60.7992, 45.7033], [-60.8077, 45.6907], [-60.8236, 45.6785], [-60.8502, 45.6512], [-60.8495, 45.6477], [-60.8384, 45.6423], [-60.8289, 45.6406], [-60.826, 45.6442], [-60.8278, 45.6502], [-60.8321, 45.6553], [-60.8104, 45.6627], [-60.8179, 45.6689], [-60.784, 45.6689], [-60.7773, 45.6738], [-60.7657, 45.6929], [-60.7595, 45.6938], [-60.7439, 45.6849], [-60.7325, 45.6844], [-60.7301, 45.691], [-60.7422, 45.7038], [-60.7301, 45.7139], [-60.7335, 45.7246], [-60.743, 45.735], [-60.749, 45.7446], [-60.7464, 45.7602], [-60.7372, 45.7737], [-60.7148, 45.7924], [-60.7001, 45.7999], [-60.6695, 45.8103], [-60.6534, 45.8198], [-60.6437, 45.8306], [-60.6344, 45.8442], [-60.6234, 45.8558], [-60.609, 45.8607], [-60.5993, 45.8662], [-60.569, 45.8901], [-60.5411, 45.9009], [-60.521, 45.9243], [-60.4778, 45.9366], [-60.4452, 45.9539], [-60.4164, 45.9762], [-60.3995, 45.998], [-60.4203, 45.9932], [-60.4635, 45.9774], [-60.4972, 45.9566], [-60.564, 45.9439], [-60.6214, 45.9199], [-60.646, 45.9128], [-60.6649, 45.8987], [-60.6991, 45.8909], [-60.7097, 45.8903], [-60.7223, 45.8955], [-60.7315, 45.9046], [-60.74, 45.9227], [-60.749, 45.9296], [-60.762, 45.931], [-60.7758, 45.929], [-60.7867, 45.9301], [-60.7912, 45.9402], [-60.7816, 45.9543], [-60.7148, 45.9849], [-60.6844, 46.0068], [-60.6658, 46.0151], [-60.6426, 46.0184], [-60.6225, 46.0244], [-60.564, 46.0668], [-60.5079, 46.0907], [-60.4896, 46.1015], [-60.4316, 46.1494], [-60.4169, 46.1562], [-60.4054, 46.1638], [-60.3749, 46.197], [-60.3548, 46.2046], [-60.3339, 46.2051], [-60.3146, 46.2088], [-60.301, 46.2187], [-60.2971, 46.2381], [-60.3179, 46.2302], [-60.3384, 46.226], [-60.3828, 46.2238], [-60.4007, 46.2182], [-60.4473, 46.1767], [-60.607, 46.0765], [-60.6303, 46.0681], [-60.6391, 46.0668], [-60.6527, 46.0722], [-60.6551, 46.0817], [-60.6505, 46.0907], [-60.6426, 46.0947], [-60.6213, 46.101], [-60.6014, 46.1159], [-60.5714, 46.1494], [-60.5026, 46.2009], [-60.4945, 46.218], [-60.4754, 46.2335], [-60.351, 46.3121], [-60.2835, 46.3275], [-60.2796, 46.3173], [-60.2596, 46.2791], [-60.2047, 46.2418], [-60.212, 46.2239], [-60.2903, 46.1562], [-60.2782, 46.1591], [-60.2562, 46.1767], [-60.2437, 46.1763], [-60.2353, 46.1728], [-60.2214, 46.1624], [-60.2121, 46.1452], [-60.205, 46.1423], [-60.1941, 46.1562], [-60.192, 46.1662], [-60.1993, 46.1837], [-60.2016, 46.1938], [-60.1932, 46.2117], [-60.1739, 46.2307], [-60.1521, 46.2457], [-60.1361, 46.2518], [-60.1094, 46.2506], [-60.0832, 46.2462], [-60.0587, 46.2376], [-60.0371, 46.2238], [-60.0911, 46.2108], [-60.0, 46.2073], [-60.0, 45.8742], [-60.1273, 45.8695], [-60.1531, 45.8471], [-60.1556, 45.838], [-60.1544, 45.8371], [-60.1475, 45.8381], [-60.1327, 45.8341], [-60.1117, 45.824], [-60.1012, 45.821], [-60.0876, 45.8198], [-60.0754, 45.8155], [-60.0719, 45.8061], [-60.0746, 45.7968], [-60.0809, 45.7924], [-60.0933, 45.7908], [-60.1777, 45.7665]]], [[[-61.9774, 46.4482], [-61.9935, 46.4403], [-62.0313, 46.4149], [-62.1656, 46.3584], [-62.2126, 46.3476], [-62.2276, 46.3459], [-62.2399, 46.3511], [-62.2505, 46.3601], [-62.2839, 46.3821], [-62.2709, 46.3542], [-62.2738, 46.3449], [-62.2914, 46.3411], [-62.3069, 46.3446], [-62.3394, 46.3594], [-62.3597, 46.361], [-62.3597, 46.3542], [-62.348, 46.3456], [-62.3461, 46.3243], [-62.3318, 46.3132], [-62.3673, 46.3062], [-62.3845, 46.3057], [-62.4006, 46.3132], [-62.3678, 46.2844], [-62.3657, 46.2714], [-62.3904, 46.2661], [-62.4713, 46.2805], [-62.4969, 46.2723], [-62.4469, 46.2591], [-62.4237, 46.2451], [-62.4211, 46.2238], [-62.4373, 46.2163], [-62.4662, 46.2149], [-62.5139, 46.2177], [-62.555, 46.2342], [-62.5764, 46.239], [-62.5856, 46.2275], [-62.5433, 46.2149], [-62.513, 46.2016], [-62.4969, 46.1835], [-62.5244, 46.1868], [-62.5731, 46.2074], [-62.5992, 46.2108], [-62.5948, 46.2028], [-62.5898, 46.1984], [-62.5826, 46.1967], [-62.5719, 46.1972], [-62.5719, 46.1903], [-62.5904, 46.1896], [-62.6068, 46.1835], [-62.587, 46.1774], [-62.5467, 46.1752], [-62.531, 46.1699], [-62.5382, 46.1597], [-62.5422, 46.1458], [-62.5433, 46.1335], [-62.5416, 46.1282], [-62.4921, 46.1256], [-62.4757, 46.1214], [-62.4807, 46.1352], [-62.4906, 46.1415], [-62.5173, 46.1494], [-62.4864, 46.1527], [-62.4642, 46.1352], [-62.4532, 46.1076], [-62.4559, 46.0805], [-62.4726, 46.0634], [-62.4793, 46.06], [-62.5067, 46.06], [-62.5275, 46.0573], [-62.5546, 46.0439], [-62.5719, 46.0388], [-62.5719, 46.0327], [-62.5543, 46.0307], [-62.5105, 46.0184], [-62.4963, 46.019], [-62.4706, 46.0251], [-62.4559, 46.0252], [-62.4856, 45.9899], [-62.5452, 45.9718], [-62.6839, 45.9656], [-62.7147, 45.9704], [-62.729, 45.9706], [-62.7367, 45.967], [-62.7451, 45.954], [-62.7507, 45.9508], [-62.7567, 45.9525], [-62.7774, 45.9643], [-62.8295, 45.9727], [-62.8463, 45.978], [-62.8941, 46.0054], [-62.88, 46.011], [-62.8736, 46.0115], [-62.8736, 46.0184], [-62.8891, 46.0207], [-62.9048, 46.0253], [-62.9193, 46.0324], [-62.9316, 46.0426], [-62.9346, 46.053], [-62.9212, 46.0552], [-62.8873, 46.0532], [-62.909, 46.0719], [-62.9967, 46.062], [-63.0306, 46.0668], [-63.0093, 46.0718], [-62.9866, 46.0736], [-62.9736, 46.0769], [-62.9503, 46.0915], [-62.9176, 46.1013], [-62.887, 46.1296], [-62.8661, 46.1357], [-62.8782, 46.1556], [-62.8955, 46.1575], [-62.9145, 46.1477], [-62.9316, 46.132], [-62.9479, 46.128], [-62.9565, 46.1448], [-62.952, 46.1664], [-62.9282, 46.1767], [-62.9355, 46.1872], [-62.9472, 46.1934], [-62.976, 46.2046], [-62.9897, 46.1972], [-62.9811, 46.1861], [-62.976, 46.1835], [-62.9974, 46.1793], [-63.0253, 46.1861], [-63.0543, 46.1969], [-63.1063, 46.2102], [-63.1168, 46.2158], [-63.1121, 46.2242], [-63.0933, 46.2381], [-63.0729, 46.2456], [-63.068, 46.2508], [-63.0673, 46.2618], [-63.0654, 46.2661], [-63.0611, 46.2669], [-63.0491, 46.265], [-63.0449, 46.2661], [-63.0433, 46.2706], [-63.0432, 46.2819], [-63.0381, 46.2866], [-62.9803, 46.3055], [-62.963, 46.32], [-62.981, 46.3194], [-63.0117, 46.3085], [-63.0436, 46.3016], [-63.0697, 46.2833], [-63.0968, 46.2727], [-63.1204, 46.2443], [-63.1343, 46.2381], [-63.1405, 46.241], [-63.1616, 46.2592], [-63.1957, 46.2723], [-63.1737, 46.2382], [-63.1747, 46.2277], [-63.1991, 46.2238], [-63.2076, 46.2208], [-63.224, 46.2076], [-63.2333, 46.2046], [-63.2709, 46.2046], [-63.2709, 46.1972], [-63.2149, 46.1911], [-63.1891, 46.1953], [-63.1753, 46.2177], [-63.1477, 46.2063], [-63.1419, 46.1984], [-63.1473, 46.1835], [-63.1776, 46.1719], [-63.2082, 46.1652], [-63.2334, 46.1455], [-63.2572, 46.1419], [-63.2843, 46.147], [-63.3356, 46.1657], [-63.3726, 46.1719], [-63.3999, 46.1813], [-63.412, 46.1835], [-63.4184, 46.1856], [-63.4228, 46.195], [-63.4288, 46.1972], [-63.4503, 46.196], [-63.4558, 46.1972], [-63.4657, 46.2046], [-63.4806, 46.2199], [-63.4906, 46.2238], [-63.4992, 46.2225], [-63.5211, 46.2131], [-63.535, 46.2108], [-63.5453, 46.2137], [-63.567, 46.2231], [-63.5873, 46.2163], [-63.6021, 46.2169], [-63.6278, 46.2238], [-63.6756, 46.2426], [-63.6946, 46.2565], [-63.7023, 46.2757], [-63.713, 46.2898], [-63.7379, 46.3024], [-63.7848, 46.32], [-63.8, 46.3319], [-63.8059, 46.3436], [-63.8012, 46.3488], [-63.7848, 46.3411], [-63.8059, 46.3747], [-63.7393, 46.3567], [-63.7159, 46.3542], [-63.7649, 46.3821], [-63.7455, 46.3891], [-63.7369, 46.389], [-63.7369, 46.3964], [-63.7668, 46.3994], [-63.8399, 46.397], [-63.8714, 46.4094], [-63.8805, 46.4081], [-63.8873, 46.4049], [-63.8884, 46.4026], [-63.9083, 46.4156], [-63.9266, 46.4219], [-63.9345, 46.423], [-63.9561, 46.4094], [-63.9872, 46.3996], [-64.0827, 46.4094], [-64.1103, 46.4081], [-64.1245, 46.4097], [-64.1343, 46.4156], [-64.1375, 46.429], [-64.1335, 46.4426], [-64.1249, 46.4497], [-64.1144, 46.4435], [-64.1107, 46.4738], [-64.1146, 46.5126], [-64.108, 46.5444], [-64.0727, 46.5534], [-64.079, 46.5665], [-64.0619, 46.57], [-64.0638, 46.5788], [-64.079, 46.5978], [-64.0789, 46.6189], [-64.0727, 46.6422], [-64.131, 46.5991], [-64.1448, 46.5978], [-64.1533, 46.6041], [-64.1655, 46.6096], [-64.1969, 46.6178], [-64.2184, 46.6314], [-64.2305, 46.6353], [-64.3226, 46.6353], [-64.3643, 46.6269], [-64.383, 46.6278], [-64.4024, 46.6422], [-64.4168, 46.6828], [-64.4015, 46.723], [-64.3695, 46.7588], [-64.3335, 46.7862], [-64.2909, 46.8096], [-64.2723, 46.825], [-64.2646, 46.8446], [-64.2594, 46.8664], [-64.2469, 46.8863], [-64.2313, 46.9033], [-64.1627, 46.9562], [-64.0527, 47.0215], [-63.9971, 47.0673], [-63.9885, 47.0543], [-63.9834, 47.04], [-63.9959, 47.0097], [-63.9978, 46.971], [-63.9901, 46.9333], [-63.9732, 46.906], [-63.9748, 46.894], [-64.025, 46.8483], [-64.038, 46.821], [-64.0489, 46.8223], [-64.0555, 46.8193], [-64.0597, 46.8066], [-64.079, 46.8135], [-64.079, 46.8027], [-64.0814, 46.794], [-64.0859, 46.7867], [-64.0933, 46.78], [-64.0719, 46.7578], [-64.0561, 46.7488], [-64.0349, 46.7452], [-64.0145, 46.7482], [-63.9993, 46.7531], [-63.9856, 46.7541], [-63.9698, 46.7452], [-63.9747, 46.7386], [-63.9834, 46.7173], [-63.9602, 46.7077], [-63.939, 46.6953], [-63.9195, 46.6802], [-63.9015, 46.6627], [-63.8866, 46.6512], [-63.8814, 46.6429], [-63.881, 46.6291], [-63.8858, 46.6178], [-63.894, 46.6154], [-63.9043, 46.6198], [-63.9151, 46.6291], [-63.9125, 46.6166], [-63.9066, 46.608], [-63.8974, 46.6029], [-63.8847, 46.6013], [-63.8712, 46.6032], [-63.8671, 46.6081], [-63.8656, 46.6147], [-63.8605, 46.6217], [-63.8629, 46.6234], [-63.8612, 46.6297], [-63.8548, 46.6329], [-63.8434, 46.6254], [-63.8336, 46.6124], [-63.8362, 46.607], [-63.8468, 46.6013], [-63.8393, 46.5905], [-63.8332, 46.5876], [-63.8332, 46.5808], [-63.8453, 46.5782], [-63.8517, 46.5737], [-63.881, 46.5224], [-63.8945, 46.5167], [-63.9216, 46.5112], [-63.942, 46.5003], [-63.9356, 46.4783], [-63.9198, 46.4927], [-63.902, 46.4988], [-63.8605, 46.5063], [-63.835, 46.5197], [-63.8258, 46.5193], [-63.8185, 46.5124], [-63.813, 46.5007], [-63.813, 46.4895], [-63.8226, 46.4846], [-63.833, 46.4819], [-63.8336, 46.4757], [-63.8226, 46.4606], [-63.8134, 46.4559], [-63.7296, 46.4433], [-63.7089, 46.4442], [-63.6966, 46.4572], [-63.7132, 46.4776], [-63.7318, 46.496], [-63.7342, 46.5107], [-63.7023, 46.5193], [-63.7023, 46.5255], [-63.722, 46.5318], [-63.7301, 46.5329], [-63.7108, 46.5584], [-63.6769, 46.5681], [-63.6389, 46.567], [-63.5367, 46.5447], [-63.5173, 46.5336], [-63.4947, 46.5312], [-63.4938, 46.5269], [-63.4974, 46.5193], [-63.4963, 46.5128], [-63.5008, 46.4997], [-63.4974, 46.492], [-63.4819, 46.4926], [-63.4566, 46.4674], [-63.4455, 46.4675], [-63.4326, 46.4837], [-63.4289, 46.4975], [-63.4381, 46.5058], [-63.4632, 46.5063], [-63.4365, 46.5125], [-63.399, 46.5121], [-63.3609, 46.5069], [-63.3323, 46.4988], [-63.3178, 46.489], [-63.3136, 46.4783], [-63.3121, 46.466], [-63.3056, 46.451], [-63.3022, 46.451], [-63.2803, 46.4393], [-63.2635, 46.426], [-63.2572, 46.4231], [-63.2504, 46.4299], [-63.245, 46.4125], [-63.2381, 46.4074], [-63.2162, 46.4156], [-63.2093, 46.4262], [-63.2025, 46.4299], [-63.1947, 46.4311], [-63.0811, 46.4209], [-62.9532, 46.4241], [-62.8497, 46.4374], [-62.8419, 46.4309], [-62.8334, 46.4195], [-62.8238, 46.4151], [-62.8121, 46.4299], [-62.8196, 46.4374], [-62.7645, 46.449], [-62.5856, 46.4299], [-62.5856, 46.4374], [-62.6772, 46.4477], [-62.7023, 46.4572], [-62.6741, 46.4644], [-62.6117, 46.4676], [-62.5856, 46.4783], [-62.5658, 46.4709], [-62.5421, 46.4717], [-62.5169, 46.4758], [-62.3573, 46.4793], [-62.2646, 46.4738], [-62.1852, 46.487], [-62.0991, 46.4837], [-62.004, 46.4641], [-61.977, 46.4547], [-61.9774, 46.4482]]], [[[-61.6991, 47.5275], [-61.7435, 47.4831], [-61.7669, 47.4714], [-61.7908, 47.4645], [-61.8357, 47.4328], [-61.8594, 47.4237], [-61.8222, 47.4154], [-61.7854, 47.4338], [-61.6715, 47.538], [-61.6362, 47.5571], [-61.5925, 47.5608], [-61.6253, 47.5493], [-61.6564, 47.5307], [-61.7086, 47.4857], [-61.765, 47.4111], [-61.7782, 47.4058], [-61.8215, 47.41], [-61.8365, 47.4014], [-61.848, 47.3826], [-61.8565, 47.3639], [-61.8628, 47.3554], [-61.9019, 47.3537], [-61.9169, 47.3487], [-61.9314, 47.3383], [-61.9405, 47.3266], [-61.9563, 47.2963], [-61.9656, 47.283], [-61.9593, 47.2741], [-61.941, 47.2623], [-61.9203, 47.2601], [-61.9072, 47.2797], [-61.8966, 47.2652], [-61.8834, 47.2559], [-61.8668, 47.2499], [-61.8251, 47.2426], [-61.8107, 47.2443], [-61.7985, 47.2517], [-61.7843, 47.266], [-61.793, 47.2403], [-61.816, 47.2283], [-61.8454, 47.225], [-61.873, 47.225], [-61.8749, 47.2376], [-61.8951, 47.2337], [-61.9382, 47.2182], [-61.9888, 47.2172], [-62.0106, 47.2248], [-62.0171, 47.2455], [-61.9897, 47.2734], [-61.9678, 47.3076], [-61.9591, 47.3175], [-61.9495, 47.3362], [-61.9486, 47.3828], [-61.9413, 47.4025], [-61.9255, 47.4132], [-61.9012, 47.4221], [-61.8756, 47.4282], [-61.856, 47.4305], [-61.8393, 47.4367], [-61.5621, 47.6271], [-61.5373, 47.6365], [-61.5059, 47.6414], [-61.3863, 47.644], [-61.3822, 47.6367], [-61.3887, 47.6257], [-61.4001, 47.616], [-61.4325, 47.6081], [-61.4485, 47.6005], [-61.4553, 47.5847], [-61.4695, 47.5695], [-61.5011, 47.5568], [-61.5338, 47.5521], [-61.5515, 47.5608], [-61.5274, 47.5688], [-61.5023, 47.5827], [-61.4813, 47.601], [-61.469, 47.6223], [-61.4972, 47.6243], [-61.5266, 47.6221], [-61.5546, 47.615], [-61.5788, 47.6018], [-61.6207, 47.5682], [-61.646, 47.5529], [-61.671, 47.5465], [-61.6991, 47.5275]]], [[[-64.5041, 47.9167], [-64.4774, 47.9444], [-64.477, 47.9378], [-64.4787, 47.9332], [-64.4923, 47.9106], [-64.4989, 47.8928], [-64.5032, 47.8742], [-64.5047, 47.8587], [-64.509, 47.8446], [-64.5189, 47.8293], [-64.5389, 47.8072], [-64.5935, 47.7654], [-64.6488, 47.7321], [-64.6542, 47.7471], [-64.666, 47.7528], [-64.6811, 47.755], [-64.6966, 47.7594], [-64.655, 47.7829], [-64.6488, 47.7905], [-64.6542, 47.8019], [-64.6667, 47.8026], [-64.6898, 47.7936], [-64.6872, 47.8026], [-64.6829, 47.81], [-64.6767, 47.8161], [-64.6686, 47.8209], [-64.6863, 47.8193], [-64.6966, 47.821], [-64.7001, 47.8279], [-64.6966, 47.842], [-64.691, 47.8503], [-64.6687, 47.8713], [-64.6587, 47.8755], [-64.5955, 47.8855], [-64.568, 47.883], [-64.5799, 47.8625], [-64.5589, 47.8696], [-64.5386, 47.8701], [-64.5201, 47.8736], [-64.5047, 47.8898], [-64.512, 47.9025], [-64.5041, 47.9167]]], [[[-64.5108, 48.0336], [-64.4843, 48.0201], [-64.4801, 47.9984], [-64.473, 47.9809], [-64.4724, 47.9634], [-64.4874, 47.9412], [-64.5078, 47.9283], [-64.5683, 47.907], [-64.5904, 47.9035], [-64.5941, 47.9144], [-64.5771, 47.9384], [-64.5458, 47.9717], [-64.5258, 48.0207], [-64.5108, 48.0336]]], [[[-64.3672, 49.8256], [-64.3887, 49.8194], [-64.3744, 49.7946], [-64.3975, 49.7978], [-64.4247, 49.8085], [-64.4475, 49.8234], [-64.457, 49.8393], [-64.4706, 49.8524], [-64.4962, 49.8586], [-64.5106, 49.8681], [-64.4905, 49.8909], [-64.4513, 49.9095], [-64.3509, 49.9274], [-64.2939, 49.9311], [-64.2691, 49.9296], [-64.2577, 49.9312], [-64.2452, 49.9375], [-64.2294, 49.95], [-64.2137, 49.9523], [-64.1328, 49.9501], [-64.027, 49.921], [-63.9919, 49.9162], [-63.9447, 49.8961], [-63.6981, 49.8673], [-63.6053, 49.8502], [-63.5128, 49.8455], [-63.3747, 49.8294], [-63.2086, 49.7908], [-63.1241, 49.7839], [-63.0449, 49.7537], [-62.9621, 49.7405], [-62.9388, 49.7294], [-62.9047, 49.7019], [-62.893, 49.6975], [-62.8463, 49.6984], [-62.7757, 49.6692], [-62.7576, 49.6643], [-62.7307, 49.6632], [-62.7079, 49.6594], [-62.6876, 49.653], [-62.6173, 49.6205], [-62.5897, 49.6127], [-62.5342, 49.6047], [-62.5128, 49.5923], [-62.4757, 49.5619], [-62.4541, 49.5579], [-62.4484, 49.5551], [-62.4454, 49.5498], [-62.4416, 49.5346], [-62.3973, 49.4967], [-62.3859, 49.4904], [-62.3747, 49.49], [-62.3529, 49.4936], [-62.3392, 49.4909], [-62.3113, 49.4726], [-62.2999, 49.4696], [-62.2757, 49.4682], [-62.2641, 49.4657], [-62.2538, 49.4586], [-62.2262, 49.4309], [-62.2201, 49.4278], [-62.2043, 49.4142], [-62.1781, 49.4092], [-62.1331, 49.3968], [-62.0181, 49.3884], [-62.0061, 49.3842], [-61.9718, 49.3669], [-61.951, 49.353], [-61.9413, 49.349], [-61.9042, 49.3542], [-61.8826, 49.3545], [-61.8656, 49.3376], [-61.8179, 49.3081], [-61.8265, 49.295], [-61.8189, 49.2868], [-61.7905, 49.2739], [-61.7768, 49.2466], [-61.7495, 49.2329], [-61.7374, 49.2213], [-61.7086, 49.1845], [-61.6847, 49.1658], [-61.6608, 49.151], [-61.671, 49.1411], [-61.693, 49.1296], [-61.7024, 49.123], [-61.7075, 49.1115], [-61.7049, 49.103], [-61.707, 49.0976], [-61.7262, 49.0958], [-61.7455, 49.0977], [-61.7573, 49.0969], [-61.8116, 49.069], [-61.8242, 49.07], [-61.8662, 49.0821], [-61.8821, 49.0837], [-62.0506, 49.0745], [-62.13, 49.0821], [-62.2482, 49.0679], [-62.2768, 49.0716], [-62.3033, 49.0798], [-62.3221, 49.092], [-62.3426, 49.1022], [-62.4169, 49.112], [-62.5063, 49.1386], [-62.6818, 49.1485], [-62.8845, 49.1965], [-63.0933, 49.2329], [-63.1647, 49.2629], [-63.2124, 49.2729], [-63.2777, 49.3149], [-63.3342, 49.3244], [-63.3636, 49.3402], [-63.3829, 49.3478], [-63.4038, 49.3536], [-63.4621, 49.3594], [-63.5868, 49.39], [-63.5731, 49.4049], [-63.5846, 49.4191], [-63.6039, 49.4335], [-63.6141, 49.4486], [-63.6149, 49.4677], [-63.6185, 49.4838], [-63.6268, 49.4984], [-63.6414, 49.5135], [-63.6772, 49.5417], [-63.7642, 49.602], [-63.9252, 49.6749], [-64.0588, 49.7145], [-64.178, 49.741], [-64.3024, 49.779], [-64.3192, 49.7912], [-64.3354, 49.8155], [-64.3672, 49.8256]]], [[[-63.927, 50.2214], [-63.9248, 50.2397], [-63.9015, 50.254], [-63.8986, 50.25], [-63.8884, 50.2465], [-63.8575, 50.2174], [-63.8561, 50.2047], [-63.8847, 50.1994], [-63.9123, 50.206], [-63.927, 50.2214]]], [[[-79.3487, 52.105], [-79.329, 52.105], [-79.2995, 52.0974], [-79.2837, 52.0965], [-79.2723, 52.0914], [-79.2517, 52.0769], [-79.2952, 52.0554], [-79.3094, 52.0459], [-79.3205, 52.0335], [-79.3256, 52.0213], [-79.3266, 51.9818], [-79.3286, 51.9714], [-79.3365, 51.9633], [-79.3541, 51.9534], [-79.3734, 51.9453], [-79.3931, 51.9403], [-79.414, 51.9383], [-79.5155, 51.9466], [-79.5841, 51.9329], [-79.5907, 51.9307], [-79.6041, 51.9209], [-79.6111, 51.9186], [-79.6204, 51.9205], [-79.621, 51.925], [-79.6193, 51.9316], [-79.6217, 51.9392], [-79.6558, 51.9875], [-79.6398, 52.0162], [-79.6353, 52.0217], [-79.6211, 52.0258], [-79.6105, 52.0229], [-79.5995, 52.0176], [-79.5841, 52.0148], [-79.5574, 52.019], [-79.5336, 52.0297], [-79.5128, 52.0441], [-79.4947, 52.0596], [-79.484, 52.0639], [-79.4562, 52.0634], [-79.4438, 52.0661], [-79.3951, 52.0837], [-79.3676, 52.0978], [-79.3487, 52.105]]], [[[-80.7184, 52.8476], [-80.6784, 52.7804], [-80.6696, 52.742], [-80.7047, 52.7213], [-80.6995, 52.7001], [-80.7177, 52.695], [-80.7438, 52.7002], [-80.7845, 52.723], [-81.0268, 52.7526], [-81.1518, 52.8032], [-81.2863, 52.8441], [-81.4688, 52.8613], [-81.6494, 52.9035], [-81.7923, 52.9422], [-81.9517, 52.9744], [-81.9973, 53.0], [-80.8407, 53.0], [-80.7795, 52.9487], [-80.7684, 52.9348], [-80.7237, 52.8628], [-80.7184, 52.8476]]], [[[-123.2518, 48.7902], [-123.249, 48.7774], [-123.2504, 48.7661], [-123.2405, 48.7619], [-123.2192, 48.7619], [-123.1881, 48.7562], [-123.1824, 48.7435], [-123.1867, 48.7364], [-123.1995, 48.7321], [-123.2575, 48.7392], [-123.307, 48.7646], [-123.3113, 48.7717], [-123.3113, 48.7973], [-123.3226, 48.8057], [-123.3226, 48.8128], [-123.3127, 48.8171], [-123.2986, 48.8156], [-123.2872, 48.8128], [-123.2518, 48.7902]]], [[[-123.1202, 48.7646], [-123.1584, 48.7633], [-123.1853, 48.7746], [-123.2037, 48.7845], [-123.2037, 48.8085], [-123.2079, 48.8156], [-123.2221, 48.8227], [-123.2235, 48.8327], [-123.2037, 48.8298], [-123.1796, 48.8156], [-123.1414, 48.8015], [-123.0536, 48.7958], [-123.0438, 48.7888], [-123.0423, 48.7845], [-123.0706, 48.7788], [-123.0777, 48.776], [-123.089, 48.7675], [-123.1017, 48.7619], [-123.1202, 48.7646]]], [[[-62.5069, 45.8281], [-62.5112, 45.8233], [-62.5124, 45.8144], [-62.5497, 45.8035], [-62.5558, 45.7992], [-62.578, 45.8056], [-62.6031, 45.8042], [-62.6032, 45.8106], [-62.5744, 45.824], [-62.5542, 45.8241], [-62.5327, 45.8293], [-62.5069, 45.8281]]], [[[-70.3239, 47.4274], [-70.3299, 47.4184], [-70.3739, 47.3839], [-70.3932, 47.3727], [-70.4117, 47.3702], [-70.4276, 47.372], [-70.4357, 47.377], [-70.4366, 47.3865], [-70.4336, 47.3959], [-70.4254, 47.405], [-70.411, 47.4144], [-70.3907, 47.4225], [-70.3698, 47.4268], [-70.3239, 47.4274]]], [[[-68.8427, 48.4159], [-68.8381, 48.4138], [-68.8432, 48.4097], [-68.8447, 48.396], [-68.8632, 48.3891], [-68.8911, 48.388], [-68.8926, 48.3918], [-68.8885, 48.3969], [-68.8798, 48.4035], [-68.8643, 48.4076], [-68.8556, 48.4145], [-68.8427, 48.4159]]], [[[-125.797, 49.227], [-125.786, 49.2093], [-125.8014, 49.1439], [-125.8417, 49.1338], [-125.8799, 49.146], [-125.8802, 49.1611], [-125.8876, 49.1731], [-125.915, 49.1763], [-125.9234, 49.197], [-125.9149, 49.2133], [-125.9011, 49.2255], [-125.8616, 49.2374], [-125.8307, 49.2371], [-125.797, 49.227]]], [[[-128.6065, 50.8123], [-128.6037, 50.8198], [-128.5908, 50.8126], [-128.5741, 50.8085], [-128.5722, 50.8026], [-128.5726, 50.7952], [-128.6015, 50.7931], [-128.6034, 50.7851], [-128.6159, 50.7828], [-128.6351, 50.7899], [-128.6391, 50.8047], [-128.6269, 50.8119], [-128.6065, 50.8123]]], [[[-128.6734, 50.8283], [-128.6622, 50.825], [-128.6705, 50.8189], [-128.6663, 50.8135], [-128.655, 50.8088], [-128.6634, 50.8046], [-128.6822, 50.8037], [-128.6916, 50.8015], [-128.7044, 50.8072], [-128.7158, 50.8144], [-128.7148, 50.8239], [-128.7089, 50.8314], [-128.7021, 50.8366], [-128.6979, 50.8317], [-128.6734, 50.8283]]], [[[-127.7135, 50.913], [-127.6882, 50.9009], [-127.6692, 50.8804], [-127.656, 50.8378], [-127.6741, 50.8376], [-127.7289, 50.8461], [-127.7526, 50.8592], [-127.8174, 50.8686], [-127.8344, 50.8787], [-127.8348, 50.8891], [-127.7791, 50.9015], [-127.7449, 50.9125], [-127.7135, 50.913]]], [[[-128.4174, 52.0035], [-128.4135, 51.9832], [-128.4208, 51.9525], [-128.4232, 51.9259], [-128.4324, 51.9024], [-128.4455, 51.8981], [-128.4544, 51.9174], [-128.4788, 51.9068], [-128.4927, 51.926], [-128.487, 51.9537], [-128.4382, 51.9808], [-128.4321, 51.9951], [-128.4174, 52.0035]]], [[[-79.0019, 52.1076], [-79.0067, 52.0979], [-79.0316, 52.0934], [-79.0867, 52.0975], [-79.0801, 52.1065], [-79.0454, 52.1127], [-79.0275, 52.1136], [-79.0179, 52.1124], [-79.0019, 52.1076]]], [[[-79.3793, 52.2519], [-79.3813, 52.2448], [-79.4009, 52.2409], [-79.475, 52.2375], [-79.5013, 52.2331], [-79.5016, 52.2366], [-79.4948, 52.2458], [-79.4849, 52.2533], [-79.4456, 52.2624], [-79.4057, 52.261], [-79.3853, 52.2558], [-79.3793, 52.2519]]], [[[-78.7074, 52.4476], [-78.7084, 52.444], [-78.7235, 52.4348], [-78.7552, 52.4221], [-78.751, 52.4189], [-78.728, 52.4174], [-78.727, 52.4123], [-78.7498, 52.4062], [-78.7609, 52.4064], [-78.7626, 52.4138], [-78.7744, 52.4118], [-78.7821, 52.4141], [-78.7926, 52.4114], [-78.7945, 52.4119], [-78.7933, 52.4135], [-78.7949, 52.4139], [-78.8, 52.4128], [-78.8015, 52.4177], [-78.7992, 52.4293], [-78.8017, 52.4339], [-78.8078, 52.4291], [-78.8208, 52.4238], [-78.8273, 52.4276], [-78.8145, 52.4352], [-78.7964, 52.4389], [-78.7685, 52.4477], [-78.7524, 52.4479], [-78.7342, 52.4451], [-78.7074, 52.4476]]], [[[-79.5653, 52.5454], [-79.5814, 52.5399], [-79.6094, 52.5351], [-79.6394, 52.5326], [-79.6382, 52.5378], [-79.6214, 52.5559], [-79.6163, 52.5724], [-79.6124, 52.5773], [-79.5914, 52.5767], [-79.5883, 52.5714], [-79.5887, 52.564], [-79.5846, 52.5552], [-79.5722, 52.5477], [-79.5653, 52.5454]]], [[[-129.4001, 52.6795], [-129.4033, 52.6633], [-129.4024, 52.6466], [-129.4181, 52.6452], [-129.4355, 52.6377], [-129.4496, 52.644], [-129.4365, 52.6592], [-129.4274, 52.6743], [-129.4328, 52.6831], [-129.4133, 52.6876], [-129.4001, 52.6795]]], [[[-129.312, 52.8393], [-129.324, 52.8206], [-129.3289, 52.7996], [-129.3477, 52.7999], [-129.3662, 52.8145], [-129.3677, 52.845], [-129.3547, 52.8625], [-129.312, 52.8393]]]]}}, {"type": "Feature", "properties": {"country": "MX"}, "geometry": {"type": "MultiPolygon", "coordinates": [[[[-97.1573, 25.7895], [-97.1645, 25.7695], [-97.1652, 25.7233], [-97.1744, 25.7042], [-97.1863, 25.687], [-97.1981, 25.6467], [-97.2615, 25.4995], [-97.3194, 25.39], [-97.459, 25.1794], [-97.6514, 24.5159], [-97.708, 24.0839], [-97.717, 24.0], [-107.0633, 24.0], [-107.0849, 24.0151], [-107.1042, 24.0218], [-107.1169, 24.0292], [-107.1697, 24.0764], [-107.3778, 24.2069], [-107.3888, 24.2174], [-107.3929, 24.2412], [-107.4043, 24.2525], [-107.4434, 24.2683], [-107.4809, 24.2934], [-107.5432, 24.3466], [-107.775, 24.4774], [-107.7923, 24.494], [-107.7997, 24.5122], [-107.7967, 24.5227], [-107.7899, 24.523], [-107.7819, 24.518], [-107.7725, 24.5076], [-107.7717, 24.491], [-107.7692, 24.4893], [-107.6905, 24.4495], [-107.6802, 24.447], [-107.5415, 24.3651], [-107.498, 24.3439], [-107.5089, 24.3526], [-107.5533, 24.3781], [-107.5497, 24.3879], [-107.5308, 24.3801], [-107.498, 24.3576], [-107.4918, 24.3706], [-107.5055, 24.3706], [-107.4951, 24.3822], [-107.4851, 24.3899], [-107.4783, 24.4001], [-107.4775, 24.4191], [-107.4818, 24.4328], [-107.5192, 24.5114], [-107.5297, 24.5219], [-107.5465, 24.529], [-107.5634, 24.5307], [-107.5794, 24.5276], [-107.5926, 24.5201], [-107.6017, 24.5085], [-107.5876, 24.5054], [-107.5609, 24.515], [-107.5533, 24.5085], [-107.5575, 24.4995], [-107.5841, 24.4749], [-107.5942, 24.4675], [-107.6241, 24.4585], [-107.6422, 24.4702], [-107.6568, 24.4891], [-107.6767, 24.5016], [-107.6964, 24.4901], [-107.7041, 24.4879], [-107.7188, 24.4924], [-107.7391, 24.5073], [-107.745, 24.5159], [-107.7472, 24.5221], [-107.7483, 24.5355], [-107.7519, 24.5425], [-107.7582, 24.5478], [-107.7792, 24.5562], [-107.8205, 24.5952], [-107.8329, 24.5987], [-107.8481, 24.5903], [-107.8671, 24.6082], [-107.889, 24.6238], [-107.9127, 24.6347], [-107.9368, 24.6388], [-107.9325, 24.6282], [-107.9248, 24.621], [-107.9095, 24.6108], [-107.8785, 24.5798], [-107.8617, 24.5671], [-107.8191, 24.5444], [-107.8065, 24.529], [-107.8339, 24.5352], [-107.9086, 24.5779], [-107.9952, 24.6484], [-108.0047, 24.6618], [-108.0086, 24.6772], [-108.0132, 24.7139], [-108.0189, 24.7309], [-108.0279, 24.7489], [-108.0389, 24.7633], [-108.0545, 24.7723], [-108.0587, 24.7794], [-108.0603, 24.7864], [-108.0566, 24.7896], [-108.0457, 24.7885], [-108.0362, 24.7852], [-108.0188, 24.7753], [-107.9949, 24.758], [-107.9789, 24.757], [-107.9716, 24.7788], [-107.9763, 24.7968], [-107.9875, 24.8146], [-108.0012, 24.8289], [-108.0132, 24.8368], [-108.0008, 24.8476], [-107.9995, 24.8636], [-108.0057, 24.8989], [-108.0043, 24.9146], [-107.9999, 24.9276], [-107.9852, 24.9534], [-107.9966, 24.9678], [-108.0361, 24.9985], [-108.0487, 25.0015], [-108.0492, 24.9826], [-108.0365, 24.9291], [-108.0323, 24.918], [-108.0324, 24.905], [-108.0388, 24.873], [-108.0411, 24.8384], [-108.0442, 24.8276], [-108.0501, 24.8231], [-108.0613, 24.8256], [-108.0703, 24.8337], [-108.0777, 24.8378], [-108.0829, 24.8259], [-108.0876, 24.8231], [-108.1244, 24.8446], [-108.1556, 24.883], [-108.2341, 25.0284], [-108.2578, 25.0563], [-108.2931, 25.0838], [-108.3126, 25.0924], [-108.3223, 25.0995], [-108.3279, 25.1112], [-108.3063, 25.1113], [-108.2838, 25.1068], [-108.2662, 25.0969], [-108.2589, 25.0804], [-108.1975, 25.0149], [-108.1833, 24.9814], [-108.1775, 24.9807], [-108.1634, 24.9876], [-108.1391, 24.9739], [-108.1306, 24.9768], [-108.1278, 24.9842], [-108.1287, 25.0053], [-108.1325, 25.0194], [-108.1419, 25.0192], [-108.1533, 25.0163], [-108.1634, 25.0224], [-108.1626, 25.0285], [-108.1526, 25.0459], [-108.1368, 25.06], [-108.1256, 25.0466], [-108.1055, 25.0269], [-108.089, 25.0195], [-108.0467, 25.0149], [-108.0132, 25.0019], [-108.0047, 25.0095], [-108.0017, 25.021], [-108.0035, 25.0314], [-108.1069, 25.1169], [-108.1195, 25.1235], [-108.1361, 25.1247], [-108.1282, 25.1168], [-108.1291, 25.1107], [-108.1368, 25.1066], [-108.1491, 25.1043], [-108.1617, 25.1064], [-108.1729, 25.1136], [-108.1907, 25.1316], [-108.2123, 25.1669], [-108.218, 25.1732], [-108.2316, 25.1719], [-108.2524, 25.1603], [-108.2664, 25.1657], [-108.2798, 25.1584], [-108.3058, 25.157], [-108.3336, 25.161], [-108.3518, 25.1695], [-108.3561, 25.2002], [-108.3552, 25.2067], [-108.3481, 25.2048], [-108.3251, 25.1907], [-108.3142, 25.1862], [-108.3172, 25.1994], [-108.3175, 25.2285], [-108.3204, 25.2414], [-108.3294, 25.2517], [-108.3529, 25.2617], [-108.3614, 25.2694], [-108.3861, 25.1619], [-108.3992, 25.1453], [-108.4007, 25.1544], [-108.3961, 25.1984], [-108.3961, 25.2142], [-108.4052, 25.2338], [-108.419, 25.2492], [-108.435, 25.2608], [-108.4508, 25.2694], [-108.5542, 25.3078], [-108.614, 25.3433], [-108.6543, 25.3537], [-108.6965, 25.3585], [-108.7319, 25.3581], [-108.7086, 25.3738], [-108.6673, 25.3708], [-108.5941, 25.3513], [-108.6183, 25.362], [-108.6572, 25.3922], [-108.6872, 25.3985], [-108.7405, 25.3829], [-108.7657, 25.3809], [-108.7797, 25.3985], [-108.7387, 25.3991], [-108.7299, 25.406], [-108.746, 25.4311], [-108.7469, 25.4446], [-108.7558, 25.4469], [-108.7716, 25.4362], [-108.7797, 25.4333], [-108.7698, 25.4647], [-108.7674, 25.4787], [-108.7667, 25.5257], [-108.769, 25.5402], [-108.775, 25.5414], [-108.7836, 25.5375], [-108.7934, 25.5363], [-108.8281, 25.5493], [-108.8328, 25.5615], [-108.8384, 25.5636], [-108.8589, 25.5568], [-108.8895, 25.5633], [-108.8963, 25.5602], [-108.8964, 25.5431], [-108.8929, 25.5325], [-108.8836, 25.5198], [-108.8827, 25.5084], [-108.8848, 25.4968], [-108.8878, 25.4897], [-108.8926, 25.4843], [-108.9158, 25.4675], [-108.9297, 25.4664], [-108.9416, 25.4735], [-108.9516, 25.4879], [-108.947, 25.4868], [-108.9403, 25.4894], [-108.9374, 25.4948], [-108.9442, 25.5021], [-108.9518, 25.5039], [-109.0019, 25.4999], [-109.0158, 25.4934], [-109.0188, 25.4825], [-109.0063, 25.4674], [-109.0347, 25.4652], [-109.0663, 25.4851], [-109.1161, 25.5363], [-109.0944, 25.5453], [-109.0882, 25.5493], [-109.082, 25.5587], [-109.0774, 25.5705], [-109.0705, 25.5805], [-109.0578, 25.5847], [-109.0239, 25.5731], [-109.0162, 25.5739], [-109.0054, 25.5779], [-108.9982, 25.5687], [-108.9926, 25.5493], [-108.9831, 25.5444], [-108.9805, 25.5446], [-108.9715, 25.5636], [-108.9715, 25.5847], [-108.9677, 25.5888], [-108.9598, 25.5905], [-108.9066, 25.6391], [-108.8964, 25.653], [-108.8954, 25.6585], [-108.8989, 25.6662], [-108.8964, 25.6728], [-108.8878, 25.6782], [-108.8833, 25.6784], [-108.8805, 25.6849], [-108.8827, 25.7172], [-108.8731, 25.7367], [-108.8333, 25.7689], [-108.8281, 25.7895], [-108.838, 25.8046], [-108.8498, 25.7927], [-108.8719, 25.7523], [-108.8861, 25.7322], [-108.9009, 25.7007], [-108.9169, 25.6872], [-108.941, 25.677], [-108.9894, 25.663], [-109.0097, 25.6496], [-109.0417, 25.6047], [-109.0621, 25.5903], [-109.0882, 25.5977], [-109.1137, 25.5844], [-109.1313, 25.5834], [-109.1444, 25.5947], [-109.1565, 25.6182], [-109.1644, 25.6388], [-109.1712, 25.6487], [-109.1807, 25.653], [-109.1932, 25.6554], [-109.2245, 25.6689], [-109.2502, 25.6862], [-109.2544, 25.6817], [-109.2517, 25.6702], [-109.2459, 25.6592], [-109.2377, 25.6508], [-109.1693, 25.598], [-109.1527, 25.5765], [-109.1565, 25.5568], [-109.1799, 25.5764], [-109.2016, 25.604], [-109.2275, 25.6286], [-109.2629, 25.6393], [-109.3739, 25.6372], [-109.4103, 25.6461], [-109.3872, 25.6608], [-109.3593, 25.6684], [-109.3295, 25.6682], [-109.3005, 25.6592], [-109.3016, 25.6763], [-109.3005, 25.6933], [-109.2978, 25.6981], [-109.2888, 25.7057], [-109.2869, 25.7107], [-109.288, 25.7167], [-109.2931, 25.7211], [-109.3026, 25.7355], [-109.3218, 25.7482], [-109.3436, 25.7585], [-109.3595, 25.7629], [-109.378, 25.7618], [-109.3895, 25.7564], [-109.3952, 25.7437], [-109.3959, 25.6859], [-109.3996, 25.6785], [-109.4103, 25.6933], [-109.4053, 25.7112], [-109.4036, 25.7366], [-109.4062, 25.7592], [-109.4141, 25.769], [-109.4352, 25.7763], [-109.4405, 25.7934], [-109.4369, 25.8138], [-109.4254, 25.8523], [-109.4205, 25.861], [-109.4184, 25.862], [-109.4191, 25.8959], [-109.4308, 25.9205], [-109.4378, 25.9427], [-109.4395, 25.9613], [-109.4377, 26.0055], [-109.4333, 26.0217], [-109.3967, 26.0769], [-109.3593, 26.114], [-109.3424, 26.1348], [-109.3297, 26.1751], [-109.2696, 26.2774], [-109.2663, 26.2935], [-109.2622, 26.3041], [-109.2547, 26.302], [-109.2513, 26.2895], [-109.2621, 26.268], [-109.2751, 26.2551], [-109.2838, 26.2402], [-109.288, 26.2261], [-109.2869, 26.2045], [-109.2955, 26.1726], [-109.2906, 26.1632], [-109.2804, 26.1606], [-109.2728, 26.168], [-109.2681, 26.1799], [-109.2617, 26.2104], [-109.2316, 26.2625], [-109.227, 26.281], [-109.2254, 26.3345], [-109.2167, 26.344], [-109.1969, 26.3438], [-109.1761, 26.3382], [-109.1639, 26.3314], [-109.1561, 26.3123], [-109.1571, 26.2928], [-109.1649, 26.2769], [-109.177, 26.2687], [-109.177, 26.2625], [-109.1561, 26.2548], [-109.1094, 26.2165], [-109.095, 26.2147], [-109.0937, 26.2254], [-109.1078, 26.2493], [-109.1087, 26.2625], [-109.101, 26.2688], [-109.0898, 26.2717], [-109.083, 26.277], [-109.0882, 26.2904], [-109.1161, 26.2889], [-109.1567, 26.3642], [-109.1844, 26.3786], [-109.1765, 26.3709], [-109.1702, 26.3587], [-109.2013, 26.366], [-109.2117, 26.3649], [-109.2401, 26.3355], [-109.2496, 26.3345], [-109.253, 26.3491], [-109.239, 26.4195], [-109.2448, 26.4587], [-109.2557, 26.498], [-109.2774, 26.5218], [-109.3142, 26.5687], [-109.3579, 26.5974], [-109.3871, 26.638], [-109.4174, 26.662], [-109.4466, 26.6718], [-109.4752, 26.6749], [-109.4828, 26.6822], [-109.4717, 26.6848], [-109.4285, 26.6719], [-109.4338, 26.6901], [-109.4414, 26.6942], [-109.4356, 26.7036], [-109.4414, 26.7146], [-109.4735, 26.7176], [-109.4805, 26.7286], [-109.4834, 26.7426], [-109.4951, 26.7374], [-109.5062, 26.7291], [-109.512, 26.7473], [-109.5289, 26.7514], [-109.5499, 26.728], [-109.5528, 26.717], [-109.5452, 26.7118], [-109.5219, 26.7082], [-109.5184, 26.702], [-109.5218, 26.6957], [-109.5236, 26.6884], [-109.5037, 26.6785], [-109.4932, 26.6765], [-109.4944, 26.6692], [-109.5306, 26.6842], [-109.6046, 26.6966], [-109.6478, 26.6934], [-109.6618, 26.684], [-109.6641, 26.6741], [-109.6944, 26.6782], [-109.7684, 26.7065], [-109.7846, 26.7194], [-109.8315, 26.7657], [-109.8563, 26.801], [-109.8716, 26.8708], [-109.8865, 26.892], [-109.9005, 26.9229], [-109.9038, 26.9378], [-109.9112, 26.952], [-109.9456, 26.9971], [-109.9418, 27.0074], [-109.9042, 26.9544], [-109.8833, 26.9409], [-109.9084, 26.9967], [-109.9091, 27.0173], [-109.917, 27.0601], [-109.9522, 27.0986], [-109.9662, 27.1089], [-109.9822, 27.1151], [-109.9992, 27.1182], [-110.0165, 27.119], [-110.0238, 27.1174], [-110.0385, 27.108], [-110.0521, 27.0903], [-110.0623, 27.0817], [-110.0908, 27.1027], [-110.2168, 27.1346], [-110.2876, 27.1484], [-110.3367, 27.1721], [-110.4037, 27.2454], [-110.4479, 27.2743], [-110.4648, 27.2833], [-110.5004, 27.2911], [-110.5223, 27.2904], [-110.5244, 27.3001], [-110.4384, 27.2927], [-110.4256, 27.3019], [-110.4451, 27.3177], [-110.4711, 27.3459], [-110.4792, 27.3586], [-110.4735, 27.3703], [-110.4735, 27.3769], [-110.4874, 27.3813], [-110.4997, 27.3934], [-110.5185, 27.3791], [-110.5304, 27.3732], [-110.5406, 27.3723], [-110.5509, 27.3774], [-110.5548, 27.3848], [-110.5543, 27.4101], [-110.5585, 27.4344], [-110.5874, 27.4494], [-110.5888, 27.5119], [-110.598, 27.5437], [-110.6267, 27.6085], [-110.6271, 27.6411], [-110.617, 27.6575], [-110.5992, 27.6646], [-110.579, 27.6684], [-110.5679, 27.6814], [-110.5701, 27.6974], [-110.5819, 27.7001], [-110.5956, 27.6935], [-110.6033, 27.6814], [-110.5947, 27.7145], [-110.589, 27.7224], [-110.5758, 27.728], [-110.5535, 27.7325], [-110.5481, 27.7428], [-110.5819, 27.7448], [-110.5995, 27.7523], [-110.6017, 27.7671], [-110.589, 27.7912], [-110.6033, 27.7932], [-110.6129, 27.8009], [-110.6156, 27.8122], [-110.6095, 27.8248], [-110.604, 27.8151], [-110.5972, 27.8129], [-110.5915, 27.8176], [-110.5866, 27.8371], [-110.5801, 27.8389], [-110.5712, 27.838], [-110.5211, 27.8446], [-110.5084, 27.8537], [-110.5133, 27.8732], [-110.5333, 27.866], [-110.5917, 27.8875], [-110.6163, 27.8862], [-110.6041, 27.8756], [-110.6091, 27.8708], [-110.6238, 27.873], [-110.6547, 27.8922], [-110.671, 27.8984], [-110.7419, 27.9141], [-110.777, 27.9169], [-110.8121, 27.9145], [-110.8491, 27.9067], [-110.8491, 27.9141], [-110.8385, 27.9166], [-110.8082, 27.9278], [-110.82, 27.9503], [-110.8218, 27.9722], [-110.8271, 27.9829], [-110.8389, 27.9894], [-110.8507, 27.9891], [-110.8559, 27.9793], [-110.8566, 27.9516], [-110.8606, 27.9349], [-110.8709, 27.9206], [-110.8907, 27.8998], [-110.8758, 27.9019], [-110.8674, 27.8984], [-110.8636, 27.8898], [-110.8628, 27.8763], [-110.8672, 27.8631], [-110.8768, 27.8471], [-110.8863, 27.8389], [-110.8907, 27.8489], [-110.8951, 27.8508], [-110.918, 27.8794], [-110.9232, 27.8815], [-110.9391, 27.8834], [-110.9459, 27.8862], [-110.9582, 27.9023], [-110.9658, 27.9067], [-110.9532, 27.9166], [-110.9476, 27.9191], [-110.9385, 27.9204], [-110.9554, 27.9365], [-110.9759, 27.9521], [-110.9993, 27.9641], [-111.021, 27.9619], [-111.0406, 27.9559], [-111.0591, 27.937], [-111.105, 27.9354], [-111.1021, 27.9448], [-111.0952, 27.9517], [-111.104, 27.9621], [-111.1186, 27.9698], [-111.1284, 27.969], [-111.1426, 27.9841], [-111.1718, 27.9901], [-111.1835, 28.0064], [-111.2205, 28.0443], [-111.2507, 28.052], [-111.2633, 28.0735], [-111.2818, 28.0915], [-111.3004, 28.1293], [-111.3326, 28.1604], [-111.3404, 28.2053], [-111.3494, 28.2158], [-111.3668, 28.2158], [-111.3728, 28.2177], [-111.3848, 28.2416], [-111.3883, 28.2634], [-111.3941, 28.2738], [-111.4388, 28.3085], [-111.4518, 28.3256], [-111.4583, 28.3472], [-111.4521, 28.3588], [-111.4423, 28.3693], [-111.4381, 28.3871], [-111.4735, 28.381], [-111.5862, 28.4154], [-111.6495, 28.4444], [-111.6737, 28.4523], [-111.7084, 28.4601], [-111.7236, 28.5012], [-111.7419, 28.5396], [-111.7606, 28.584], [-111.9204, 28.72], [-111.9401, 28.7464], [-111.9494, 28.7565], [-111.9451, 28.7634], [-111.9329, 28.7634], [-111.9214, 28.7678], [-111.9035, 28.7797], [-111.8944, 28.7807], [-111.8764, 28.7528], [-111.8671, 28.7496], [-111.8612, 28.7532], [-111.8575, 28.7623], [-111.856, 28.7736], [-111.8571, 28.7844], [-111.8682, 28.8031], [-111.8836, 28.8033], [-111.902, 28.8], [-111.925, 28.8017], [-111.9529, 28.825], [-111.9673, 28.8413], [-112.0045, 28.8552], [-112.0303, 28.8614], [-112.0353, 28.8806], [-112.0489, 28.8859], [-112.0468, 28.8959], [-112.0611, 28.9085], [-112.084, 28.9235], [-112.0989, 28.9509], [-112.1055, 28.9574], [-112.1156, 28.9618], [-112.1292, 28.9643], [-112.1507, 28.963], [-112.1665, 28.9667], [-112.1708, 28.973], [-112.1522, 28.9874], [-112.1709, 29.0472], [-112.1731, 29.0704], [-112.186, 29.0747], [-112.1839, 29.0842], [-112.1649, 29.1099], [-112.1661, 29.1204], [-112.1775, 29.1406], [-112.1948, 29.1575], [-112.1911, 29.1669], [-112.2091, 29.181], [-112.227, 29.1884], [-112.2136, 29.2278], [-112.2114, 29.2528], [-112.2395, 29.3153], [-112.2635, 29.33], [-112.314, 29.3305], [-112.3233, 29.3268], [-112.3305, 29.3211], [-112.3321, 29.3164], [-112.3295, 29.3083], [-112.3331, 29.2965], [-112.3413, 29.3009], [-112.3568, 29.3188], [-112.3939, 29.3328], [-112.4112, 29.3447], [-112.4198, 29.3759], [-112.4074, 29.4044], [-112.3854, 29.4432], [-112.3778, 29.4628], [-112.3778, 29.4857], [-112.3871, 29.4983], [-112.408, 29.5027], [-112.4196, 29.5102], [-112.4305, 29.5202], [-112.4291, 29.5416], [-112.432, 29.5612], [-112.4666, 29.5856], [-112.506, 29.6169], [-112.5359, 29.6882], [-112.5438, 29.6982], [-112.5605, 29.6963], [-112.5802, 29.718], [-112.587, 29.7327], [-112.5958, 29.7713], [-112.6103, 29.7919], [-112.6265, 29.8099], [-112.6379, 29.8259], [-112.6583, 29.8835], [-112.6695, 29.8976], [-112.6863, 29.9078], [-112.6934, 29.9032], [-112.7093, 29.91], [-112.7296, 29.903], [-112.7463, 29.9105], [-112.7515, 29.9243], [-112.7393, 29.9412], [-112.7445, 29.9588], [-112.736, 29.9878], [-112.7305, 30.0134], [-112.7379, 30.028], [-112.7588, 30.0592], [-112.7596, 30.0761], [-112.7528, 30.1294], [-112.7532, 30.1859], [-112.7643, 30.2115], [-112.7796, 30.2299], [-112.8089, 30.2586], [-112.8288, 30.2692], [-112.8463, 30.2716], [-112.8549, 30.2628], [-112.8608, 30.269], [-112.8486, 30.2885], [-112.8466, 30.3193], [-112.8477, 30.3613], [-112.856, 30.4006], [-112.8707, 30.4285], [-112.9154, 30.4751], [-112.9865, 30.5324], [-113.0413, 30.6085], [-113.0799, 30.6704], [-113.1139, 30.7812], [-113.1288, 30.8124], [-113.1109, 30.8433], [-113.0999, 30.9068], [-113.0974, 30.946], [-113.0999, 30.9792], [-113.1308, 31.0505], [-113.131, 31.065], [-113.1229, 31.0669], [-113.1162, 31.0569], [-113.0898, 30.9931], [-113.0832, 30.9894], [-113.0768, 30.9971], [-113.0559, 31.0307], [-113.0535, 31.1234], [-113.0487, 31.1567], [-113.0694, 31.1722], [-113.0917, 31.2022], [-113.1169, 31.2176], [-113.1455, 31.2193], [-113.1439, 31.2099], [-113.1167, 31.1976], [-113.121, 31.19], [-113.1387, 31.1955], [-113.197, 31.2252], [-113.2086, 31.2484], [-113.222, 31.2604], [-113.2329, 31.288], [-113.2458, 31.2869], [-113.2617, 31.2806], [-113.276, 31.2783], [-113.2643, 31.2628], [-113.252, 31.256], [-113.2379, 31.2518], [-113.2293, 31.2451], [-113.2414, 31.2412], [-113.2784, 31.2506], [-113.434, 31.2762], [-113.4819, 31.2865], [-113.5489, 31.2957], [-113.5585, 31.3156], [-113.5854, 31.3232], [-113.6223, 31.3256], [-113.6435, 31.3418], [-113.6369, 31.3476], [-113.6184, 31.3449], [-113.6093, 31.3529], [-113.6358, 31.4349], [-113.6347, 31.4656], [-113.6596, 31.4975], [-113.7136, 31.5319], [-113.7575, 31.5492], [-113.7746, 31.5633], [-113.804, 31.5644], [-113.8757, 31.5967], [-113.8849, 31.6147], [-113.913, 31.6046], [-113.9262, 31.6015], [-113.9395, 31.6004], [-113.9578, 31.616], [-113.9625, 31.6552], [-113.9777, 31.6631], [-113.9804, 31.6503], [-113.9799, 31.5959], [-113.9811, 31.5867], [-113.974, 31.5791], [-113.9668, 31.5771], [-113.9614, 31.5781], [-113.96, 31.5799], [-113.951, 31.568], [-113.9629, 31.5629], [-113.9797, 31.5452], [-113.9828, 31.5323], [-113.9927, 31.5271], [-114.0053, 31.5255], [-114.0188, 31.5041], [-114.0289, 31.4915], [-114.1179, 31.4923], [-114.159, 31.4945], [-114.2089, 31.5123], [-114.2319, 31.5305], [-114.2598, 31.5386], [-114.2878, 31.5524], [-114.3121, 31.5759], [-114.3247, 31.5826], [-114.3275, 31.5947], [-114.3605, 31.6084], [-114.4321, 31.6463], [-114.4481, 31.6489], [-114.4612, 31.6673], [-114.4943, 31.6774], [-114.5407, 31.7172], [-114.5847, 31.7608], [-114.6039, 31.7653], [-114.6772, 31.7641], [-114.6868, 31.7655], [-114.6959, 31.7711], [-114.7175, 31.7922], [-114.727, 31.7955], [-114.747, 31.81], [-114.7589, 31.8133], [-114.7936, 31.8166], [-114.8035, 31.8195], [-114.817, 31.8305], [-114.8426, 31.8615], [-114.8551, 31.8679], [-114.8757, 31.873], [-114.9338, 31.9089], [-114.9561, 31.9181], [-114.9913, 31.9248], [-115.0058, 31.9346], [-115.0121, 31.9368], [-115.0157, 31.9422], [-115.0211, 31.9656], [-115.0294, 31.9709], [-115.0352, 31.9661], [-115.0347, 31.9547], [-115.0306, 31.9421], [-115.0162, 31.9191], [-115.012, 31.9147], [-115.0021, 31.9089], [-114.9686, 31.9021], [-114.9513, 31.8945], [-114.9362, 31.8848], [-114.9235, 31.8735], [-114.9134, 31.8611], [-114.889, 31.8564], [-114.87, 31.8399], [-114.8562, 31.8222], [-114.8494, 31.8061], [-114.835, 31.8019], [-114.828, 31.7898], [-114.816, 31.7191], [-114.8074, 31.6983], [-114.793, 31.6793], [-114.7806, 31.6558], [-114.7886, 31.6362], [-114.824, 31.6004], [-114.8411, 31.5668], [-114.8529, 31.5266], [-114.8523, 31.3894], [-114.8752, 31.3287], [-114.8726, 31.2727], [-114.8838, 31.1822], [-114.8887, 31.1629], [-114.884, 31.1207], [-114.8639, 31.0897], [-114.8382, 31.0666], [-114.8135, 31.05], [-114.8149, 31.0428], [-114.8329, 31.0274], [-114.8324, 31.0067], [-114.8218, 30.989], [-114.8035, 30.9766], [-114.7363, 30.9493], [-114.7203, 30.9411], [-114.7105, 30.9184], [-114.7091, 30.885], [-114.7046, 30.8585], [-114.7092, 30.8441], [-114.6969, 30.82], [-114.7006, 30.7748], [-114.6872, 30.745], [-114.6937, 30.7363], [-114.7055, 30.7117], [-114.6919, 30.671], [-114.6985, 30.6372], [-114.6843, 30.6068], [-114.6496, 30.5546], [-114.6453, 30.5241], [-114.6306, 30.4949], [-114.6302, 30.4806], [-114.6381, 30.4633], [-114.6366, 30.4418], [-114.6295, 30.4248], [-114.6345, 30.3968], [-114.6406, 30.3752], [-114.6353, 30.3646], [-114.644, 30.3137], [-114.6515, 30.2965], [-114.6527, 30.2883], [-114.6509, 30.277], [-114.6401, 30.2638], [-114.6553, 30.2134], [-114.6657, 30.1996], [-114.6603, 30.1833], [-114.6526, 30.1748], [-114.6422, 30.155], [-114.6307, 30.1445], [-114.6308, 30.1324], [-114.6246, 30.1175], [-114.6045, 30.1107], [-114.5966, 30.0895], [-114.5804, 30.0726], [-114.5814, 30.0511], [-114.5581, 30.0176], [-114.5331, 29.968], [-114.4813, 29.9473], [-114.4727, 29.919], [-114.4593, 29.9101], [-114.4277, 29.9073], [-114.4088, 29.8809], [-114.4151, 29.8548], [-114.403, 29.8328], [-114.3963, 29.8272], [-114.4032, 29.8268], [-114.4086, 29.8214], [-114.4094, 29.8154], [-114.3983, 29.8097], [-114.3961, 29.8052], [-114.3958, 29.7961], [-114.3922, 29.783], [-114.3813, 29.7745], [-114.3711, 29.7702], [-114.3631, 29.7721], [-114.3533, 29.768], [-114.3459, 29.7587], [-114.3458, 29.7516], [-114.3395, 29.7447], [-114.3225, 29.7411], [-114.297, 29.7424], [-114.2888, 29.7483], [-114.2861, 29.7566], [-114.2923, 29.7571], [-114.294, 29.7613], [-114.2929, 29.7666], [-114.2855, 29.7657], [-114.2805, 29.7721], [-114.2786, 29.7704], [-114.2737, 29.7702], [-114.2712, 29.7721], [-114.2658, 29.7692], [-114.2633, 29.7647], [-114.2602, 29.7654], [-114.2575, 29.7604], [-114.2435, 29.763], [-114.2359, 29.7586], [-114.2277, 29.75], [-114.2211, 29.7491], [-114.2203, 29.7464], [-114.2085, 29.7448], [-114.2033, 29.7397], [-114.2003, 29.7274], [-114.1962, 29.7219], [-114.1905, 29.72], [-114.1872, 29.7143], [-114.1833, 29.7128], [-114.1817, 29.7095], [-114.1754, 29.7047], [-114.1649, 29.7002], [-114.1606, 29.6923], [-114.1578, 29.6904], [-114.1504, 29.694], [-114.1426, 29.6907], [-114.1413, 29.6828], [-114.1326, 29.6766], [-114.132, 29.6709], [-114.1266, 29.6704], [-114.1124, 29.6561], [-114.1112, 29.6531], [-114.0974, 29.648], [-114.0902, 29.6424], [-114.0822, 29.641], [-114.0627, 29.6293], [-114.0594, 29.6167], [-114.0504, 29.6052], [-114.0463, 29.5964], [-114.0304, 29.5932], [-114.0277, 29.5873], [-114.023, 29.5842], [-114.0225, 29.5813], [-114.0149, 29.578], [-113.9943, 29.577], [-113.9813, 29.5679], [-113.9655, 29.5467], [-113.9581, 29.5402], [-113.952, 29.5388], [-113.9431, 29.5248], [-113.9305, 29.5202], [-113.8975, 29.4857], [-113.8803, 29.4771], [-113.865, 29.4637], [-113.8387, 29.4566], [-113.8319, 29.4502], [-113.8327, 29.4352], [-113.8248, 29.4299], [-113.8131, 29.4282], [-113.8039, 29.4244], [-113.7966, 29.4164], [-113.7874, 29.4148], [-113.7709, 29.4078], [-113.6808, 29.316], [-113.6485, 29.294], [-113.6363, 29.2822], [-113.6316, 29.264], [-113.6249, 29.2586], [-113.6231, 29.2527], [-113.6385, 29.2405], [-113.6473, 29.228], [-113.6566, 29.2184], [-113.6553, 29.2073], [-113.6383, 29.1986], [-113.6414, 29.1838], [-113.6322, 29.1737], [-113.6285, 29.1753], [-113.6249, 29.1699], [-113.6244, 29.1624], [-113.6084, 29.1634], [-113.6085, 29.1543], [-113.6021, 29.1409], [-113.5911, 29.1291], [-113.5794, 29.1264], [-113.5709, 29.1152], [-113.5643, 29.0916], [-113.5474, 29.0654], [-113.5359, 29.0514], [-113.5396, 29.0396], [-113.55, 29.0386], [-113.5562, 29.028], [-113.5617, 29.0237], [-113.5636, 29.014], [-113.5619, 29.0001], [-113.5497, 28.9932], [-113.545, 28.9755], [-113.5469, 28.959], [-113.5555, 28.9553], [-113.5579, 28.9483], [-113.5465, 28.9333], [-113.5339, 28.9066], [-113.526, 28.9012], [-113.5249, 28.8916], [-113.5048, 28.8893], [-113.4815, 28.8934], [-113.4772, 28.8982], [-113.479, 28.9019], [-113.4722, 28.9152], [-113.4831, 28.9217], [-113.488, 28.9303], [-113.4806, 28.9334], [-113.483, 28.9393], [-113.4787, 28.9462], [-113.4732, 28.9478], [-113.4622, 28.9467], [-113.4501, 28.9423], [-113.4402, 28.9513], [-113.4347, 28.9599], [-113.4262, 28.9491], [-113.4288, 28.9347], [-113.4131, 28.9223], [-113.4063, 28.9271], [-113.4056, 28.933], [-113.3879, 28.9398], [-113.383, 28.9355], [-113.3867, 28.9307], [-113.391, 28.9286], [-113.3942, 28.9131], [-113.3674, 28.9071], [-113.3681, 28.9018], [-113.3791, 28.9002], [-113.3804, 28.8933], [-113.3725, 28.8863], [-113.3683, 28.8777], [-113.3592, 28.8739], [-113.366, 28.8687], [-113.3675, 28.8452], [-113.3706, 28.8372], [-113.3653, 28.8238], [-113.3518, 28.8184], [-113.3545, 28.8003], [-113.31, 28.8021], [-113.291, 28.819], [-113.2854, 28.8259], [-113.2685, 28.8322], [-113.2604, 28.8401], [-113.2341, 28.8356], [-113.2203, 28.8248], [-113.2142, 28.8173], [-113.2118, 28.8029], [-113.2027, 28.7985], [-113.196, 28.7921], [-113.1999, 28.7798], [-113.1914, 28.7728], [-113.1904, 28.7595], [-113.1942, 28.744], [-113.182, 28.7157], [-113.1759, 28.7135], [-113.1699, 28.6915], [-113.156, 28.6576], [-113.1324, 28.6413], [-113.127, 28.6279], [-113.1316, 28.6046], [-113.1163, 28.5655], [-113.1117, 28.5457], [-113.1143, 28.5281], [-113.103, 28.5046], [-113.0825, 28.4932], [-113.0807, 28.4868], [-113.0632, 28.4797], [-113.0396, 28.4762], [-113.0361, 28.4666], [-113.0016, 28.4556], [-112.9713, 28.4563], [-112.9024, 28.4753], [-112.8856, 28.4634], [-112.8869, 28.456], [-112.876, 28.4505], [-112.8755, 28.4452], [-112.8817, 28.4373], [-112.8799, 28.4346], [-112.8678, 28.4323], [-112.8622, 28.4349], [-112.8579, 28.4412], [-112.8463, 28.4411], [-112.8471, 28.4304], [-112.8447, 28.4224], [-112.8515, 28.4171], [-112.8584, 28.4038], [-112.8542, 28.3979], [-112.8495, 28.3823], [-112.854, 28.3685], [-112.8703, 28.3308], [-112.8743, 28.3079], [-112.8689, 28.2997], [-112.8721, 28.2837], [-112.865, 28.2718], [-112.8531, 28.26], [-112.8392, 28.2524], [-112.8378, 28.2436], [-112.805, 28.2107], [-112.8003, 28.2037], [-112.7918, 28.2015], [-112.7865, 28.1961], [-112.7938, 28.1903], [-112.799, 28.1684], [-112.8039, 28.1626], [-112.8077, 28.1509], [-112.8118, 28.1205], [-112.8014, 28.0858], [-112.7984, 28.0815], [-112.7912, 28.0782], [-112.7896, 28.0675], [-112.797, 28.058], [-112.8037, 28.0457], [-112.8054, 28.0321], [-112.7994, 28.0174], [-112.7857, 28.0029], [-112.7688, 28.0021], [-112.7604, 27.9978], [-112.7612, 27.9844], [-112.7566, 27.9684], [-112.7661, 27.9381], [-112.7622, 27.92], [-112.7617, 27.9076], [-112.763, 27.9012], [-112.7619, 27.8937], [-112.7668, 27.8906], [-112.7732, 27.8639], [-112.7584, 27.8461], [-112.7428, 27.8374], [-112.7386, 27.8296], [-112.7254, 27.8225], [-112.7242, 27.8273], [-112.7194, 27.8262], [-112.7195, 27.8192], [-112.713, 27.8063], [-112.7161, 27.8005], [-112.7151, 27.7839], [-112.7056, 27.7774], [-112.7088, 27.7673], [-112.7035, 27.755], [-112.6703, 27.7177], [-112.6632, 27.715], [-112.6578, 27.7085], [-112.6433, 27.7105], [-112.6368, 27.704], [-112.6327, 27.6943], [-112.6232, 27.6873], [-112.6211, 27.6781], [-112.5996, 27.6666], [-112.598, 27.6543], [-112.5667, 27.6414], [-112.544, 27.6408], [-112.5283, 27.6367], [-112.5158, 27.629], [-112.4852, 27.62], [-112.4561, 27.5978], [-112.4183, 27.5899], [-112.3731, 27.5641], [-112.3547, 27.5473], [-112.3532, 27.5339], [-112.333, 27.5166], [-112.3238, 27.4946], [-112.319, 27.4593], [-112.3206, 27.4438], [-112.299, 27.4051], [-112.3019, 27.3929], [-112.2973, 27.3811], [-112.287, 27.3658], [-112.2708, 27.3576], [-112.2652, 27.342], [-112.258, 27.3306], [-112.2417, 27.3266], [-112.2361, 27.3147], [-112.2302, 27.2911], [-112.2177, 27.2834], [-112.207, 27.2611], [-112.1956, 27.2501], [-112.2028, 27.2306], [-112.2077, 27.2259], [-112.2114, 27.2185], [-112.2128, 27.2105], [-112.1944, 27.199], [-112.1697, 27.1756], [-112.1649, 27.1668], [-112.1549, 27.162], [-112.134, 27.1601], [-112.1145, 27.1421], [-112.0889, 27.1316], [-112.0679, 27.1339], [-112.0644, 27.1285], [-112.0543, 27.124], [-112.0112, 27.1168], [-111.9936, 27.0962], [-111.9599, 27.0956], [-111.9504, 27.0933], [-111.9517, 27.0853], [-111.9465, 27.0793], [-111.9443, 27.0696], [-111.9576, 27.0645], [-111.9702, 27.068], [-111.9866, 27.056], [-112.0031, 27.0357], [-112.012, 27.0145], [-112.0172, 26.9785], [-112.0015, 26.9522], [-111.9834, 26.9409], [-111.9739, 26.9369], [-111.9714, 26.928], [-111.9574, 26.911], [-111.9518, 26.8922], [-111.9417, 26.8867], [-111.9156, 26.8782], [-111.91, 26.8589], [-111.8707, 26.8281], [-111.8634, 26.8052], [-111.8607, 26.7902], [-111.8614, 26.7838], [-111.8724, 26.7765], [-111.8768, 26.7665], [-111.8776, 26.7563], [-111.8902, 26.7629], [-111.9052, 26.7343], [-111.9001, 26.7146], [-111.886, 26.7112], [-111.8635, 26.6931], [-111.853, 26.6773], [-111.8431, 26.6452], [-111.8246, 26.6399], [-111.8117, 26.629], [-111.7982, 26.6126], [-111.7843, 26.5718], [-111.7618, 26.5536], [-111.7358, 26.5397], [-111.7146, 26.5515], [-111.6768, 26.5819], [-111.6801, 26.5937], [-111.6924, 26.603], [-111.7146, 26.6297], [-111.7429, 26.6528], [-111.7571, 26.6594], [-111.7669, 26.6762], [-111.7941, 26.6901], [-111.8074, 26.7155], [-111.8146, 26.7146], [-111.8162, 26.7226], [-111.8136, 26.7311], [-111.817, 26.7392], [-111.8167, 26.7665], [-111.8222, 26.7788], [-111.8233, 26.7922], [-111.8287, 26.8083], [-111.8236, 26.8205], [-111.8369, 26.8346], [-111.8367, 26.8432], [-111.846, 26.8567], [-111.8451, 26.8679], [-111.8522, 26.8739], [-111.8514, 26.8803], [-111.834, 26.8832], [-111.8181, 26.8962], [-111.7951, 26.884], [-111.7924, 26.8754], [-111.7681, 26.8627], [-111.7452, 26.8441], [-111.7291, 26.8224], [-111.7211, 26.8063], [-111.6801, 26.7788], [-111.6673, 26.7806], [-111.6628, 26.7687], [-111.6565, 26.7589], [-111.6489, 26.7529], [-111.6478, 26.7465], [-111.6259, 26.7397], [-111.6231, 26.7332], [-111.6083, 26.7265], [-111.6084, 26.7211], [-111.5723, 26.7076], [-111.5701, 26.7007], [-111.5601, 26.6957], [-111.5643, 26.6712], [-111.566, 26.6493], [-111.563, 26.6258], [-111.5691, 26.5762], [-111.5648, 26.558], [-111.5489, 26.5486], [-111.5037, 26.5331], [-111.4824, 26.5285], [-111.4747, 26.531], [-111.4728, 26.5358], [-111.4602, 26.5377], [-111.461, 26.5297], [-111.4558, 26.5248], [-111.4422, 26.5175], [-111.4489, 26.5139], [-111.4545, 26.5055], [-111.4557, 26.4864], [-111.4682, 26.4664], [-111.4664, 26.4401], [-111.4689, 26.4195], [-111.4616, 26.4001], [-111.4381, 26.386], [-111.4285, 26.3826], [-111.4238, 26.3772], [-111.4228, 26.3718], [-111.4331, 26.368], [-111.4324, 26.3609], [-111.423, 26.3504], [-111.4064, 26.3444], [-111.3937, 26.33], [-111.3879, 26.3142], [-111.3819, 26.2771], [-111.3932, 26.278], [-111.3974, 26.2522], [-111.3882, 26.2427], [-111.3875, 26.2348], [-111.3758, 26.2126], [-111.3797, 26.2001], [-111.3757, 26.1835], [-111.3645, 26.1761], [-111.3587, 26.1626], [-111.3592, 26.1438], [-111.3509, 26.1263], [-111.3418, 26.1104], [-111.322, 26.0982], [-111.3232, 26.0864], [-111.3183, 26.0737], [-111.3195, 26.0636], [-111.3257, 26.059], [-111.3278, 26.048], [-111.3403, 26.0389], [-111.3449, 26.0288], [-111.3375, 26.0129], [-111.3373, 25.9877], [-111.3473, 25.9746], [-111.3603, 25.9641], [-111.3494, 25.9261], [-111.339, 25.9084], [-111.3358, 25.8994], [-111.3325, 25.8849], [-111.3389, 25.8731], [-111.3339, 25.8659], [-111.331, 25.8374], [-111.3234, 25.8326], [-111.3178, 25.8336], [-111.3157, 25.8362], [-111.3087, 25.8313], [-111.2975, 25.8165], [-111.2919, 25.8123], [-111.2968, 25.8075], [-111.3011, 25.8079], [-111.3057, 25.8122], [-111.3069, 25.8174], [-111.3154, 25.82], [-111.3071, 25.7792], [-111.3023, 25.7715], [-111.2894, 25.7642], [-111.2783, 25.7507], [-111.2629, 25.7459], [-111.2556, 25.7417], [-111.2473, 25.7311], [-111.2443, 25.7233], [-111.2366, 25.7198], [-111.232, 25.7238], [-111.225, 25.7244], [-111.2125, 25.7016], [-111.2152, 25.695], [-111.2123, 25.6827], [-111.2004, 25.654], [-111.2, 25.6393], [-111.1917, 25.6148], [-111.1832, 25.6026], [-111.1724, 25.595], [-111.164, 25.5733], [-111.1509, 25.5704], [-111.1457, 25.5662], [-111.1451, 25.5588], [-111.1378, 25.5443], [-111.129, 25.5393], [-111.1239, 25.5303], [-111.1138, 25.5257], [-111.1036, 25.5254], [-111.0998, 25.5294], [-111.0962, 25.526], [-111.0766, 25.5248], [-111.0695, 25.5324], [-111.0675, 25.5297], [-111.0739, 25.5217], [-111.0719, 25.5173], [-111.0634, 25.5152], [-111.0592, 25.5196], [-111.0542, 25.5209], [-111.0487, 25.5163], [-111.0417, 25.5161], [-111.0391, 25.5209], [-111.0355, 25.5208], [-111.0319, 25.5177], [-111.0193, 25.5153], [-111.0146, 25.5059], [-111.0222, 25.4987], [-111.0149, 25.4838], [-111.0147, 25.4775], [-111.0205, 25.4729], [-111.0192, 25.4617], [-111.0263, 25.4586], [-111.0254, 25.4472], [-111.0203, 25.4407], [-111.0134, 25.424], [-111.0038, 25.4167], [-111.0009, 25.3927], [-110.9967, 25.3826], [-110.9823, 25.3594], [-110.9795, 25.3424], [-110.972, 25.3352], [-110.9558, 25.3284], [-110.9566, 25.3227], [-110.9474, 25.3154], [-110.9435, 25.3076], [-110.9468, 25.3054], [-110.9475, 25.298], [-110.9343, 25.2911], [-110.9368, 25.289], [-110.9385, 25.2842], [-110.9347, 25.2778], [-110.9385, 25.2731], [-110.9425, 25.2736], [-110.9473, 25.2618], [-110.9459, 25.2551], [-110.9385, 25.2458], [-110.94, 25.2343], [-110.932, 25.2153], [-110.9228, 25.2103], [-110.9152, 25.192], [-110.9084, 25.1867], [-110.9061, 25.1822], [-110.9127, 25.1779], [-110.9109, 25.1602], [-110.9045, 25.143], [-110.8934, 25.1317], [-110.8801, 25.1265], [-110.881, 25.124], [-110.8742, 25.119], [-110.8752, 25.115], [-110.8737, 25.1105], [-110.8681, 25.1052], [-110.8679, 25.0989], [-110.864, 25.0929], [-110.8616, 25.0792], [-110.8475, 25.0737], [-110.8464, 25.0689], [-110.8295, 25.0647], [-110.8236, 25.0583], [-110.8267, 25.048], [-110.8142, 25.0332], [-110.7945, 25.0306], [-110.7938, 25.0344], [-110.7905, 25.0368], [-110.7834, 25.0327], [-110.7795, 25.0265], [-110.7578, 25.0122], [-110.7597, 25.0065], [-110.7573, 25.0035], [-110.7583, 24.9972], [-110.7511, 24.9937], [-110.7492, 24.9873], [-110.7472, 24.9638], [-110.7345, 24.9523], [-110.7279, 24.9409], [-110.7182, 24.9301], [-110.7192, 24.9242], [-110.7108, 24.9204], [-110.7054, 24.921], [-110.6986, 24.9145], [-110.7085, 24.9088], [-110.7043, 24.907], [-110.7045, 24.9017], [-110.6905, 24.8919], [-110.6907, 24.887], [-110.6839, 24.883], [-110.6875, 24.8799], [-110.688, 24.875], [-110.6829, 24.8654], [-110.6843, 24.8571], [-110.6747, 24.8431], [-110.6737, 24.8298], [-110.6673, 24.823], [-110.6642, 24.811], [-110.657, 24.8069], [-110.6607, 24.7997], [-110.6617, 24.793], [-110.6603, 24.7892], [-110.6639, 24.7757], [-110.6645, 24.7647], [-110.6791, 24.7478], [-110.6872, 24.7307], [-110.691, 24.7192], [-110.6884, 24.7102], [-110.694, 24.6999], [-110.7091, 24.6976], [-110.7235, 24.6812], [-110.7293, 24.6625], [-110.733, 24.6384], [-110.7393, 24.6213], [-110.7398, 24.5882], [-110.7326, 24.5607], [-110.7386, 24.5546], [-110.7286, 24.5223], [-110.7289, 24.516], [-110.7217, 24.5048], [-110.6872, 24.466], [-110.6844, 24.4443], [-110.6921, 24.4355], [-110.6925, 24.424], [-110.6887, 24.4155], [-110.6936, 24.4077], [-110.6815, 24.3906], [-110.6835, 24.3817], [-110.6786, 24.3732], [-110.6818, 24.3607], [-110.6552, 24.329], [-110.6537, 24.3231], [-110.6384, 24.3149], [-110.6415, 24.3092], [-110.6284, 24.2847], [-110.6151, 24.2691], [-110.6099, 24.2537], [-110.598, 24.2471], [-110.581, 24.2403], [-110.5769, 24.2255], [-110.565, 24.2199], [-110.5624, 24.2125], [-110.5116, 24.1957], [-110.4529, 24.1826], [-110.4021, 24.1755], [-110.3302, 24.1772], [-110.3252, 24.1757], [-110.3271, 24.1695], [-110.3378, 24.1608], [-110.3693, 24.1497], [-110.4038, 24.1675], [-110.4324, 24.1736], [-110.4338, 24.1679], [-110.4254, 24.1603], [-110.4294, 24.1452], [-110.421, 24.1365], [-110.4173, 24.128], [-110.4228, 24.1203], [-110.4168, 24.1086], [-110.3927, 24.1062], [-110.3706, 24.1135], [-110.3609, 24.1111], [-110.3504, 24.1145], [-110.3472, 24.1396], [-110.3241, 24.1573], [-110.3061, 24.1767], [-110.3008, 24.217], [-110.3122, 24.2184], [-110.3099, 24.2373], [-110.3246, 24.245], [-110.3216, 24.2486], [-110.3208, 24.2565], [-110.3221, 24.2655], [-110.3278, 24.2677], [-110.3299, 24.2573], [-110.3363, 24.2559], [-110.339, 24.2749], [-110.3347, 24.2811], [-110.3386, 24.2869], [-110.3342, 24.2963], [-110.3381, 24.3016], [-110.336, 24.3105], [-110.3393, 24.3159], [-110.3248, 24.316], [-110.3212, 24.3206], [-110.3292, 24.3234], [-110.3325, 24.3288], [-110.3236, 24.3354], [-110.3091, 24.3376], [-110.3013, 24.3436], [-110.297, 24.3519], [-110.2762, 24.3508], [-110.2499, 24.3458], [-110.2462, 24.3504], [-110.2326, 24.3432], [-110.2288, 24.3357], [-110.2353, 24.3322], [-110.2364, 24.3202], [-110.2308, 24.3132], [-110.2197, 24.3102], [-110.2114, 24.3004], [-110.2, 24.2969], [-110.1922, 24.2904], [-110.1839, 24.2796], [-110.1837, 24.2696], [-110.1728, 24.253], [-110.146, 24.2459], [-110.1259, 24.2279], [-110.1174, 24.2261], [-110.1004, 24.2172], [-110.0872, 24.2158], [-110.0771, 24.2086], [-110.0734, 24.201], [-110.0626, 24.1981], [-110.0589, 24.1906], [-110.0463, 24.1856], [-110.0181, 24.1693], [-110.007, 24.1588], [-110.0026, 24.1371], [-109.9966, 24.1286], [-109.9983, 24.1154], [-109.9939, 24.1107], [-109.9877, 24.0463], [-109.9742, 24.0386], [-109.9529, 24.0379], [-109.9314, 24.0293], [-109.8903, 24.0375], [-109.8529, 24.051], [-109.8283, 24.0628], [-109.8255, 24.0469], [-109.8218, 24.0379], [-109.8111, 24.0323], [-109.8034, 24.0221], [-109.8049, 24.0137], [-109.8097, 24.0102], [-109.8112, 24.0013], [-109.8126, 24.0], [-110.9173, 24.0], [-110.9317, 24.015], [-110.9872, 24.0573], [-111.01, 24.0714], [-111.0166, 24.0852], [-111.0397, 24.1042], [-111.1077, 24.1474], [-111.1742, 24.181], [-111.2274, 24.2175], [-111.4444, 24.3244], [-111.4496, 24.3301], [-111.4373, 24.3274], [-111.3597, 24.2903], [-111.3744, 24.3059], [-111.4123, 24.3253], [-111.4449, 24.3396], [-111.4607, 24.3432], [-111.4781, 24.3548], [-111.4864, 24.3742], [-111.5226, 24.4046], [-111.5417, 24.4155], [-111.5654, 24.4192], [-111.5956, 24.4422], [-111.6194, 24.4731], [-111.6291, 24.5085], [-111.6494, 24.5417], [-111.6535, 24.5522], [-111.6457, 24.5481], [-111.6343, 24.5478], [-111.6471, 24.5625], [-111.6678, 24.5765], [-111.679, 24.5863], [-111.6956, 24.5871], [-111.6952, 24.5715], [-111.6859, 24.5569], [-111.6988, 24.5356], [-111.726, 24.5393], [-111.7372, 24.5467], [-111.7487, 24.5422], [-111.7655, 24.5385], [-111.7883, 24.5422], [-111.8031, 24.5465], [-111.7825, 24.5277], [-111.7617, 24.5152], [-111.7811, 24.5124], [-111.7915, 24.5174], [-111.8129, 24.5059], [-111.8197, 24.5164], [-111.821, 24.534], [-111.8149, 24.5699], [-111.8347, 24.6214], [-111.8489, 24.6537], [-111.8859, 24.6896], [-111.9063, 24.7136], [-111.9292, 24.7305], [-111.9416, 24.7442], [-111.9382, 24.7483], [-111.916, 24.7335], [-111.9122, 24.7366], [-111.9129, 24.7438], [-111.9329, 24.7562], [-111.9528, 24.7748], [-111.9681, 24.7944], [-111.9742, 24.8094], [-111.977, 24.826], [-111.9847, 24.8472], [-111.9957, 24.8658], [-112.0084, 24.8746], [-111.9998, 24.8456], [-111.9958, 24.8194], [-111.9877, 24.7967], [-111.9667, 24.7783], [-111.9884, 24.7647], [-111.9667, 24.7442], [-111.9757, 24.7412], [-111.9836, 24.7428], [-111.9901, 24.7485], [-111.9947, 24.7579], [-112.0116, 24.7394], [-112.0253, 24.7556], [-112.0431, 24.8057], [-112.0338, 24.812], [-112.0293, 24.8202], [-112.0299, 24.8298], [-112.0356, 24.8404], [-112.0513, 24.8301], [-112.0545, 24.8171], [-112.0475, 24.7651], [-112.0431, 24.7535], [-112.0636, 24.7517], [-112.0781, 24.7622], [-112.088, 24.7734], [-112.0943, 24.7872], [-112.0977, 24.8057], [-112.0958, 24.836], [-112.0977, 24.8466], [-112.1035, 24.853], [-112.1169, 24.8571], [-112.1242, 24.874], [-112.1134, 24.8789], [-112.0958, 24.8938], [-112.0902, 24.9012], [-112.0968, 24.9235], [-112.1039, 24.9322], [-112.1035, 24.9404], [-112.0995, 24.9448], [-112.0862, 24.9533], [-112.0824, 24.9603], [-112.0839, 24.9669], [-112.0937, 24.9802], [-112.0969, 24.9996], [-112.1042, 25.0079], [-112.1104, 25.0026], [-112.1202, 24.9881], [-112.1196, 24.9706], [-112.1298, 24.9591], [-112.1373, 24.9461], [-112.1313, 24.9272], [-112.123, 24.9093], [-112.1336, 24.8899], [-112.1449, 24.8741], [-112.1558, 24.8754], [-112.1609, 24.8933], [-112.1539, 24.9318], [-112.1622, 24.9391], [-112.1658, 24.9539], [-112.1603, 24.9595], [-112.1472, 24.9611], [-112.1418, 24.9704], [-112.149, 24.9796], [-112.1307, 25.0093], [-112.1234, 25.0383], [-112.1281, 25.0464], [-112.1208, 25.0622], [-112.1222, 25.0734], [-112.1324, 25.0734], [-112.1327, 25.08], [-112.1425, 25.086], [-112.1355, 25.1107], [-112.1402, 25.1259], [-112.1384, 25.1443], [-112.1306, 25.172], [-112.1177, 25.1994], [-112.0841, 25.2436], [-112.0779, 25.2587], [-112.0742, 25.3727], [-112.0862, 25.3777], [-112.0869, 25.3906], [-112.081, 25.4077], [-112.0726, 25.4166], [-112.0707, 25.4413], [-112.0831, 25.444], [-112.0743, 25.4565], [-112.0308, 25.4736], [-112.0425, 25.4776], [-112.0673, 25.4757], [-112.0794, 25.4711], [-112.0844, 25.481], [-112.0626, 25.4947], [-112.067, 25.5502], [-112.0721, 25.5713], [-112.0647, 25.5917], [-112.0631, 25.6253], [-112.076, 25.7134], [-112.0814, 25.7207], [-112.0895, 25.7154], [-112.087, 25.5932], [-112.0964, 25.5107], [-112.1041, 25.5042], [-112.1051, 25.5157], [-112.0998, 25.5952], [-112.1019, 25.728], [-112.1087, 25.7841], [-112.131, 25.8165], [-112.1396, 25.8575], [-112.1597, 25.8905], [-112.1789, 25.9552], [-112.1983, 25.9951], [-112.2202, 26.0153], [-112.2385, 26.0408], [-112.2641, 26.0541], [-112.2929, 26.0497], [-112.3087, 26.0698], [-112.3129, 26.102], [-112.3212, 26.131], [-112.3435, 26.1781], [-112.3791, 26.2203], [-112.4027, 26.2402], [-112.4427, 26.2607], [-112.453, 26.2629], [-112.4653, 26.2581], [-112.4813, 26.2381], [-112.4983, 26.235], [-112.5568, 26.2724], [-112.5546, 26.2909], [-112.56, 26.3011], [-112.5734, 26.293], [-112.5902, 26.2878], [-112.6049, 26.298], [-112.6128, 26.3163], [-112.6171, 26.3197], [-112.6336, 26.3211], [-112.6763, 26.3193], [-112.6891, 26.3227], [-112.7284, 26.3702], [-112.7861, 26.4047], [-112.8304, 26.4353], [-112.8629, 26.4634], [-112.903, 26.4932], [-112.9534, 26.5185], [-112.9586, 26.5402], [-112.9622, 26.5434], [-112.987, 26.5434], [-113.0037, 26.5498], [-113.0181, 26.5643], [-113.0607, 26.5991], [-113.0589, 26.6119], [-113.0604, 26.6287], [-113.0562, 26.6395], [-113.057, 26.6502], [-113.0636, 26.6568], [-113.1034, 26.7089], [-113.1158, 26.7172], [-113.1265, 26.7304], [-113.1431, 26.7577], [-113.1431, 26.7701], [-113.1405, 26.7817], [-113.1256, 26.7891], [-113.119, 26.7941], [-113.1282, 26.7982], [-113.1364, 26.799], [-113.1637, 26.7891], [-113.1703, 26.7651], [-113.196, 26.7602], [-113.1918, 26.7511], [-113.1926, 26.7436], [-113.2059, 26.7387], [-113.2158, 26.7445], [-113.224, 26.7552], [-113.2298, 26.7668], [-113.2315, 26.7808], [-113.2381, 26.7866], [-113.2315, 26.7916], [-113.2125, 26.7924], [-113.2042, 26.7999], [-113.1811, 26.8148], [-113.1604, 26.8395], [-113.1464, 26.847], [-113.1373, 26.8577], [-113.1315, 26.8759], [-113.1246, 26.8863], [-113.1262, 26.9379], [-113.1314, 26.9551], [-113.1457, 26.9701], [-113.1638, 26.9748], [-113.1794, 26.9669], [-113.1925, 26.9451], [-113.1964, 26.8835], [-113.2042, 26.8535], [-113.2324, 26.8293], [-113.2447, 26.8371], [-113.258, 26.8247], [-113.2638, 26.8115], [-113.2646, 26.7941], [-113.2629, 26.7858], [-113.2654, 26.76], [-113.2705, 26.7525], [-113.2858, 26.7496], [-113.3253, 26.7768], [-113.364, 26.7951], [-113.4196, 26.8058], [-113.471, 26.8046], [-113.5039, 26.7934], [-113.5265, 26.7536], [-113.5423, 26.7421], [-113.543, 26.7192], [-113.5548, 26.7182], [-113.5741, 26.705], [-113.5977, 26.7096], [-113.6371, 26.7255], [-113.6658, 26.7694], [-113.7252, 26.8], [-113.734, 26.8138], [-113.7373, 26.8287], [-113.7541, 26.8606], [-113.7915, 26.92], [-113.8164, 26.949], [-113.8787, 26.9835], [-113.9099, 26.9923], [-113.9598, 26.998], [-113.9747, 26.9935], [-113.9735, 26.9802], [-113.9939, 26.9718], [-114.0052, 26.9774], [-114.0495, 27.018], [-114.0636, 27.0508], [-114.0844, 27.0757], [-114.1144, 27.1055], [-114.147, 27.1235], [-114.182, 27.1396], [-114.2092, 27.1423], [-114.2366, 27.1533], [-114.2741, 27.1489], [-114.2903, 27.1465], [-114.294, 27.1255], [-114.3202, 27.1455], [-114.3508, 27.1658], [-114.3951, 27.1829], [-114.4214, 27.1665], [-114.4351, 27.1764], [-114.4283, 27.1881], [-114.4305, 27.1979], [-114.4298, 27.2089], [-114.4634, 27.2225], [-114.4759, 27.2177], [-114.4875, 27.2381], [-114.4844, 27.3243], [-114.4916, 27.3627], [-114.5065, 27.4062], [-114.5378, 27.4339], [-114.5633, 27.4486], [-114.5811, 27.4508], [-114.5966, 27.4772], [-114.6319, 27.4888], [-114.7158, 27.5219], [-114.7342, 27.5213], [-114.7521, 27.553], [-114.7694, 27.5747], [-114.7817, 27.6028], [-114.8057, 27.621], [-114.8304, 27.6311], [-114.8388, 27.6284], [-114.8449, 27.6161], [-114.8557, 27.6221], [-114.8619, 27.631], [-114.8758, 27.6438], [-114.872, 27.6493], [-114.8581, 27.6392], [-114.8489, 27.6406], [-114.8445, 27.6597], [-114.8476, 27.6713], [-114.8533, 27.6816], [-114.8616, 27.6899], [-114.8724, 27.6951], [-114.8866, 27.6949], [-114.8975, 27.6783], [-114.8998, 27.6641], [-114.9322, 27.6762], [-114.9393, 27.7007], [-114.951, 27.7163], [-114.9741, 27.7241], [-114.9887, 27.7269], [-115.0017, 27.7159], [-115.0227, 27.7403], [-115.0336, 27.7593], [-115.0346, 27.7791], [-115.0463, 27.7954], [-115.0529, 27.8221], [-115.0838, 27.8511], [-115.0559, 27.8603], [-115.0415, 27.8568], [-115.0229, 27.8446], [-115.0143, 27.8303], [-114.9665, 27.8265], [-114.9234, 27.8363], [-114.8841, 27.8305], [-114.8686, 27.8306], [-114.8478, 27.8252], [-114.84, 27.8123], [-114.8192, 27.809], [-114.7861, 27.8153], [-114.7398, 27.8067], [-114.7236, 27.8068], [-114.7189, 27.7966], [-114.709, 27.7918], [-114.692, 27.7878], [-114.6696, 27.7879], [-114.6383, 27.7797], [-114.6045, 27.7744], [-114.5714, 27.7821], [-114.5306, 27.7876], [-114.4991, 27.7741], [-114.4329, 27.8003], [-114.4048, 27.8177], [-114.394, 27.8284], [-114.3813, 27.8365], [-114.3651, 27.8508], [-114.3253, 27.8747], [-114.3163, 27.8747], [-114.3039, 27.8723], [-114.2981, 27.8681], [-114.2906, 27.8334], [-114.3014, 27.8019], [-114.3122, 27.7797], [-114.3048, 27.7648], [-114.2824, 27.7358], [-114.2617, 27.7268], [-114.2402, 27.706], [-114.2237, 27.697], [-114.1956, 27.692], [-114.1766, 27.6796], [-114.1509, 27.6697], [-114.1361, 27.6573], [-114.1195, 27.6358], [-114.1204, 27.6259], [-114.112, 27.6209], [-114.1029, 27.6209], [-114.1055, 27.6102], [-114.1029, 27.6019], [-114.0823, 27.6142], [-114.0749, 27.6225], [-114.074, 27.6291], [-114.0567, 27.6415], [-114.0476, 27.6531], [-114.0434, 27.668], [-114.05, 27.6738], [-114.0575, 27.6697], [-114.06, 27.6763], [-114.0649, 27.6829], [-114.0716, 27.6796], [-114.0782, 27.6804], [-114.0798, 27.6862], [-114.0749, 27.6904], [-114.055, 27.6945], [-114.0484, 27.6911], [-114.0467, 27.6846], [-114.0426, 27.6796], [-114.0302, 27.6829], [-114.0211, 27.6796], [-114.0203, 27.6713], [-114.012, 27.6655], [-113.9947, 27.6589], [-113.9682, 27.6548], [-113.9533, 27.6557], [-113.9359, 27.6788], [-113.931, 27.6879], [-113.9178, 27.697], [-113.9145, 27.7102], [-113.9186, 27.7193], [-113.9294, 27.7268], [-113.9401, 27.7284], [-113.9442, 27.7342], [-113.9591, 27.7408], [-113.9691, 27.7424], [-113.974, 27.7449], [-113.9757, 27.7524], [-113.9831, 27.7573], [-113.9872, 27.7565], [-113.9938, 27.7499], [-114.0029, 27.7507], [-114.0211, 27.7482], [-114.0253, 27.7499], [-114.05, 27.7921], [-114.0592, 27.8012], [-114.0666, 27.8037], [-114.0691, 27.7995], [-114.0567, 27.7755], [-114.0575, 27.7648], [-114.0492, 27.7598], [-114.0426, 27.7507], [-114.0385, 27.7392], [-114.0418, 27.7325], [-114.0492, 27.7325], [-114.0517, 27.7201], [-114.0625, 27.7251], [-114.0724, 27.7251], [-114.0914, 27.7119], [-114.1046, 27.7077], [-114.1171, 27.7094], [-114.1253, 27.7143], [-114.1319, 27.7235], [-114.141, 27.7309], [-114.146, 27.7557], [-114.1724, 27.7888], [-114.1749, 27.8161], [-114.1732, 27.8268], [-114.1666, 27.8342], [-114.1617, 27.845], [-114.1344, 27.8772], [-114.1311, 27.8888], [-114.1352, 27.8929], [-114.1493, 27.8954], [-114.1509, 27.8987], [-114.1369, 27.9062], [-114.1352, 27.9119], [-114.1393, 27.9152], [-114.1484, 27.9185], [-114.1542, 27.9235], [-114.1584, 27.9301], [-114.1542, 27.9367], [-114.1534, 27.945], [-114.1683, 27.9508], [-114.1774, 27.9459], [-114.1782, 27.9384], [-114.1824, 27.931], [-114.1906, 27.9285], [-114.1981, 27.9227], [-114.2088, 27.9177], [-114.2204, 27.9194], [-114.2394, 27.9119], [-114.2567, 27.8921], [-114.2677, 27.8869], [-114.2765, 27.9011], [-114.2705, 27.9297], [-114.2617, 27.9442], [-114.2336, 27.9682], [-114.227, 27.9805], [-114.1857, 28.0227], [-114.1551, 28.0624], [-114.1344, 28.0839], [-114.1199, 28.086], [-114.1138, 28.0604], [-114.1172, 28.0432], [-114.1354, 28.0313], [-114.1461, 28.0218], [-114.1495, 28.0135], [-114.1508, 28.0046], [-114.1387, 27.9885], [-114.1306, 27.9719], [-114.13, 27.9612], [-114.1064, 27.928], [-114.0943, 27.9577], [-114.0916, 27.9761], [-114.0956, 27.9963], [-114.1071, 28.0135], [-114.1179, 28.0111], [-114.1232, 28.0165], [-114.1212, 28.023], [-114.1084, 28.0307], [-114.0943, 28.0242], [-114.0775, 28.0093], [-114.068, 27.9957], [-114.0552, 28.0075], [-114.0397, 28.0277], [-114.0377, 28.0372], [-114.0579, 28.042], [-114.07, 28.0551], [-114.0855, 28.0568], [-114.0997, 28.0551], [-114.1017, 28.099], [-114.1057, 28.1115], [-114.1131, 28.1204], [-114.1057, 28.1347], [-114.0902, 28.1561], [-114.0699, 28.1936], [-114.0575, 28.2063], [-114.0616, 28.2121], [-114.0699, 28.2394], [-114.0782, 28.2468], [-114.0889, 28.2468], [-114.0988, 28.2387], [-114.1099, 28.2418], [-114.1174, 28.2508], [-114.1249, 28.2557], [-114.0812, 28.343], [-114.0608, 28.4047], [-114.0494, 28.4326], [-114.0426, 28.4584], [-114.0509, 28.4742], [-114.0643, 28.4794], [-114.0715, 28.4869], [-114.0682, 28.518], [-114.0773, 28.5238], [-114.0831, 28.5321], [-114.0864, 28.5412], [-114.0963, 28.5519], [-114.1104, 28.5618], [-114.1278, 28.5626], [-114.148, 28.5608], [-114.1601, 28.5662], [-114.155, 28.601], [-114.1573, 28.6257], [-114.1658, 28.647], [-114.1749, 28.6577], [-114.184, 28.6619], [-114.2353, 28.6601], [-114.2462, 28.6533], [-114.2718, 28.6588], [-114.2731, 28.6731], [-114.2692, 28.6751], [-114.2753, 28.6962], [-114.2983, 28.7038], [-114.3141, 28.7263], [-114.3469, 28.7308], [-114.348, 28.7639], [-114.3614, 28.7778], [-114.362, 28.7951], [-114.3709, 28.8132], [-114.3916, 28.8068], [-114.4073, 28.84], [-114.4023, 28.8602], [-114.4193, 28.8785], [-114.4376, 28.8775], [-114.4399, 28.8946], [-114.4594, 28.9107], [-114.4766, 28.9291], [-114.5019, 28.9326], [-114.5159, 28.9297], [-114.5231, 28.9254], [-114.5299, 28.9255], [-114.5428, 28.9344], [-114.5612, 28.9804], [-114.575, 28.9792], [-114.5916, 28.9654], [-114.6038, 28.9976], [-114.6025, 29.0303], [-114.6083, 29.0462], [-114.6182, 29.0631], [-114.6234, 29.0805], [-114.6314, 29.0945], [-114.689, 29.1131], [-114.7049, 29.0961], [-114.722, 29.1175], [-114.7279, 29.1412], [-114.7349, 29.1518], [-114.7438, 29.1876], [-114.7523, 29.1928], [-114.7853, 29.1942], [-114.8294, 29.2316], [-114.8514, 29.2583], [-114.8795, 29.2877], [-114.972, 29.3778], [-115.1042, 29.4189], [-115.1871, 29.4286], [-115.2323, 29.4901], [-115.2857, 29.5299], [-115.3714, 29.557], [-115.4236, 29.5957], [-115.452, 29.6201], [-115.4774, 29.6265], [-115.4986, 29.6114], [-115.5192, 29.6273], [-115.5361, 29.6352], [-115.5481, 29.6534], [-115.5726, 29.6687], [-115.5937, 29.6922], [-115.6221, 29.6953], [-115.6976, 29.7558], [-115.6953, 29.7772], [-115.688, 29.8018], [-115.6858, 29.8306], [-115.6999, 29.898], [-115.7208, 29.9208], [-115.7289, 29.9351], [-115.7443, 29.9475], [-115.7625, 29.9538], [-115.8075, 29.9562], [-115.8112, 29.968], [-115.7904, 30.0381], [-115.7833, 30.0926], [-115.7904, 30.1238], [-115.7926, 30.1295], [-115.8019, 30.1431], [-115.8041, 30.1514], [-115.7972, 30.1958], [-115.7983, 30.2403], [-115.8073, 30.2841], [-115.8259, 30.3177], [-115.8373, 30.3465], [-115.866, 30.3687], [-115.8983, 30.3867], [-115.9329, 30.4002], [-115.9754, 30.4013], [-115.9473, 30.4234], [-115.937, 30.4351], [-115.9338, 30.4497], [-115.9403, 30.4634], [-115.9547, 30.4796], [-115.9725, 30.4928], [-115.9891, 30.4975], [-115.9633, 30.4587], [-115.9617, 30.4422], [-115.9719, 30.4342], [-115.983, 30.432], [-115.9893, 30.4405], [-116.0027, 30.4497], [-116.0102, 30.4437], [-116.0151, 30.4345], [-116.0146, 30.426], [-116.0061, 30.4223], [-115.9964, 30.4105], [-115.9914, 30.3886], [-115.9798, 30.3594], [-116.0045, 30.3592], [-116.0123, 30.3923], [-116.029, 30.4413], [-116.0493, 30.4796], [-116.0311, 30.6271], [-116.0369, 30.7302], [-116.0548, 30.7837], [-116.0579, 30.8025], [-116.068, 30.8132], [-116.1056, 30.8188], [-116.1521, 30.8578], [-116.1758, 30.8601], [-116.2186, 30.9132], [-116.2262, 30.9265], [-116.2497, 30.9568], [-116.2682, 30.9638], [-116.3073, 30.9541], [-116.3354, 30.9563], [-116.3404, 30.9893], [-116.3261, 31.0274], [-116.3094, 31.1485], [-116.3415, 31.2196], [-116.4541, 31.3385], [-116.4976, 31.4068], [-116.5082, 31.4193], [-116.5141, 31.4228], [-116.5301, 31.4403], [-116.5389, 31.4473], [-116.5524, 31.4521], [-116.5721, 31.4669], [-116.5855, 31.4713], [-116.5959, 31.4779], [-116.602, 31.4912], [-116.6091, 31.5014], [-116.647, 31.5284], [-116.6522, 31.5379], [-116.6756, 31.5526], [-116.6811, 31.5663], [-116.6772, 31.5778], [-116.6811, 31.5773], [-116.6676, 31.58], [-116.6445, 31.5795], [-116.6642, 31.6011], [-116.6619, 31.6164], [-116.6481, 31.6592], [-116.6551, 31.678], [-116.6685, 31.697], [-116.6754, 31.7026], [-116.6902, 31.7082], [-116.7153, 31.711], [-116.7412, 31.7385], [-116.7504, 31.7524], [-116.7088, 31.7442], [-116.6788, 31.727], [-116.6613, 31.7234], [-116.6436, 31.7343], [-116.6304, 31.7528], [-116.6196, 31.7717], [-116.6126, 31.801], [-116.61, 31.8226], [-116.6118, 31.8429], [-116.6197, 31.8576], [-116.6569, 31.8639], [-116.6764, 31.8688], [-116.6947, 31.89], [-116.7188, 31.9012], [-116.7353, 31.9035], [-116.7548, 31.9096], [-116.7579, 31.965], [-116.7699, 31.9778], [-116.8039, 31.9787], [-116.8423, 31.9865], [-116.8654, 32.013], [-116.8753, 32.0345], [-116.8869, 32.132], [-116.9227, 32.2194], [-116.9334, 32.2338], [-116.9483, 32.247], [-116.9667, 32.2566], [-117.0099, 32.2651], [-117.025, 32.2769], [-117.0735, 32.3695], [-117.0886, 32.4049], [-117.1184, 32.4545], [-117.1234, 32.4906], [-117.1251, 32.5317], [-114.7243, 32.7128], [-114.7312, 32.6866], [-114.7395, 32.6691], [-114.7512, 32.6522], [-114.7588, 32.6448], [-114.7815, 32.6281], [-114.8027, 32.5945], [-114.7942, 32.5741], [-114.7955, 32.5522], [-114.8094, 32.5113], [-114.8221, 32.5002], [-111.5062, 31.475], [-111.0671, 31.3336], [-111.0063, 31.3272], [-108.2148, 31.3274], [-108.2151, 31.7778], [-106.5172, 31.7738], [-106.5061, 31.7703], [-106.4928, 31.759], [-106.4731, 31.7551], [-106.429, 31.7585], [-106.3918, 31.7459], [-106.3585, 31.7175], [-106.3313, 31.6822], [-106.3123, 31.6486], [-106.2863, 31.5801], [-106.2747, 31.5626], [-106.2327, 31.5199], [-106.2229, 31.5046], [-106.2154, 31.4839], [-106.2092, 31.4773], [-106.1745, 31.4603], [-106.1643, 31.4478], [-106.1411, 31.4392], [-106.0994, 31.4289], [-106.0653, 31.411], [-106.0463, 31.4046], [-106.0211, 31.4022], [-106.0047, 31.3969], [-105.9612, 31.371], [-105.9485, 31.3612], [-105.9418, 31.3524], [-105.9346, 31.3355], [-105.9281, 31.3265], [-105.8971, 31.3095], [-105.897, 31.306], [-105.8801, 31.3009], [-105.862, 31.2884], [-105.7848, 31.211], [-105.7779, 31.1927], [-105.7682, 31.18], [-105.6923, 31.1376], [-105.6752, 31.132], [-105.668, 31.1279], [-105.6438, 31.1037], [-105.6235, 31.0904], [-105.6059, 31.0819], [-105.5909, 31.0714], [-105.5786, 31.0522], [-105.5657, 31.0167], [-105.556, 31.0026], [-105.5308, 30.9917], [-105.4967, 30.9565], [-105.4155, 30.9025], [-105.3762, 30.8596], [-105.3638, 30.8504], [-105.3343, 30.8438], [-105.277, 30.8194], [-105.2595, 30.803], [-105.249, 30.7988], [-105.244, 30.7991], [-105.2329, 30.8091], [-105.2293, 30.8102], [-105.2049, 30.8024], [-105.1953, 30.7879], [-105.1673, 30.7812], [-105.1627, 30.7749], [-105.1609, 30.7641], [-105.1578, 30.7657], [-105.1532, 30.7632], [-105.1404, 30.7505], [-105.1336, 30.7579], [-105.087, 30.7098], [-105.0681, 30.7027], [-105.0495, 30.6993], [-105.028, 30.6901], [-105.0085, 30.677], [-104.9958, 30.6617], [-104.9891, 30.6296], [-104.9828, 30.6207], [-104.9727, 30.618], [-104.9411, 30.6141], [-104.9343, 30.6105], [-104.9282, 30.5995], [-104.8982, 30.5694], [-104.8866, 30.5519], [-104.8797, 30.5109], [-104.863, 30.5024], [-104.8593, 30.4973], [-104.8596, 30.4911], [-104.8652, 30.4799], [-104.8667, 30.473], [-104.8645, 30.462], [-104.8547, 30.4487], [-104.8524, 30.4389], [-104.855, 30.4175], [-104.8533, 30.4122], [-104.8449, 30.401], [-104.8375, 30.3941], [-104.8243, 30.3872], [-104.8183, 30.3805], [-104.8129, 30.3507], [-104.7888, 30.3359], [-104.7741, 30.3116], [-104.7617, 30.2842], [-104.7494, 30.2645], [-104.7246, 30.2522], [-104.7152, 30.244], [-104.6959, 30.2084], [-104.6816, 30.1929], [-104.6787, 30.1704], [-104.6805, 30.1341], [-104.6846, 30.1111], [-104.6986, 30.0753], [-104.7016, 30.0553], [-104.6991, 30.0315], [-104.6805, 29.9765], [-104.6801, 29.9678], [-104.6825, 29.9521], [-104.6805, 29.9423], [-104.6635, 29.9231], [-104.6563, 29.9082], [-104.6376, 29.888], [-104.6238, 29.8415], [-104.6197, 29.8331], [-104.6012, 29.8148], [-104.5836, 29.8026], [-104.5703, 29.7875], [-104.5614, 29.7454], [-104.5437, 29.7164], [-104.5371, 29.7021], [-104.535, 29.6778], [-104.5308, 29.6679], [-104.5166, 29.6543], [-104.4694, 29.6254], [-104.4552, 29.6134], [-104.444, 29.5892], [-104.349, 29.5376], [-104.3385, 29.524], [-104.3206, 29.5323], [-104.2928, 29.5328], [-104.2672, 29.5266], [-104.251, 29.5086], [-104.2271, 29.493], [-104.2187, 29.4898], [-104.2123, 29.4847], [-104.1945, 29.4489], [-104.1616, 29.4168], [-104.1398, 29.4006], [-104.1054, 29.3857], [-104.0573, 29.339], [-104.0191, 29.3203], [-103.9281, 29.293], [-103.8641, 29.2814], [-103.7942, 29.2776], [-103.7837, 29.2748], [-103.7742, 29.2675], [-103.7694, 29.2575], [-103.7777, 29.2353], [-103.7708, 29.2298], [-103.7495, 29.223], [-103.7025, 29.1879], [-103.6731, 29.1736], [-103.585, 29.1547], [-103.558, 29.1562], [-103.5502, 29.1547], [-103.5417, 29.1488], [-103.5356, 29.1351], [-103.5297, 29.1268], [-103.4785, 29.0821], [-103.4357, 29.0611], [-103.4236, 29.0579], [-103.4146, 29.0524], [-103.3866, 29.0288], [-103.3721, 29.0237], [-103.3605, 29.0298], [-103.3517, 29.0394], [-103.3426, 29.0412], [-103.3305, 29.0237], [-103.31, 29.0312], [-103.3162, 29.0101], [-103.3015, 29.0024], [-103.2418, 29.0035], [-103.1871, 28.9902], [-103.148, 28.9851], [-103.1228, 28.9965], [-103.1092, 29.0234], [-103.1047, 29.0579], [-103.0954, 29.0603], [-103.0915, 29.0579], [-103.0856, 29.0757], [-103.0808, 29.0852], [-103.0725, 29.0914], [-103.0326, 29.1102], [-103.0243, 29.1162], [-103.0158, 29.1268], [-102.9884, 29.1771], [-102.9698, 29.1928], [-102.9475, 29.182], [-102.9423, 29.1902], [-102.8969, 29.2203], [-102.8699, 29.2248], [-102.8588, 29.2291], [-102.868, 29.2404], [-102.8921, 29.2544], [-102.8997, 29.2639], [-102.8994, 29.2761], [-102.8855, 29.3148], [-102.8852, 29.3334], [-102.8831, 29.3438], [-102.877, 29.3509], [-102.865, 29.3595], [-102.8599, 29.3612], [-102.8466, 29.3617], [-102.8377, 29.3663], [-102.838, 29.3705], [-102.8456, 29.3847], [-102.8445, 29.3905], [-102.8352, 29.4038], [-102.835, 29.4157], [-102.8411, 29.4383], [-102.8391, 29.452], [-102.8273, 29.4705], [-102.7955, 29.5443], [-102.7865, 29.5505], [-102.7807, 29.5582], [-102.7859, 29.5718], [-102.7765, 29.5759], [-102.7741, 29.5796], [-102.7797, 29.5923], [-102.7676, 29.5973], [-102.7613, 29.6034], [-102.7355, 29.6495], [-102.7313, 29.6506], [-102.7267, 29.6645], [-102.6978, 29.7096], [-102.691, 29.7368], [-102.6835, 29.7437], [-102.6387, 29.7437], [-102.6212, 29.7473], [-102.5853, 29.7647], [-102.5668, 29.7711], [-102.5629, 29.7693], [-102.5583, 29.7591], [-102.5531, 29.7567], [-102.5466, 29.7579], [-102.5311, 29.7699], [-102.5231, 29.7823], [-102.5153, 29.7847], [-102.4061, 29.7773], [-102.3801, 29.8114], [-102.3766, 29.8215], [-102.3745, 29.8481], [-102.3707, 29.8578], [-102.3632, 29.8643], [-102.3398, 29.8706], [-102.3302, 29.8889], [-102.321, 29.8939], [-102.3022, 29.8894], [-102.2762, 29.8695], [-102.2583, 29.8735], [-102.2534, 29.8553], [-102.2398, 29.8491], [-102.2037, 29.8461], [-102.1572, 29.8245], [-102.1456, 29.8157], [-102.1093, 29.8021], [-102.0146, 29.811], [-101.9879, 29.8052], [-101.9722, 29.8182], [-101.9571, 29.814], [-101.9427, 29.8036], [-101.9296, 29.7977], [-101.9109, 29.7999], [-101.9024, 29.8032], [-101.8955, 29.8086], [-101.8874, 29.8123], [-101.8576, 29.8052], [-101.8241, 29.8052], [-101.8127, 29.812], [-101.806, 29.8119], [-101.803, 29.8014], [-101.7945, 29.7959], [-101.6322, 29.7757], [-101.5803, 29.7816], [-101.5649, 29.7865], [-101.554, 29.7967], [-101.5498, 29.8157], [-101.5465, 29.8201], [-101.5392, 29.818], [-101.5319, 29.8111], [-101.5286, 29.8014], [-101.5429, 29.7711], [-101.5218, 29.7659], [-101.5058, 29.7739], [-101.4903, 29.7855], [-101.4709, 29.7915], [-101.4624, 29.7889], [-101.4557, 29.7759], [-101.4461, 29.7711], [-101.4351, 29.7701], [-101.4242, 29.7714], [-101.4051, 29.7784], [-101.4093, 29.7658], [-101.4065, 29.7529], [-101.3996, 29.7407], [-101.3834, 29.7185], [-101.3766, 29.7006], [-101.3644, 29.6767], [-101.3577, 29.6674], [-101.349, 29.6601], [-101.3362, 29.6543], [-101.3098, 29.6545], [-101.3011, 29.6495], [-101.3027, 29.6339], [-101.3109, 29.6128], [-101.3122, 29.5979], [-101.301, 29.5941], [-101.2836, 29.6078], [-101.2588, 29.6202], [-101.2339, 29.6227], [-101.219, 29.6103], [-101.2178, 29.5842], [-101.2265, 29.5545], [-101.2228, 29.5408], [-101.2129, 29.5316], [-101.1914, 29.5281], [-101.1827, 29.5224], [-101.1636, 29.5013], [-101.1348, 29.4877], [-101.0378, 29.4601], [-101.0296, 29.443], [-101.0259, 29.4144], [-101.0222, 29.4005], [-101.0162, 29.3901], [-101.0081, 29.3806], [-100.9983, 29.3725], [-100.9874, 29.3663], [-100.9147, 29.337], [-100.8912, 29.3185], [-100.8718, 29.2965], [-100.8639, 29.2906], [-100.8161, 29.2708], [-100.7961, 29.2577], [-100.7832, 29.2431], [-100.7621, 29.2087], [-100.7701, 29.1873], [-100.7625, 29.1738], [-100.7097, 29.1356], [-100.702, 29.1237], [-100.6782, 29.1194], [-100.669, 29.1162], [-100.6609, 29.1027], [-100.6522, 29.0448], [-100.6328, 29.0052], [-100.6289, 28.9843], [-100.6379, 28.9629], [-100.6308, 28.9567], [-100.6267, 28.9483], [-100.6243, 28.9247], [-100.6188, 28.9179], [-100.607, 28.9101], [-100.595, 28.8993], [-100.5895, 28.8835], [-100.5865, 28.8798], [-100.5662, 28.8698], [-100.5633, 28.8621], [-100.5697, 28.8496], [-100.5662, 28.8425], [-100.5597, 28.8394], [-100.5452, 28.839], [-100.5386, 28.8356], [-100.5345, 28.8302], [-100.5191, 28.805], [-100.4939, 28.7084], [-100.4814, 28.6861], [-100.4449, 28.6438], [-100.4462, 28.6265], [-100.4348, 28.6191], [-100.4115, 28.6093], [-100.4014, 28.6023], [-100.3971, 28.5927], [-100.3988, 28.5686], [-100.3978, 28.5576], [-100.3842, 28.5372], [-100.364, 28.5248], [-100.3226, 28.5104], [-100.3516, 28.4967], [-100.3568, 28.4893], [-100.3555, 28.4782], [-100.3483, 28.4703], [-100.3402, 28.4643], [-100.3363, 28.4586], [-100.3317, 28.422], [-100.3226, 28.3869], [-100.2939, 28.3534], [-100.2786, 28.3311], [-100.2779, 28.3149], [-100.2843, 28.2965], [-100.2751, 28.2772], [-100.2579, 28.2605], [-100.2407, 28.2497], [-100.2059, 28.2429], [-100.2029, 28.2344], [-100.1976, 28.2072], [-100.1892, 28.2013], [-100.1729, 28.1985], [-100.0749, 28.1544], [-100.0565, 28.1379], [-100.0489, 28.116], [-100.048, 28.1025], [-100.0451, 28.0953], [-100.0315, 28.0818], [-100.0176, 28.0709], [-100.0102, 28.0689], [-100.0141, 28.0505], [-100.0006, 28.0204], [-99.9911, 28.0078], [-99.9766, 27.9925], [-99.9619, 27.9875], [-99.9407, 27.9833], [-99.9283, 27.9758], [-99.9397, 27.9611], [-99.9299, 27.9463], [-99.9143, 27.9282], [-99.8968, 27.9129], [-99.8813, 27.9065], [-99.8788, 27.9018], [-99.8913, 27.876], [-99.888, 27.8648], [-99.8709, 27.8545], [-99.8634, 27.8457], [-99.8619, 27.8361], [-99.8647, 27.8143], [-99.8634, 27.8047], [-99.8582, 27.8035], [-99.8448, 27.7936], [-99.833, 27.7822], [-99.8329, 27.7768], [-99.8082, 27.7724], [-99.7954, 27.7619], [-99.7868, 27.7485], [-99.7746, 27.7358], [-99.7652, 27.7312], [-99.7473, 27.726], [-99.7404, 27.7222], [-99.7363, 27.7136], [-99.7307, 27.6918], [-99.7231, 27.6874], [-99.7057, 27.6632], [-99.7004, 27.6592], [-99.6647, 27.6594], [-99.6587, 27.654], [-99.6449, 27.6327], [-99.6335, 27.6331], [-99.6124, 27.6436], [-99.6002, 27.6464], [-99.5902, 27.6421], [-99.5782, 27.6228], [-99.5723, 27.6185], [-99.555, 27.6135], [-99.535, 27.6048], [-99.515, 27.5886], [-99.5072, 27.5738], [-99.5071, 27.5334], [-99.5101, 27.5105], [-99.5095, 27.5], [-99.5037, 27.4956], [-99.4883, 27.4947], [-99.4804, 27.4908], [-99.4764, 27.4825], [-99.4729, 27.4683], [-99.4729, 27.4266], [-99.4757, 27.4148], [-99.4846, 27.3918], [-99.4877, 27.3719], [-99.4929, 27.3588], [-99.494, 27.3482], [-99.4976, 27.3388], [-99.5148, 27.3218], [-99.5214, 27.3113], [-99.4866, 27.2976], [-99.4804, 27.2833], [-99.4661, 27.2765], [-99.4518, 27.2612], [-99.4409, 27.2448], [-99.434, 27.227], [-99.432, 27.2076], [-99.4358, 27.1884], [-99.4503, 27.1452], [-99.4525, 27.125], [-99.4414, 27.1075], [-99.4394, 27.0983], [-99.442, 27.0896], [-99.4617, 27.057], [-99.4399, 27.0289], [-99.4246, 27.0179], [-99.416, 27.0149], [-99.3993, 27.0127], [-99.3928, 27.0048], [-99.3902, 26.9936], [-99.3904, 26.9731], [-99.3862, 26.9622], [-99.3768, 26.9538], [-99.337, 26.9248], [-99.2797, 26.8597], [-99.2628, 26.844], [-99.2483, 26.8271], [-99.2341, 26.7836], [-99.2214, 26.7357], [-99.1811, 26.6299], [-99.1713, 26.564], [-99.1649, 26.5404], [-99.1409, 26.5314], [-99.1151, 26.5256], [-99.103, 26.5121], [-99.0915, 26.484], [-99.0894, 26.4712], [-99.0937, 26.4598], [-99.1025, 26.447], [-99.1089, 26.4343], [-99.1064, 26.423], [-99.0855, 26.4076], [-99.0664, 26.4047], [-99.0476, 26.407], [-99.0279, 26.4062], [-99.023, 26.4034], [-99.0164, 26.3945], [-99.0105, 26.3926], [-98.987, 26.4001], [-98.9628, 26.3995], [-98.9541, 26.3939], [-98.9454, 26.3783], [-98.9299, 26.3922], [-98.893, 26.3678], [-98.8702, 26.3721], [-98.8605, 26.3663], [-98.8508, 26.3641], [-98.8423, 26.3658], [-98.8361, 26.3721], [-98.825, 26.3665], [-98.8103, 26.3724], [-98.8013, 26.3721], [-98.7959, 26.3683], [-98.7808, 26.3517], [-98.7464, 26.3321], [-98.7359, 26.32], [-98.7399, 26.3033], [-98.7262, 26.3044], [-98.7132, 26.3034], [-98.7014, 26.2991], [-98.6915, 26.2902], [-98.7043, 26.2766], [-98.7022, 26.2716], [-98.6853, 26.2685], [-98.6647, 26.2506], [-98.6537, 26.2443], [-98.6406, 26.2418], [-98.5816, 26.2623], [-98.5528, 26.2483], [-98.5215, 26.2409], [-98.4929, 26.2306], [-98.4724, 26.2077], [-98.4565, 26.2259], [-98.4288, 26.2177], [-98.3972, 26.2011], [-98.3693, 26.194], [-98.3773, 26.1736], [-98.3773, 26.1636], [-98.3658, 26.1602], [-98.3393, 26.1599], [-98.3098, 26.1211], [-98.3004, 26.1114], [-98.2227, 26.0754], [-98.1851, 26.0652], [-98.1502, 26.0637], [-98.1031, 26.0749], [-98.0833, 26.0709], [-98.0751, 26.0466], [-98.0655, 26.0422], [-98.0442, 26.0488], [-98.0131, 26.0637], [-97.9992, 26.0643], [-97.9417, 26.0568], [-97.8782, 26.0637], [-97.802, 26.0637], [-97.7823, 26.0586], [-97.7803, 26.0432], [-97.7669, 26.0397], [-97.6796, 26.0346], [-97.6599, 26.0307], [-97.6415, 26.0225], [-97.6226, 26.0091], [-97.6131, 25.996], [-97.6048, 25.98], [-97.5943, 25.9664], [-97.5652, 25.9547], [-97.5203, 25.9128], [-97.5022, 25.9019], [-97.4863, 25.8957], [-97.4694, 25.8929], [-97.4483, 25.8923], [-97.4413, 25.8849], [-97.4357, 25.8693], [-97.4254, 25.8549], [-97.4042, 25.8514], [-97.3999, 25.8551], [-97.3978, 25.8658], [-97.3899, 25.8657], [-97.3831, 25.8605], [-97.376, 25.8467], [-97.366, 25.8439], [-97.3457, 25.8522], [-97.3452, 25.8717], [-97.3523, 25.8945], [-97.3551, 25.9128], [-97.3511, 25.9184], [-97.3284, 25.9333], [-97.311, 25.9221], [-97.2876, 25.9287], [-97.2692, 25.9444], [-97.2664, 25.9606], [-97.2531, 25.9635], [-97.2049, 25.9606], [-97.1393, 25.9658], [-97.1675, 25.8286], [-97.1573, 25.7895]]], [[[-109.8086, 24.1822], [-109.8071, 24.1716], [-109.7984, 24.1552], [-109.8029, 24.1371], [-109.831, 24.1435], [-109.8625, 24.1471], [-109.8739, 24.1517], [-109.8718, 24.1597], [-109.9004, 24.1992], [-109.9239, 24.2666], [-109.9166, 24.2848], [-109.9374, 24.3251], [-109.9332, 24.3744], [-109.9268, 24.3729], [-109.9192, 24.362], [-109.9174, 24.3485], [-109.8922, 24.3163], [-109.8706, 24.2724], [-109.8581, 24.2589], [-109.8426, 24.2303], [-109.8357, 24.2247], [-109.8228, 24.2094], [-109.8086, 24.1822]]], [[[-111.5096, 24.364], [-111.4671, 24.3367], [-111.463, 24.3298], [-111.5328, 24.3583], [-111.5613, 24.3624], [-111.5972, 24.3651], [-111.6384, 24.3557], [-111.6648, 24.3519], [-111.6733, 24.3584], [-111.6655, 24.369], [-111.6578, 24.3752], [-111.646, 24.3711], [-111.6002, 24.3764], [-111.583, 24.3751], [-111.5616, 24.3781], [-111.5096, 24.364]]], [[[-111.7062, 24.3798], [-111.6947, 24.3812], [-111.6923, 24.3739], [-111.6998, 24.3589], [-111.6939, 24.3476], [-111.7013, 24.3309], [-111.7104, 24.3183], [-111.7081, 24.2999], [-111.7388, 24.3381], [-111.7586, 24.3561], [-111.8078, 24.3891], [-111.8716, 24.4391], [-111.908, 24.4574], [-111.9149, 24.4647], [-111.9262, 24.4681], [-111.9408, 24.4836], [-111.9756, 24.4978], [-112.0018, 24.5063], [-112.0068, 24.5144], [-111.989, 24.5277], [-111.9716, 24.5185], [-111.9048, 24.5189], [-111.8812, 24.5176], [-111.8644, 24.5205], [-111.8506, 24.5098], [-111.8373, 24.5128], [-111.8385, 24.5], [-111.831, 24.4863], [-111.8214, 24.4805], [-111.8182, 24.4676], [-111.7755, 24.462], [-111.7535, 24.447], [-111.7242, 24.3962], [-111.7062, 24.3798]]], [[[-110.305, 24.5032], [-110.3023, 24.4888], [-110.2959, 24.4769], [-110.2879, 24.4697], [-110.2923, 24.4582], [-110.3065, 24.4565], [-110.3127, 24.4467], [-110.3079, 24.4327], [-110.3172, 24.4262], [-110.3226, 24.4173], [-110.3265, 24.4007], [-110.348, 24.4025], [-110.3489, 24.4114], [-110.3527, 24.418], [-110.3488, 24.4296], [-110.3551, 24.4351], [-110.3632, 24.4364], [-110.3704, 24.4297], [-110.3757, 24.4468], [-110.3586, 24.4522], [-110.3602, 24.4575], [-110.3671, 24.4588], [-110.3686, 24.4642], [-110.3846, 24.4737], [-110.389, 24.4823], [-110.392, 24.4978], [-110.3876, 24.5056], [-110.3968, 24.5112], [-110.3959, 24.5191], [-110.3829, 24.524], [-110.3762, 24.5308], [-110.3851, 24.5294], [-110.396, 24.535], [-110.3944, 24.5461], [-110.4056, 24.5438], [-110.4077, 24.5513], [-110.4033, 24.5591], [-110.4125, 24.5626], [-110.4157, 24.5696], [-110.4002, 24.5813], [-110.3975, 24.5908], [-110.3865, 24.5869], [-110.3805, 24.575], [-110.3744, 24.5668], [-110.3636, 24.5569], [-110.3605, 24.5467], [-110.364, 24.5325], [-110.3459, 24.5304], [-110.3249, 24.5159], [-110.3152, 24.5046], [-110.305, 24.5032]]], [[[-110.7069, 25.1051], [-110.702, 25.1034], [-110.695, 25.094], [-110.6848, 25.0662], [-110.6686, 25.0528], [-110.6423, 25.0492], [-110.6141, 25.0419], [-110.5931, 25.0344], [-110.5902, 25.0261], [-110.5749, 25.0157], [-110.5757, 25.006], [-110.5684, 24.9977], [-110.5658, 24.9806], [-110.5707, 24.9555], [-110.5534, 24.9258], [-110.5485, 24.9115], [-110.5249, 24.88], [-110.5331, 24.8766], [-110.5534, 24.8727], [-110.5627, 24.8738], [-110.5717, 24.8724], [-110.5792, 24.8637], [-110.5835, 24.8662], [-110.5737, 24.8793], [-110.5739, 24.8875], [-110.5954, 24.9002], [-110.6104, 24.9063], [-110.6102, 24.9112], [-110.6203, 24.9167], [-110.6423, 24.9145], [-110.6417, 24.921], [-110.6365, 24.9277], [-110.644, 24.9425], [-110.6547, 24.9461], [-110.6604, 24.9625], [-110.6601, 24.971], [-110.6657, 24.9801], [-110.673, 24.988], [-110.6758, 25.0112], [-110.6822, 25.0203], [-110.6969, 25.0198], [-110.7049, 25.0299], [-110.7133, 25.0292], [-110.7166, 25.0399], [-110.7165, 25.0541], [-110.7131, 25.062], [-110.7135, 25.075], [-110.7087, 25.1022], [-110.7069, 25.1051]]], [[[-112.0781, 24.5848], [-112.0709, 24.5852], [-112.0709, 24.574], [-112.0646, 24.5682], [-112.0575, 24.5537], [-112.0599, 24.5406], [-112.0683, 24.5424], [-112.0913, 24.5515], [-112.1025, 24.5592], [-112.1001, 24.5642], [-112.1056, 24.5838], [-112.1139, 24.5992], [-112.127, 24.6118], [-112.1373, 24.6191], [-112.1465, 24.6187], [-112.1592, 24.643], [-112.172, 24.6467], [-112.1763, 24.6536], [-112.1683, 24.6612], [-112.1663, 24.6709], [-112.1599, 24.6724], [-112.152, 24.6705], [-112.1448, 24.6709], [-112.1384, 24.6803], [-112.1359, 24.698], [-112.1395, 24.7147], [-112.1462, 24.7321], [-112.1558, 24.7434], [-112.1757, 24.7634], [-112.1895, 24.7739], [-112.2139, 24.7848], [-112.2246, 24.7881], [-112.2378, 24.7892], [-112.2505, 24.7878], [-112.2569, 24.7838], [-112.2609, 24.7766], [-112.2578, 24.7516], [-112.2594, 24.7494], [-112.2686, 24.7581], [-112.2725, 24.773], [-112.3046, 24.7922], [-112.3016, 24.8031], [-112.302, 24.8074], [-112.3, 24.81], [-112.29, 24.8125], [-112.2752, 24.8395], [-112.2063, 25.0177], [-112.1907, 25.063], [-112.1632, 25.1563], [-112.1445, 25.2278], [-112.1425, 25.2551], [-112.1378, 25.2653], [-112.1253, 25.2658], [-112.1202, 25.2205], [-112.1435, 25.1628], [-112.156, 25.1408], [-112.1694, 25.0735], [-112.1793, 25.045], [-112.1708, 25.0296], [-112.1673, 25.0194], [-112.1697, 25.006], [-112.1641, 24.9969], [-112.1615, 24.9881], [-112.1618, 24.9744], [-112.1701, 24.9696], [-112.179, 24.9747], [-112.187, 24.9613], [-112.1888, 24.9522], [-112.1874, 24.9217], [-112.1959, 24.9153], [-112.191, 24.8898], [-112.1769, 24.8724], [-112.1826, 24.866], [-112.2043, 24.8669], [-112.2137, 24.8475], [-112.2109, 24.8388], [-112.209, 24.8236], [-112.2062, 24.8174], [-112.1879, 24.8062], [-112.1787, 24.7956], [-112.1711, 24.7945], [-112.1775, 24.7909], [-112.1656, 24.7757], [-112.1621, 24.7597], [-112.139, 24.7379], [-112.1315, 24.7285], [-112.1311, 24.7096], [-112.1271, 24.7064], [-112.1231, 24.7071], [-112.1156, 24.6893], [-112.1316, 24.6669], [-112.14, 24.6593], [-112.1432, 24.6499], [-112.1365, 24.6329], [-112.1035, 24.6172], [-112.0781, 24.5848]]], [[[-108.7993, 25.3941], [-108.7865, 25.3854], [-108.8039, 25.3746], [-108.8366, 25.3881], [-108.8725, 25.4088], [-108.9161, 25.4245], [-108.9325, 25.4273], [-108.994, 25.4267], [-109.008, 25.4326], [-109.0131, 25.4469], [-108.901, 25.4465], [-108.8827, 25.4432], [-108.8316, 25.4264], [-108.8188, 25.4208], [-108.7993, 25.3941]]], [[[-110.8055, 25.6444], [-110.8036, 25.6749], [-110.7825, 25.7103], [-110.7734, 25.7128], [-110.77, 25.6956], [-110.7621, 25.6936], [-110.7667, 25.6758], [-110.7596, 25.6478], [-110.7532, 25.5981], [-110.7653, 25.5939], [-110.7859, 25.6044], [-110.8055, 25.6444]]], [[[-111.0708, 25.9861], [-111.0653, 25.9827], [-111.0674, 25.9658], [-111.0723, 25.9714], [-111.0794, 25.9725], [-111.0868, 25.9819], [-111.0938, 25.9852], [-111.1011, 25.9969], [-111.1123, 25.9967], [-111.1196, 25.9922], [-111.1206, 25.9762], [-111.1307, 25.9618], [-111.1412, 25.9529], [-111.1539, 25.933], [-111.1729, 25.9133], [-111.1808, 25.9025], [-111.1779, 25.8974], [-111.1834, 25.882], [-111.1813, 25.8669], [-111.1887, 25.857], [-111.1979, 25.8563], [-111.2043, 25.8454], [-111.2007, 25.8101], [-111.205, 25.8038], [-111.2133, 25.8159], [-111.2199, 25.8174], [-111.2303, 25.8236], [-111.2297, 25.8309], [-111.2334, 25.8429], [-111.2318, 25.8516], [-111.2183, 25.8717], [-111.2193, 25.8842], [-111.2099, 25.917], [-111.2111, 25.9289], [-111.201, 25.9424], [-111.1966, 25.9546], [-111.1881, 25.9699], [-111.1747, 25.9784], [-111.1693, 25.9876], [-111.172, 26.0027], [-111.1682, 26.0235], [-111.1756, 26.0352], [-111.176, 26.0433], [-111.1618, 26.0454], [-111.1338, 26.0528], [-111.1361, 26.0633], [-111.1275, 26.0683], [-111.12, 26.0612], [-111.1034, 26.0538], [-111.0793, 26.0602], [-111.0745, 26.0688], [-111.0564, 26.0718], [-111.0711, 26.0536], [-111.082, 26.0287], [-111.0812, 25.9987], [-111.07, 25.997], [-111.0708, 25.9861]]], [[[-110.0175, 27.0837], [-109.9852, 27.0696], [-109.9575, 27.052], [-109.938, 27.0212], [-109.9457, 27.0211], [-109.9684, 27.0491], [-109.9914, 27.0642], [-110.0187, 27.0768], [-110.0354, 27.0796], [-110.0444, 27.087], [-110.0368, 27.0893], [-110.0175, 27.0837]]], [[[-110.6046, 27.3825], [-110.5931, 27.417], [-110.5984, 27.3781], [-110.594, 27.3318], [-110.5752, 27.3137], [-110.5307, 27.3004], [-110.5343, 27.2844], [-110.5886, 27.3027], [-110.6042, 27.318], [-110.6066, 27.3586], [-110.6046, 27.3825]]], [[[-115.1739, 28.3088], [-115.1758, 28.2988], [-115.1686, 28.2851], [-115.1627, 28.2613], [-115.1728, 28.2346], [-115.1723, 28.2126], [-115.1588, 28.1928], [-115.1555, 28.1707], [-115.1597, 28.1507], [-115.1558, 28.1408], [-115.1627, 28.1296], [-115.1753, 28.1245], [-115.1765, 28.1168], [-115.1858, 28.1062], [-115.183, 28.0951], [-115.188, 28.0868], [-115.1821, 28.0702], [-115.1883, 28.0563], [-115.1793, 28.0403], [-115.183, 28.0348], [-115.1817, 28.0276], [-115.2063, 28.0379], [-115.2281, 28.0283], [-115.2339, 28.0361], [-115.247, 28.0337], [-115.254, 28.0403], [-115.2618, 28.0701], [-115.2803, 28.0875], [-115.3035, 28.0947], [-115.3217, 28.0868], [-115.3367, 28.0844], [-115.3466, 28.0711], [-115.3581, 28.0826], [-115.3522, 28.1164], [-115.334, 28.1249], [-115.2737, 28.1895], [-115.2398, 28.2336], [-115.2552, 28.2639], [-115.2625, 28.2988], [-115.2571, 28.3274], [-115.2486, 28.3593], [-115.235, 28.3702], [-115.2149, 28.3783], [-115.192, 28.3608], [-115.195, 28.3414], [-115.1841, 28.3147], [-115.1739, 28.3088]]], [[[-112.805, 28.6365], [-112.7912, 28.6229], [-112.783, 28.6176], [-112.7784, 28.6103], [-112.7635, 28.6028], [-112.7601, 28.5949], [-112.7524, 28.5911], [-112.762, 28.582], [-112.7739, 28.5758], [-112.781, 28.581], [-112.7837, 28.586], [-112.7891, 28.5869], [-112.7979, 28.6099], [-112.8106, 28.6184], [-112.8293, 28.6258], [-112.8426, 28.6401], [-112.8678, 28.6433], [-112.8652, 28.6502], [-112.8719, 28.6556], [-112.8845, 28.6702], [-112.8938, 28.6777], [-112.8608, 28.6719], [-112.805, 28.6365]]], [[[-112.5935, 28.7322], [-112.5699, 28.7289], [-112.5575, 28.7338], [-112.548, 28.7285], [-112.5467, 28.7175], [-112.5414, 28.7123], [-112.546, 28.7019], [-112.5457, 28.6866], [-112.5539, 28.6723], [-112.5721, 28.6684], [-112.5947, 28.6731], [-112.6043, 28.6694], [-112.6009, 28.677], [-112.6122, 28.7052], [-112.6131, 28.7258], [-112.6007, 28.728], [-112.5935, 28.7322]]], [[[-112.3097, 28.7464], [-112.3262, 28.7627], [-112.3455, 28.7652], [-112.3591, 28.7582], [-112.367, 28.772], [-112.382, 28.7738], [-112.3992, 28.7926], [-112.4128, 28.8001], [-112.4257, 28.7969], [-112.4358, 28.8019], [-112.455, 28.8006], [-112.4665, 28.8056], [-112.4672, 28.8194], [-112.4938, 28.823], [-112.496, 28.833], [-112.5485, 28.8579], [-112.5622, 28.8692], [-112.5729, 28.8685], [-112.583, 28.8754], [-112.5261, 28.9088], [-112.5107, 28.9284], [-112.5043, 28.9319], [-112.4859, 28.9716], [-112.4897, 28.981], [-112.5002, 28.9904], [-112.5036, 29.0322], [-112.5004, 29.0756], [-112.4921, 29.1176], [-112.4803, 29.1549], [-112.4739, 29.1685], [-112.4647, 29.1818], [-112.453, 29.1935], [-112.4387, 29.2021], [-112.4223, 29.1894], [-112.4015, 29.1894], [-112.3627, 29.2177], [-112.3434, 29.2209], [-112.3161, 29.2203], [-112.2996, 29.2228], [-112.278, 29.2425], [-112.2643, 29.2469], [-112.2672, 29.2381], [-112.2816, 29.2255], [-112.2772, 29.2091], [-112.2657, 29.1978], [-112.2636, 29.1928], [-112.2672, 29.1847], [-112.2686, 29.1753], [-112.2743, 29.1652], [-112.2685, 29.1527], [-112.2727, 29.1377], [-112.2353, 29.0957], [-112.1956, 29.0213], [-112.2135, 28.9867], [-112.2149, 28.9541], [-112.2284, 28.904], [-112.2435, 28.8895], [-112.2377, 28.8763], [-112.2541, 28.8569], [-112.2591, 28.8374], [-112.2713, 28.8236], [-112.2762, 28.8055], [-112.2726, 28.7841], [-112.2611, 28.7803], [-112.2532, 28.7691], [-112.2632, 28.7634], [-112.2747, 28.7684], [-112.2891, 28.763], [-112.3097, 28.7464]]], [[[-113.1178, 29.0563], [-113.1021, 29.0531], [-113.1166, 29.0262], [-113.1144, 29.0137], [-113.1148, 28.9845], [-113.1233, 28.9864], [-113.1358, 29.0003], [-113.1471, 29.0041], [-113.1592, 29.0177], [-113.1907, 29.0288], [-113.1994, 29.0468], [-113.2163, 29.0554], [-113.2295, 29.0596], [-113.2436, 29.0695], [-113.2509, 29.082], [-113.2582, 29.0877], [-113.2629, 29.1029], [-113.2927, 29.1333], [-113.3007, 29.1451], [-113.3125, 29.1463], [-113.3211, 29.1556], [-113.354, 29.1707], [-113.3621, 29.1876], [-113.3872, 29.1972], [-113.4055, 29.212], [-113.431, 29.2428], [-113.4275, 29.252], [-113.4346, 29.2668], [-113.4501, 29.2797], [-113.4819, 29.2784], [-113.4961, 29.2852], [-113.5032, 29.2981], [-113.5046, 29.3166], [-113.5117, 29.3264], [-113.5244, 29.3344], [-113.5316, 29.3492], [-113.5394, 29.3548], [-113.5437, 29.3665], [-113.5586, 29.3782], [-113.5607, 29.3862], [-113.572, 29.3978], [-113.5891, 29.4096], [-113.5934, 29.4336], [-113.5884, 29.4568], [-113.5736, 29.4785], [-113.5646, 29.5077], [-113.5711, 29.54], [-113.5598, 29.5443], [-113.5584, 29.5381], [-113.5491, 29.5331], [-113.5236, 29.5431], [-113.5236, 29.5499], [-113.5109, 29.5493], [-113.5108, 29.5376], [-113.4768, 29.5321], [-113.4328, 29.4925], [-113.4193, 29.4664], [-113.3952, 29.4593], [-113.3945, 29.4512], [-113.3853, 29.4426], [-113.386, 29.4351], [-113.3732, 29.4216], [-113.3611, 29.4019], [-113.3633, 29.3933], [-113.3498, 29.3841], [-113.3731, 29.3612], [-113.376, 29.3439], [-113.3724, 29.3347], [-113.3703, 29.31], [-113.3456, 29.2958], [-113.3066, 29.2903], [-113.2974, 29.2805], [-113.2854, 29.2805], [-113.2769, 29.2891], [-113.2641, 29.2885], [-113.2557, 29.2854], [-113.238, 29.2885], [-113.2211, 29.2891], [-113.2063, 29.2854], [-113.1828, 29.2897], [-113.1685, 29.2761], [-113.1788, 29.2595], [-113.1779, 29.2379], [-113.1714, 29.2261], [-113.1722, 29.1947], [-113.1658, 29.1891], [-113.1707, 29.1786], [-113.1736, 29.157], [-113.1743, 29.1292], [-113.1545, 29.0934], [-113.1574, 29.0836], [-113.1482, 29.0663], [-113.1382, 29.0649], [-113.1248, 29.0606], [-113.1178, 29.0563]]], [[[-114.7101, 31.7637], [-114.6695, 31.7209], [-114.6527, 31.6898], [-114.6661, 31.6898], [-114.678, 31.6944], [-114.6874, 31.7018], [-114.6937, 31.7103], [-114.7156, 31.6952], [-114.7626, 31.7156], [-114.7982, 31.7567], [-114.7861, 31.803], [-114.7552, 31.7978], [-114.7101, 31.7637]]], [[[-118.2205, 29.0152], [-118.2291, 28.996], [-118.2214, 28.9593], [-118.2258, 28.9151], [-118.2514, 28.8845], [-118.2704, 28.8862], [-118.282, 28.8791], [-118.2892, 28.8789], [-118.2888, 28.8681], [-118.2984, 28.8768], [-118.2947, 28.8886], [-118.2836, 28.8926], [-118.2975, 28.9309], [-118.294, 28.9481], [-118.3, 28.9678], [-118.316, 28.9817], [-118.3043, 28.998], [-118.3137, 29.0256], [-118.3235, 29.04], [-118.3555, 29.067], [-118.3582, 29.0837], [-118.3688, 29.1144], [-118.3654, 29.1317], [-118.3568, 29.1495], [-118.3367, 29.1633], [-118.3092, 29.1716], [-118.2963, 29.1862], [-118.2738, 29.1896], [-118.2559, 29.1809], [-118.2837, 29.1519], [-118.2862, 29.1364], [-118.2791, 29.1162], [-118.2672, 29.0981], [-118.2515, 29.0894], [-118.2296, 29.0617], [-118.2205, 29.0152]]], [[[-113.2108, 26.7279], [-113.2025, 26.723], [-113.2034, 26.7172], [-113.1951, 26.7139], [-113.1869, 26.7213], [-113.1802, 26.723], [-113.1744, 26.7204], [-113.1389, 26.6726], [-113.1381, 26.6651], [-113.1464, 26.6651], [-113.1654, 26.6775], [-113.1918, 26.6874], [-113.258, 26.7048], [-113.2646, 26.7089], [-113.258, 26.718], [-113.229, 26.7329], [-113.2108, 26.7279]]], [[[-110.5692, 24.8438], [-110.5652, 24.8409], [-110.5676, 24.8302], [-110.5612, 24.8202], [-110.5614, 24.815], [-110.5681, 24.8152], [-110.5684, 24.8222], [-110.5803, 24.8212], [-110.5868, 24.8289], [-110.5862, 24.8321], [-110.5692, 24.8438]]], [[[-115.7523, 24.9533], [-115.7538, 24.9535], [-115.7538, 24.9544], [-115.7523, 24.9533]]], [[[-110.6965, 25.307], [-110.6907, 25.3127], [-110.6895, 25.3084], [-110.704, 25.2891], [-110.7072, 25.2716], [-110.7198, 25.2593], [-110.7289, 25.26], [-110.7339, 25.2778], [-110.7327, 25.288], [-110.7148, 25.3059], [-110.6965, 25.307]]], [[[-112.0981, 25.4858], [-112.0991, 25.4719], [-112.0978, 25.455], [-112.1008, 25.4121], [-112.1066, 25.3918], [-112.1096, 25.3632], [-112.1043, 25.3423], [-112.1058, 25.3259], [-112.1189, 25.3012], [-112.1175, 25.2839], [-112.1228, 25.2821], [-112.1309, 25.2887], [-112.1381, 25.2973], [-112.1342, 25.3129], [-112.1255, 25.3277], [-112.1177, 25.3606], [-112.1133, 25.4039], [-112.103, 25.4616], [-112.1063, 25.4841], [-112.1029, 25.4889], [-112.0981, 25.4858]]], [[[-111.0435, 25.7067], [-111.0434, 25.7123], [-111.0372, 25.7138], [-111.0313, 25.7036], [-111.0192, 25.6939], [-111.0129, 25.6787], [-111.0163, 25.6693], [-111.0285, 25.6518], [-111.0353, 25.6531], [-111.0477, 25.6706], [-111.0462, 25.6795], [-111.0538, 25.6942], [-111.0591, 25.701], [-111.0595, 25.7082], [-111.0435, 25.7067]]], [[[-111.2532, 25.8015], [-111.2475, 25.7991], [-111.2499, 25.7946], [-111.2447, 25.7868], [-111.248, 25.784], [-111.2469, 25.7763], [-111.2432, 25.7719], [-111.2431, 25.7668], [-111.2459, 25.7657], [-111.2585, 25.7814], [-111.257, 25.8013], [-111.2602, 25.8097], [-111.2582, 25.8128], [-111.2548, 25.8113], [-111.2532, 25.8015]]], [[[-111.2637, 26.135], [-111.2625, 26.1254], [-111.2644, 26.1182], [-111.2672, 26.1151], [-111.2626, 26.1113], [-111.2642, 26.105], [-111.2814, 26.1049], [-111.2862, 26.1031], [-111.2804, 26.1104], [-111.2799, 26.1146], [-111.2866, 26.119], [-111.2866, 26.1258], [-111.2752, 26.1364], [-111.2637, 26.135]]], [[[-112.0901, 27.26], [-112.0641, 27.2415], [-112.0453, 27.2166], [-112.0522, 27.1937], [-112.0663, 27.179], [-112.0874, 27.1829], [-112.097, 27.2245], [-112.1088, 27.2369], [-112.0901, 27.26]]], [[[-111.9011, 27.4492], [-111.8793, 27.4532], [-111.863, 27.4465], [-111.8564, 27.4379], [-111.8596, 27.4301], [-111.8792, 27.4281], [-111.8923, 27.429], [-111.9043, 27.4376], [-111.9011, 27.4492]]], [[[-115.1848, 27.882], [-115.1624, 27.8683], [-115.1593, 27.8599], [-115.1646, 27.8513], [-115.173, 27.8486], [-115.1784, 27.8507], [-115.1822, 27.8687], [-115.1938, 27.8814], [-115.2095, 27.8845], [-115.2204, 27.8886], [-115.218, 27.8961], [-115.1969, 27.8915], [-115.1848, 27.882]]], [[[-111.3874, 27.9881], [-111.3732, 27.9688], [-111.3656, 27.9534], [-111.382, 27.9572], [-111.3951, 27.9794], [-111.3874, 27.9881]]], [[[-115.5793, 28.3141], [-115.5678, 28.3137], [-115.5647, 28.3074], [-115.5755, 28.3073], [-115.5791, 28.3008], [-115.5923, 28.2975], [-115.6027, 28.3043], [-115.604, 28.3101], [-115.601, 28.316], [-115.5938, 28.3172], [-115.5883, 28.3098], [-115.5793, 28.3141]]], [[[-113.5047, 29.0922], [-113.504, 29.088], [-113.5079, 29.0829], [-113.5089, 29.0787], [-113.5041, 29.0753], [-113.506, 29.0626], [-113.5001, 29.0562], [-113.5012, 29.0505], [-113.4968, 29.0484], [-113.4964, 29.0423], [-113.4916, 29.0396], [-113.492, 29.036], [-113.5013, 29.0363], [-113.5068, 29.0397], [-113.5047, 29.0442], [-113.5143, 29.0533], [-113.5094, 29.0608], [-113.5136, 29.0632], [-113.5148, 29.0762], [-113.521, 29.079], [-113.5227, 29.0859], [-113.5271, 29.0923], [-113.5188, 29.0956], [-113.5119, 29.095], [-113.5047, 29.0922]]], [[[-114.4001, 29.9693], [-114.3948, 29.9602], [-114.4071, 29.9586], [-114.422, 29.9662], [-114.4159, 29.9761], [-114.4185, 29.9868], [-114.4018, 29.986], [-114.4001, 29.9693]]], [[[-116.1042, 30.4881], [-116.1042, 30.4826], [-116.1148, 30.482], [-116.1228, 30.4852], [-116.1228, 30.4916], [-116.1144, 30.4962], [-116.1096, 30.4953], [-116.1042, 30.4881]]], [[[-117.2394, 32.3971], [-117.2393, 32.3891], [-117.2432, 32.3887], [-117.248, 32.4073], [-117.2511, 32.411], [-117.2537, 32.4208], [-117.2476, 32.4186], [-117.2394, 32.3971]]]]}}]}